timestamp,datetime,open,high,low,close,volume,created_at
1765267500000,2025-12-09 08:05:00,190.15,190.36,189.92,190.05,3433.7,2025-12-09 08:05:00
1765267800000,2025-12-09 08:10:00,190.06,190.11,189.77,189.96,1642.8,2025-12-09 08:10:00
1765268100000,2025-12-09 08:15:00,189.96,190.33,189.96,190.26,7412.7,2025-12-09 08:15:00
1765268400000,2025-12-09 08:20:00,190.26,190.26,189.53,189.56,3381.4,2025-12-09 08:20:00
1765268700000,2025-12-09 08:25:00,189.57,189.66,189.31,189.31,5209.5,2025-12-09 08:25:00
1765269000000,2025-12-09 08:30:00,189.31,189.41,188.94,189.36,5395.9,2025-12-09 08:30:00
1765269300000,2025-12-09 08:35:00,189.35,189.5,189.09,189.33,3184.8,2025-12-09 08:35:00
1765269600000,2025-12-09 08:40:00,189.33,189.56,189.29,189.56,2797.3,2025-12-09 08:40:00
1765269900000,2025-12-09 08:45:00,189.57,189.86,189.39,189.39,5262.2,2025-12-09 08:45:00
1765270200000,2025-12-09 08:50:00,189.4,189.6,189.4,189.55,3884.9,2025-12-09 08:50:00
1765270500000,2025-12-09 08:55:00,189.55,189.64,189.41,189.46,631.7,2025-12-09 08:55:00
1765270800000,2025-12-09 09:00:00,189.46,189.46,189.09,189.13,5862.5,2025-12-09 09:00:00
1765271100000,2025-12-09 09:05:00,189.13,189.25,188.93,189.23,3997.3,2025-12-09 09:05:00
1765271400000,2025-12-09 09:10:00,189.23,189.27,189.0,189.23,3673.5,2025-12-09 09:10:00
1765271700000,2025-12-09 09:15:00,189.23,189.37,189.09,189.09,2687.6,2025-12-09 09:15:00
1765272000000,2025-12-09 09:20:00,189.1,189.28,188.96,189.28,9014.6,2025-12-09 09:20:00
1765272300000,2025-12-09 09:25:00,189.29,189.32,188.96,189.08,4245.7,2025-12-09 09:25:00
1765272600000,2025-12-09 09:30:00,189.08,189.19,189.01,189.03,5411.8,2025-12-09 09:30:00
1765272900000,2025-12-09 09:35:00,189.03,189.04,188.66,188.66,7405.5,2025-12-09 09:35:00
1765273200000,2025-12-09 09:40:00,188.66,188.69,188.1,188.1,5157.8,2025-12-09 09:40:00
1765273500000,2025-12-09 09:45:00,188.1,188.25,187.88,188.18,4190.6,2025-12-09 09:45:00
1765273800000,2025-12-09 09:50:00,188.19,188.36,188.17,188.24,4021.9,2025-12-09 09:50:00
1765274100000,2025-12-09 09:55:00,188.25,188.26,188.07,188.07,1012.3,2025-12-09 09:55:00
1765274400000,2025-12-09 10:00:00,188.08,188.57,187.86,188.52,4639.7,2025-12-09 10:00:00
1765274700000,2025-12-09 10:05:00,188.53,188.54,187.84,187.84,4560.1,2025-12-09 10:05:00
1765275000000,2025-12-09 10:10:00,187.85,188.6,187.85,188.37,6518.4,2025-12-09 10:10:00
1765275300000,2025-12-09 10:15:00,188.37,188.5,188.19,188.32,2547.3,2025-12-09 10:15:00
1765275600000,2025-12-09 10:20:00,188.33,188.38,188.17,188.29,2467.1,2025-12-09 10:20:00
1765275900000,2025-12-09 10:25:00,188.29,188.52,188.19,188.42,888.2,2025-12-09 10:25:00
1765276200000,2025-12-09 10:30:00,188.42,188.65,188.27,188.46,3964.3,2025-12-09 10:30:00
1765276500000,2025-12-09 10:35:00,188.45,188.56,187.18,187.36,21851.1,2025-12-09 10:35:00
1765276800000,2025-12-09 10:40:00,187.34,188.02,187.13,187.9,9417.3,2025-12-09 10:40:00
1765277100000,2025-12-09 10:45:00,187.89,188.06,187.62,187.86,5590.9,2025-12-09 10:45:00
1765277400000,2025-12-09 10:50:00,187.86,188.15,187.86,187.95,7139.5,2025-12-09 10:50:00
1765277700000,2025-12-09 10:55:00,187.95,188.06,187.71,188.01,4792.9,2025-12-09 10:55:00
1765278000000,2025-12-09 11:00:00,188.01,188.21,187.88,188.13,2629.0,2025-12-09 11:00:00
1765278300000,2025-12-09 11:05:00,188.13,188.2,187.98,188.05,1614.0,2025-12-09 11:05:00
1765278600000,2025-12-09 11:10:00,188.04,188.05,187.89,188.02,2025.3,2025-12-09 11:10:00
1765278900000,2025-12-09 11:15:00,188.02,188.06,187.7,187.76,1991.3,2025-12-09 11:15:00
1765279200000,2025-12-09 11:20:00,187.75,188.06,187.75,187.87,2236.5,2025-12-09 11:20:00
1765279500000,2025-12-09 11:25:00,187.87,188.03,187.84,187.96,711.8,2025-12-09 11:25:00
1765279800000,2025-12-09 11:30:00,187.96,187.96,187.8,187.88,1366.0,2025-12-09 11:30:00
1765280100000,2025-12-09 11:35:00,187.88,188.08,187.87,187.92,3928.8,2025-12-09 11:35:00
1765280400000,2025-12-09 11:40:00,187.93,188.29,187.93,188.29,910.0,2025-12-09 11:40:00
1765280700000,2025-12-09 11:45:00,188.29,188.55,188.12,188.22,5808.6,2025-12-09 11:45:00
1765281000000,2025-12-09 11:50:00,188.23,188.53,188.17,188.44,2652.3,2025-12-09 11:50:00
1765281300000,2025-12-09 11:55:00,188.44,188.79,188.38,188.67,6619.0,2025-12-09 11:55:00
1765281600000,2025-12-09 12:00:00,188.67,188.84,188.39,188.61,5873.6,2025-12-09 12:00:00
1765281900000,2025-12-09 12:05:00,188.61,188.65,188.23,188.49,3645.9,2025-12-09 12:05:00
1765282200000,2025-12-09 12:10:00,188.5,188.65,188.33,188.51,1248.1,2025-12-09 12:10:00
1765282500000,2025-12-09 12:15:00,188.51,189.37,188.51,189.37,6529.8,2025-12-09 12:15:00
1765282800000,2025-12-09 12:20:00,189.38,190.11,189.29,189.67,17134.0,2025-12-09 12:20:00
1765283100000,2025-12-09 12:25:00,189.66,190.01,189.38,189.59,8242.4,2025-12-09 12:25:00
1765283400000,2025-12-09 12:30:00,189.58,189.69,189.21,189.63,14407.7,2025-12-09 12:30:00
1765283700000,2025-12-09 12:35:00,189.63,189.69,189.36,189.5,8449.6,2025-12-09 12:35:00
1765284000000,2025-12-09 12:40:00,189.5,189.87,189.43,189.81,7370.3,2025-12-09 12:40:00
1765284300000,2025-12-09 12:45:00,189.81,190.02,189.65,189.91,6074.6,2025-12-09 12:45:00
1765284600000,2025-12-09 12:50:00,189.92,190.16,189.83,190.0,11101.0,2025-12-09 12:50:00
1765284900000,2025-12-09 12:55:00,190.0,190.03,189.73,189.75,1620.0,2025-12-09 12:55:00
1765285200000,2025-12-09 13:00:00,189.76,189.9,189.43,189.48,3419.7,2025-12-09 13:00:00
1765285500000,2025-12-09 13:05:00,189.49,190.06,189.48,189.95,2182.8,2025-12-09 13:05:00
1765285800000,2025-12-09 13:10:00,189.96,190.12,189.78,189.82,8967.7,2025-12-09 13:10:00
1765286100000,2025-12-09 13:15:00,189.82,190.07,189.6,189.64,6347.6,2025-12-09 13:15:00
1765286400000,2025-12-09 13:20:00,189.65,190.01,189.65,189.99,5086.0,2025-12-09 13:20:00
1765286700000,2025-12-09 13:25:00,189.99,190.53,189.95,190.3,8663.0,2025-12-09 13:25:00
1765287000000,2025-12-09 13:30:00,190.3,190.51,189.67,189.79,7116.5,2025-12-09 13:30:00
1765287300000,2025-12-09 13:35:00,189.79,189.79,188.76,188.91,13426.4,2025-12-09 13:35:00
1765287600000,2025-12-09 13:40:00,188.9,188.91,187.93,187.96,6757.9,2025-12-09 13:40:00
1765287900000,2025-12-09 13:45:00,187.95,188.07,187.64,187.64,21394.2,2025-12-09 13:45:00
1765288200000,2025-12-09 13:50:00,187.63,187.99,187.36,187.56,22537.6,2025-12-09 13:50:00
1765288500000,2025-12-09 13:55:00,187.56,187.76,187.56,187.68,9469.2,2025-12-09 13:55:00
1765288800000,2025-12-09 14:00:00,187.66,188.42,187.6,187.88,17214.3,2025-12-09 14:00:00
1765289100000,2025-12-09 14:05:00,187.83,188.06,187.65,187.65,6538.5,2025-12-09 14:05:00
1765289400000,2025-12-09 14:10:00,187.66,187.89,187.44,187.77,6281.9,2025-12-09 14:10:00
1765289700000,2025-12-09 14:15:00,187.76,187.87,187.53,187.8,3970.9,2025-12-09 14:15:00
1765290000000,2025-12-09 14:20:00,187.79,188.44,187.79,187.98,4933.2,2025-12-09 14:20:00
1765290300000,2025-12-09 14:25:00,187.98,188.21,187.16,188.21,11261.1,2025-12-09 14:25:00
1765290600000,2025-12-09 14:30:00,188.21,188.98,187.52,188.41,18466.3,2025-12-09 14:30:00
1765290900000,2025-12-09 14:35:00,188.42,188.99,188.29,188.36,14010.4,2025-12-09 14:35:00
1765291200000,2025-12-09 14:40:00,188.35,188.45,187.7,188.08,34259.8,2025-12-09 14:40:00
1765291500000,2025-12-09 14:45:00,188.08,188.31,187.92,188.11,10746.9,2025-12-09 14:45:00
1765291800000,2025-12-09 14:50:00,188.11,188.55,187.87,188.52,15651.7,2025-12-09 14:50:00
1765292100000,2025-12-09 14:55:00,188.52,188.92,188.34,188.88,7875.2,2025-12-09 14:55:00
1765292400000,2025-12-09 15:00:00,188.87,192.19,188.57,190.41,55557.7,2025-12-09 15:00:00
1765292700000,2025-12-09 15:05:00,190.4,191.38,188.2,188.59,51947.1,2025-12-09 15:05:00
1765293000000,2025-12-09 15:10:00,188.58,188.82,187.62,187.79,43332.9,2025-12-09 15:10:00
1765293300000,2025-12-09 15:15:00,187.8,189.44,187.63,189.28,17662.1,2025-12-09 15:15:00
1765293600000,2025-12-09 15:20:00,189.27,189.71,188.76,188.83,17436.2,2025-12-09 15:20:00
1765293900000,2025-12-09 15:25:00,188.83,190.7,188.63,189.94,17313.9,2025-12-09 15:25:00
1765294200000,2025-12-09 15:30:00,189.93,190.46,189.78,190.27,11425.9,2025-12-09 15:30:00
1765294500000,2025-12-09 15:35:00,190.26,191.73,190.17,191.41,43539.4,2025-12-09 15:35:00
1765294800000,2025-12-09 15:40:00,191.43,193.7,191.4,193.54,37960.2,2025-12-09 15:40:00
1765295100000,2025-12-09 15:45:00,193.59,194.71,193.25,194.65,45982.9,2025-12-09 15:45:00
1765295400000,2025-12-09 15:50:00,194.64,197.17,194.64,196.26,93131.5,2025-12-09 15:50:00
1765295700000,2025-12-09 15:55:00,196.27,196.43,195.63,196.27,22331.9,2025-12-09 15:55:00
1765296000000,2025-12-09 16:00:00,196.28,198.38,196.28,198.09,65359.3,2025-12-09 16:00:00
1765296300000,2025-12-09 16:05:00,198.09,199.52,198.07,198.63,40178.9,2025-12-09 16:05:00
1765296600000,2025-12-09 16:10:00,198.62,200.38,198.54,200.0,79827.7,2025-12-09 16:10:00
1765296900000,2025-12-09 16:15:00,200.0,200.28,199.09,199.43,55157.2,2025-12-09 16:15:00
1765297200000,2025-12-09 16:20:00,199.44,200.33,199.3,200.06,24144.4,2025-12-09 16:20:00
1765297500000,2025-12-09 16:25:00,200.06,200.21,199.13,199.77,30869.2,2025-12-09 16:25:00
1765297800000,2025-12-09 16:30:00,199.78,202.09,199.7,202.05,73779.5,2025-12-09 16:30:00
1765298100000,2025-12-09 16:35:00,202.05,202.84,201.73,202.18,57064.9,2025-12-09 16:35:00
1765298400000,2025-12-09 16:40:00,202.18,203.27,202.18,203.0,35910.8,2025-12-09 16:40:00
1765298700000,2025-12-09 16:45:00,202.99,203.86,202.07,203.63,68959.4,2025-12-09 16:45:00
1765299000000,2025-12-09 16:50:00,203.61,204.36,203.13,203.48,26096.4,2025-12-09 16:50:00
1765299300000,2025-12-09 16:55:00,203.5,204.9,203.32,204.61,20271.6,2025-12-09 16:55:00
1765299600000,2025-12-09 17:00:00,204.62,205.18,203.69,204.9,31296.6,2025-12-09 17:00:00
1765299900000,2025-12-09 17:05:00,204.89,205.68,204.76,205.23,37589.3,2025-12-09 17:05:00
1765300200000,2025-12-09 17:10:00,205.22,206.33,204.7,205.73,40850.5,2025-12-09 17:10:00
1765300500000,2025-12-09 17:15:00,205.73,206.28,204.55,205.25,27644.3,2025-12-09 17:15:00
1765300800000,2025-12-09 17:20:00,205.25,206.04,203.28,203.9,68706.5,2025-12-09 17:20:00
1765301100000,2025-12-09 17:25:00,203.9,204.9,203.15,204.79,48814.9,2025-12-09 17:25:00
1765301400000,2025-12-09 17:30:00,204.79,205.03,203.07,203.19,11963.9,2025-12-09 17:30:00
1765301700000,2025-12-09 17:35:00,203.19,204.55,203.05,204.2,25657.4,2025-12-09 17:35:00
1765302000000,2025-12-09 17:40:00,204.19,204.93,204.08,204.4,26893.0,2025-12-09 17:40:00
1765302300000,2025-12-09 17:45:00,204.4,205.28,204.01,205.19,14815.7,2025-12-09 17:45:00
1765302600000,2025-12-09 17:50:00,205.19,205.21,204.34,205.02,5578.8,2025-12-09 17:50:00
1765302900000,2025-12-09 17:55:00,205.02,205.18,204.21,205.04,5217.3,2025-12-09 17:55:00
1765303200000,2025-12-09 18:00:00,205.05,205.52,204.97,205.08,7564.7,2025-12-09 18:00:00
1765303500000,2025-12-09 18:05:00,205.08,205.44,204.61,204.94,9495.3,2025-12-09 18:05:00
1765303800000,2025-12-09 18:10:00,204.95,205.81,204.86,205.39,11435.6,2025-12-09 18:10:00
1765304100000,2025-12-09 18:15:00,205.39,205.56,204.84,205.33,9570.9,2025-12-09 18:15:00
1765304400000,2025-12-09 18:20:00,205.33,205.4,204.28,204.49,9223.7,2025-12-09 18:20:00
1765304700000,2025-12-09 18:25:00,204.51,205.38,204.49,205.24,5855.1,2025-12-09 18:25:00
1765305000000,2025-12-09 18:30:00,205.24,205.3,204.49,204.57,3444.3,2025-12-09 18:30:00
1765305300000,2025-12-09 18:35:00,204.56,204.71,204.1,204.45,7462.0,2025-12-09 18:35:00
1765305600000,2025-12-09 18:40:00,204.46,204.76,204.35,204.43,5501.6,2025-12-09 18:40:00
1765305900000,2025-12-09 18:45:00,204.43,204.78,204.05,204.19,3182.8,2025-12-09 18:45:00
1765306200000,2025-12-09 18:50:00,204.2,204.24,203.44,204.04,16108.1,2025-12-09 18:50:00
1765306500000,2025-12-09 18:55:00,204.04,204.35,204.01,204.26,4784.9,2025-12-09 18:55:00
1765306800000,2025-12-09 19:00:00,204.26,204.42,203.32,203.37,3240.0,2025-12-09 19:00:00
1765307100000,2025-12-09 19:05:00,203.37,203.62,203.07,203.57,3929.7,2025-12-09 19:05:00
1765307400000,2025-12-09 19:10:00,203.58,204.27,203.48,204.02,10081.1,2025-12-09 19:10:00
1765307700000,2025-12-09 19:15:00,204.03,204.05,203.7,203.76,7299.2,2025-12-09 19:15:00
1765308000000,2025-12-09 19:20:00,203.76,203.94,203.6,203.92,3462.9,2025-12-09 19:20:00
1765308300000,2025-12-09 19:25:00,203.93,204.47,203.93,204.44,6091.8,2025-12-09 19:25:00
1765308600000,2025-12-09 19:30:00,204.44,204.84,204.23,204.7,7249.9,2025-12-09 19:30:00
1765308900000,2025-12-09 19:35:00,204.72,205.07,204.39,205.04,2821.7,2025-12-09 19:35:00
1765309200000,2025-12-09 19:40:00,205.05,205.26,203.69,204.06,8570.8,2025-12-09 19:40:00
1765309500000,2025-12-09 19:45:00,204.06,204.58,204.02,204.48,3466.1,2025-12-09 19:45:00
1765309800000,2025-12-09 19:50:00,204.5,205.86,204.49,205.45,12378.7,2025-12-09 19:50:00
1765310100000,2025-12-09 19:55:00,205.45,205.45,204.86,204.86,8290.8,2025-12-09 19:55:00
1765310400000,2025-12-09 20:00:00,204.85,205.1,204.3,204.34,11095.7,2025-12-09 20:00:00
1765310700000,2025-12-09 20:05:00,204.33,204.93,204.32,204.78,4921.6,2025-12-09 20:05:00
1765311000000,2025-12-09 20:10:00,204.78,204.99,204.57,204.67,3338.5,2025-12-09 20:10:00
1765311300000,2025-12-09 20:15:00,204.68,204.85,203.24,203.49,6950.4,2025-12-09 20:15:00
1765311600000,2025-12-09 20:20:00,203.49,203.56,201.78,201.88,12665.4,2025-12-09 20:20:00
1765311900000,2025-12-09 20:25:00,201.88,202.52,200.66,202.29,20476.3,2025-12-09 20:25:00
1765312200000,2025-12-09 20:30:00,202.29,202.36,201.14,201.14,13560.8,2025-12-09 20:30:00
1765312500000,2025-12-09 20:35:00,201.14,203.09,201.12,202.55,7916.1,2025-12-09 20:35:00
1765312800000,2025-12-09 20:40:00,202.52,202.84,202.08,202.84,5117.4,2025-12-09 20:40:00
1765313100000,2025-12-09 20:45:00,202.84,203.52,202.67,203.4,3330.3,2025-12-09 20:45:00
1765313400000,2025-12-09 20:50:00,203.4,204.01,202.99,203.14,4748.2,2025-12-09 20:50:00
1765313700000,2025-12-09 20:55:00,203.15,203.76,203.04,203.2,8710.1,2025-12-09 20:55:00
1765314000000,2025-12-09 21:00:00,203.2,203.96,202.93,203.51,6255.3,2025-12-09 21:00:00
1765314300000,2025-12-09 21:05:00,203.5,203.88,202.98,203.13,12539.3,2025-12-09 21:05:00
1765314600000,2025-12-09 21:10:00,203.12,204.13,202.9,203.93,6619.4,2025-12-09 21:10:00
1765314900000,2025-12-09 21:15:00,203.94,204.52,203.86,203.86,13220.6,2025-12-09 21:15:00
1765315200000,2025-12-09 21:20:00,203.86,204.83,203.68,204.79,7373.5,2025-12-09 21:20:00
1765315500000,2025-12-09 21:25:00,204.79,205.05,204.66,204.87,4404.8,2025-12-09 21:25:00
1765315800000,2025-12-09 21:30:00,204.87,205.07,204.32,204.64,4414.9,2025-12-09 21:30:00
1765316100000,2025-12-09 21:35:00,204.64,204.86,204.38,204.73,4550.3,2025-12-09 21:35:00
1765316400000,2025-12-09 21:40:00,204.74,204.96,204.23,204.23,3379.5,2025-12-09 21:40:00
1765316700000,2025-12-09 21:45:00,204.22,204.47,201.94,203.03,15904.7,2025-12-09 21:45:00
1765317000000,2025-12-09 21:50:00,203.02,203.24,201.73,201.75,13157.0,2025-12-09 21:50:00
1765317300000,2025-12-09 21:55:00,201.75,202.96,201.23,201.85,24509.7,2025-12-09 21:55:00
1765317600000,2025-12-09 22:00:00,201.88,202.63,201.57,202.04,10215.8,2025-12-09 22:00:00
1765317900000,2025-12-09 22:05:00,202.04,203.51,201.93,203.11,11072.6,2025-12-09 22:05:00
1765318200000,2025-12-09 22:10:00,203.11,204.21,202.93,203.33,7669.1,2025-12-09 22:10:00
1765318500000,2025-12-09 22:15:00,203.34,203.54,202.57,202.77,4374.6,2025-12-09 22:15:00
1765318800000,2025-12-09 22:20:00,202.77,203.69,202.58,203.3,3130.3,2025-12-09 22:20:00
1765319100000,2025-12-09 22:25:00,203.29,203.77,203.25,203.59,3446.3,2025-12-09 22:25:00
1765319400000,2025-12-09 22:30:00,203.58,204.16,203.31,203.71,13000.7,2025-12-09 22:30:00
1765319700000,2025-12-09 22:35:00,203.74,205.52,203.74,205.1,39026.2,2025-12-09 22:35:00
1765320000000,2025-12-09 22:40:00,205.1,205.36,204.42,205.23,11978.6,2025-12-09 22:40:00
1765320300000,2025-12-09 22:45:00,205.24,206.17,205.15,205.15,6200.2,2025-12-09 22:45:00
1765320600000,2025-12-09 22:50:00,205.15,205.4,204.9,204.9,4247.2,2025-12-09 22:50:00
1765320900000,2025-12-09 22:55:00,204.88,205.51,204.79,205.05,3722.2,2025-12-09 22:55:00
1765321200000,2025-12-09 23:00:00,205.05,205.55,204.87,205.32,6192.1,2025-12-09 23:00:00
1765321500000,2025-12-09 23:05:00,205.32,205.35,204.21,204.29,11127.7,2025-12-09 23:05:00
1765321800000,2025-12-09 23:10:00,204.29,204.95,204.1,204.16,5748.7,2025-12-09 23:10:00
1765322100000,2025-12-09 23:15:00,204.16,204.27,203.36,204.27,8707.2,2025-12-09 23:15:00
1765322400000,2025-12-09 23:20:00,204.26,204.34,204.01,204.01,6719.9,2025-12-09 23:20:00
1765322700000,2025-12-09 23:25:00,204.01,204.39,203.8,204.02,4745.3,2025-12-09 23:25:00
1765323000000,2025-12-09 23:30:00,204.01,204.01,203.64,203.64,2789.0,2025-12-09 23:30:00
1765323300000,2025-12-09 23:35:00,203.66,204.15,203.45,203.83,5025.4,2025-12-09 23:35:00
1765323600000,2025-12-09 23:40:00,203.83,203.98,203.65,203.68,3115.9,2025-12-09 23:40:00
1765323900000,2025-12-09 23:45:00,203.67,203.67,202.84,202.93,7013.5,2025-12-09 23:45:00
1765324200000,2025-12-09 23:50:00,202.93,202.99,202.56,202.59,6280.9,2025-12-09 23:50:00
1765324500000,2025-12-09 23:55:00,202.59,202.59,202.29,202.3,2497.6,2025-12-09 23:55:00
1765324800000,2025-12-10 00:00:00,202.3,203.14,202.28,202.97,4953.1,2025-12-10 00:00:00
1765325100000,2025-12-10 00:05:00,202.96,203.21,202.89,203.06,2353.7,2025-12-10 00:05:00
1765325400000,2025-12-10 00:10:00,203.05,203.35,202.87,202.9,3732.2,2025-12-10 00:10:00
1765325700000,2025-12-10 00:15:00,202.89,202.89,201.26,201.48,11115.6,2025-12-10 00:15:00
1765326000000,2025-12-10 00:20:00,201.48,202.12,201.26,201.7,8892.0,2025-12-10 00:20:00
1765326300000,2025-12-10 00:25:00,201.7,201.77,201.3,201.77,5077.3,2025-12-10 00:25:00
1765326600000,2025-12-10 00:30:00,201.76,202.23,201.59,201.67,2941.7,2025-12-10 00:30:00
1765326900000,2025-12-10 00:35:00,201.68,201.79,201.28,201.42,3502.8,2025-12-10 00:35:00
1765327200000,2025-12-10 00:40:00,201.41,201.49,200.96,201.29,6015.3,2025-12-10 00:40:00
1765327500000,2025-12-10 00:45:00,201.29,201.64,200.28,200.44,13610.8,2025-12-10 00:45:00
1765327800000,2025-12-10 00:50:00,200.46,201.13,200.46,201.07,6533.4,2025-12-10 00:50:00
1765328100000,2025-12-10 00:55:00,201.07,201.07,200.03,200.05,9486.0,2025-12-10 00:55:00
1765328400000,2025-12-10 01:00:00,200.05,200.92,200.05,200.87,16442.5,2025-12-10 01:00:00
1765328700000,2025-12-10 01:05:00,200.87,200.98,200.22,200.32,4088.7,2025-12-10 01:05:00
1765329000000,2025-12-10 01:10:00,200.31,200.63,199.56,199.86,19380.7,2025-12-10 01:10:00
1765329300000,2025-12-10 01:15:00,199.86,200.64,199.51,200.55,6179.5,2025-12-10 01:15:00
1765329600000,2025-12-10 01:20:00,200.56,200.59,199.86,200.12,13061.8,2025-12-10 01:20:00
1765329900000,2025-12-10 01:25:00,200.12,200.17,199.81,199.9,5610.2,2025-12-10 01:25:00
1765330200000,2025-12-10 01:30:00,199.9,199.92,198.67,198.83,15201.2,2025-12-10 01:30:00
1765330500000,2025-12-10 01:35:00,198.83,199.41,198.77,199.16,3918.9,2025-12-10 01:35:00
1765330800000,2025-12-10 01:40:00,199.15,199.28,198.96,199.0,2681.9,2025-12-10 01:40:00
1765331100000,2025-12-10 01:45:00,199.0,199.38,198.86,199.28,17544.8,2025-12-10 01:45:00
1765331400000,2025-12-10 01:50:00,199.27,199.65,199.05,199.65,6434.9,2025-12-10 01:50:00
1765331700000,2025-12-10 01:55:00,199.65,199.65,199.08,199.38,7321.8,2025-12-10 01:55:00
1765332000000,2025-12-10 02:00:00,199.38,199.44,198.47,198.55,5574.1,2025-12-10 02:00:00
1765332300000,2025-12-10 02:05:00,198.55,198.76,198.35,198.41,4080.7,2025-12-10 02:05:00
1765332600000,2025-12-10 02:10:00,198.4,198.98,198.4,198.95,4745.3,2025-12-10 02:10:00
1765332900000,2025-12-10 02:15:00,198.95,199.51,198.83,199.46,6971.6,2025-12-10 02:15:00
1765333200000,2025-12-10 02:20:00,199.46,200.25,199.38,199.91,9269.2,2025-12-10 02:20:00
1765333500000,2025-12-10 02:25:00,199.91,200.08,199.64,199.89,6031.5,2025-12-10 02:25:00
1765333800000,2025-12-10 02:30:00,199.88,200.18,199.72,199.99,5386.1,2025-12-10 02:30:00
1765334100000,2025-12-10 02:35:00,200.0,200.01,199.48,199.55,3092.0,2025-12-10 02:35:00
1765334400000,2025-12-10 02:40:00,199.55,199.55,199.36,199.48,1644.9,2025-12-10 02:40:00
1765334700000,2025-12-10 02:45:00,199.48,199.52,198.93,199.03,3882.4,2025-12-10 02:45:00
1765335000000,2025-12-10 02:50:00,199.02,199.14,198.8,199.07,1576.2,2025-12-10 02:50:00
1765335300000,2025-12-10 02:55:00,199.07,200.2,198.94,200.13,5625.2,2025-12-10 02:55:00
1765335600000,2025-12-10 03:00:00,200.13,200.34,199.78,200.09,7444.0,2025-12-10 03:00:00
1765335900000,2025-12-10 03:05:00,200.1,200.21,199.84,200.21,2529.7,2025-12-10 03:05:00
1765336200000,2025-12-10 03:10:00,200.22,201.03,200.2,200.88,4743.9,2025-12-10 03:10:00
1765336500000,2025-12-10 03:15:00,200.89,200.89,200.53,200.53,2680.8,2025-12-10 03:15:00
1765336800000,2025-12-10 03:20:00,200.53,200.53,200.2,200.2,4312.0,2025-12-10 03:20:00
1765337100000,2025-12-10 03:25:00,200.2,200.48,200.11,200.33,4344.8,2025-12-10 03:25:00
1765337400000,2025-12-10 03:30:00,200.33,200.79,200.15,200.68,6908.3,2025-12-10 03:30:00
1765337700000,2025-12-10 03:35:00,200.67,201.11,200.52,200.68,4977.9,2025-12-10 03:35:00
1765338000000,2025-12-10 03:40:00,200.68,200.76,200.61,200.67,5913.7,2025-12-10 03:40:00
1765338300000,2025-12-10 03:45:00,200.67,200.67,200.32,200.64,4332.1,2025-12-10 03:45:00
1765338600000,2025-12-10 03:50:00,200.63,200.63,200.24,200.27,9176.5,2025-12-10 03:50:00
1765338900000,2025-12-10 03:55:00,200.27,200.37,200.24,200.32,1804.3,2025-12-10 03:55:00
1765339200000,2025-12-10 04:00:00,200.31,200.31,199.66,199.8,11137.8,2025-12-10 04:00:00
1765339500000,2025-12-10 04:05:00,199.8,200.03,199.35,199.53,7406.0,2025-12-10 04:05:00
1765339800000,2025-12-10 04:10:00,199.53,199.99,199.45,199.93,3720.9,2025-12-10 04:10:00
1765340100000,2025-12-10 04:15:00,199.92,200.71,199.86,200.38,4492.6,2025-12-10 04:15:00
1765340400000,2025-12-10 04:20:00,200.38,200.38,199.64,199.83,7295.1,2025-12-10 04:20:00
1765340700000,2025-12-10 04:25:00,199.82,199.82,199.32,199.6,5523.4,2025-12-10 04:25:00
1765341000000,2025-12-10 04:30:00,199.6,199.75,199.41,199.75,4939.0,2025-12-10 04:30:00
1765341300000,2025-12-10 04:35:00,199.75,200.23,199.57,200.23,5362.8,2025-12-10 04:35:00
1765341600000,2025-12-10 04:40:00,200.23,200.23,199.8,199.87,8186.2,2025-12-10 04:40:00
1765341900000,2025-12-10 04:45:00,199.87,200.41,199.77,199.77,2395.9,2025-12-10 04:45:00
1765342200000,2025-12-10 04:50:00,199.76,200.11,199.65,200.09,2394.6,2025-12-10 04:50:00
1765342500000,2025-12-10 04:55:00,200.09,200.41,199.89,200.02,7804.2,2025-12-10 04:55:00
1765342800000,2025-12-10 05:00:00,200.03,200.22,199.7,199.92,3420.1,2025-12-10 05:00:00
1765343100000,2025-12-10 05:05:00,199.93,200.18,199.64,199.75,2756.8,2025-12-10 05:05:00
1765343400000,2025-12-10 05:10:00,199.76,200.68,199.56,200.64,5245.1,2025-12-10 05:10:00
1765343700000,2025-12-10 05:15:00,200.62,201.22,200.49,201.04,14270.3,2025-12-10 05:15:00
1765344000000,2025-12-10 05:20:00,201.03,201.03,200.37,200.47,3305.8,2025-12-10 05:20:00
1765344300000,2025-12-10 05:25:00,200.47,200.55,199.78,199.8,8060.2,2025-12-10 05:25:00
1765344600000,2025-12-10 05:30:00,199.8,199.83,199.43,199.48,5896.4,2025-12-10 05:30:00
1765344900000,2025-12-10 05:35:00,199.48,199.86,199.48,199.66,7094.4,2025-12-10 05:35:00
1765345200000,2025-12-10 05:40:00,199.65,199.76,199.54,199.62,3645.5,2025-12-10 05:40:00
1765345500000,2025-12-10 05:45:00,199.63,199.7,199.55,199.55,1846.8,2025-12-10 05:45:00
1765345800000,2025-12-10 05:50:00,199.55,199.56,199.38,199.44,1691.6,2025-12-10 05:50:00
1765346100000,2025-12-10 05:55:00,199.44,199.82,199.43,199.53,3361.6,2025-12-10 05:55:00
1765346400000,2025-12-10 06:00:00,199.53,199.58,198.94,199.18,4693.6,2025-12-10 06:00:00
1765346700000,2025-12-10 06:05:00,199.18,199.47,199.15,199.16,1863.0,2025-12-10 06:05:00
1765347000000,2025-12-10 06:10:00,199.16,199.75,199.11,199.57,2828.1,2025-12-10 06:10:00
1765347300000,2025-12-10 06:15:00,199.56,199.56,199.19,199.2,2641.2,2025-12-10 06:15:00
1765347600000,2025-12-10 06:20:00,199.2,199.47,199.18,199.43,4927.6,2025-12-10 06:20:00
1765347900000,2025-12-10 06:25:00,199.44,199.54,199.2,199.21,3628.5,2025-12-10 06:25:00
1765348200000,2025-12-10 06:30:00,199.21,199.51,199.09,199.13,4458.6,2025-12-10 06:30:00
1765348500000,2025-12-10 06:35:00,199.13,199.24,198.99,199.02,2606.4,2025-12-10 06:35:00
1765348800000,2025-12-10 06:40:00,199.02,199.34,198.9,199.34,2857.3,2025-12-10 06:40:00
1765349100000,2025-12-10 06:45:00,199.33,199.36,199.06,199.3,3059.5,2025-12-10 06:45:00
1765349400000,2025-12-10 06:50:00,199.3,199.52,199.25,199.5,2122.0,2025-12-10 06:50:00
1765349700000,2025-12-10 06:55:00,199.5,199.53,199.32,199.39,2268.5,2025-12-10 06:55:00
1765350000000,2025-12-10 07:00:00,199.4,199.48,199.22,199.35,2311.0,2025-12-10 07:00:00
1765350300000,2025-12-10 07:05:00,199.35,199.35,198.76,198.94,6359.4,2025-12-10 07:05:00
1765350600000,2025-12-10 07:10:00,198.94,199.23,198.84,199.15,2552.1,2025-12-10 07:10:00
1765350900000,2025-12-10 07:15:00,199.14,199.26,198.66,198.74,2368.7,2025-12-10 07:15:00
1765351200000,2025-12-10 07:20:00,198.73,199.05,198.65,198.96,1308.7,2025-12-10 07:20:00
1765351500000,2025-12-10 07:25:00,198.95,199.01,198.81,198.87,2719.3,2025-12-10 07:25:00
1765351800000,2025-12-10 07:30:00,198.87,199.03,198.58,199.02,3389.2,2025-12-10 07:30:00
1765352100000,2025-12-10 07:35:00,199.02,199.09,198.74,198.76,2883.4,2025-12-10 07:35:00
1765352400000,2025-12-10 07:40:00,198.76,199.02,198.6,198.85,2379.6,2025-12-10 07:40:00
1765352700000,2025-12-10 07:45:00,198.84,199.04,198.58,198.94,5910.3,2025-12-10 07:45:00
1765353000000,2025-12-10 07:50:00,198.95,199.76,198.95,199.59,4948.1,2025-12-10 07:50:00
1765353300000,2025-12-10 07:55:00,199.6,200.18,199.47,200.15,3999.8,2025-12-10 07:55:00
1765353600000,2025-12-10 08:00:00,200.14,200.19,199.67,199.92,5795.1,2025-12-10 08:00:00
1765353900000,2025-12-10 08:05:00,199.92,200.42,199.9,200.42,7046.5,2025-12-10 08:05:00
1765354200000,2025-12-10 08:10:00,200.44,200.61,199.73,199.93,8914.0,2025-12-10 08:10:00
1765354500000,2025-12-10 08:15:00,199.93,200.1,199.61,199.66,7296.6,2025-12-10 08:15:00
1765354800000,2025-12-10 08:20:00,199.65,199.82,199.1,199.54,9170.5,2025-12-10 08:20:00
1765355100000,2025-12-10 08:25:00,199.54,200.15,199.47,200.03,7364.1,2025-12-10 08:25:00
1765355400000,2025-12-10 08:30:00,200.03,200.37,199.57,199.74,10346.1,2025-12-10 08:30:00
1765355700000,2025-12-10 08:35:00,199.74,200.14,199.74,200.1,7960.2,2025-12-10 08:35:00
1765356000000,2025-12-10 08:40:00,200.1,200.1,199.64,199.64,5475.7,2025-12-10 08:40:00
1765356300000,2025-12-10 08:45:00,199.65,199.92,199.56,199.56,4121.9,2025-12-10 08:45:00
1765356600000,2025-12-10 08:50:00,199.56,199.59,199.28,199.33,8789.4,2025-12-10 08:50:00
1765356900000,2025-12-10 08:55:00,199.33,199.52,199.0,199.06,3495.0,2025-12-10 08:55:00
1765357200000,2025-12-10 09:00:00,199.07,199.28,198.51,198.84,6902.0,2025-12-10 09:00:00
1765357500000,2025-12-10 09:05:00,198.84,198.98,198.42,198.49,5881.1,2025-12-10 09:05:00
1765357800000,2025-12-10 09:10:00,198.49,198.62,198.23,198.42,3739.2,2025-12-10 09:10:00
1765358100000,2025-12-10 09:15:00,198.42,198.6,198.15,198.24,3268.3,2025-12-10 09:15:00
1765358400000,2025-12-10 09:20:00,198.23,198.32,197.93,198.16,5908.2,2025-12-10 09:20:00
1765358700000,2025-12-10 09:25:00,198.16,198.31,198.12,198.13,2513.0,2025-12-10 09:25:00
1765359000000,2025-12-10 09:30:00,198.13,198.56,198.13,198.49,2454.2,2025-12-10 09:30:00
1765359300000,2025-12-10 09:35:00,198.49,198.71,198.3,198.33,3622.9,2025-12-10 09:35:00
1765359600000,2025-12-10 09:40:00,198.33,198.49,198.31,198.43,4366.4,2025-12-10 09:40:00
1765359900000,2025-12-10 09:45:00,198.43,200.03,198.43,199.54,9186.7,2025-12-10 09:45:00
1765360200000,2025-12-10 09:50:00,199.53,199.53,199.17,199.46,6131.8,2025-12-10 09:50:00
1765360500000,2025-12-10 09:55:00,199.47,199.97,199.37,199.95,5025.3,2025-12-10 09:55:00
1765360800000,2025-12-10 10:00:00,199.95,202.52,199.59,202.2,34223.5,2025-12-10 10:00:00
1765361100000,2025-12-10 10:05:00,202.18,202.23,200.42,200.54,14338.0,2025-12-10 10:05:00
1765361400000,2025-12-10 10:10:00,200.51,200.73,199.63,199.96,14148.7,2025-12-10 10:10:00
1765361700000,2025-12-10 10:15:00,199.96,199.96,198.99,199.2,8403.8,2025-12-10 10:15:00
1765362000000,2025-12-10 10:20:00,199.22,199.25,198.76,198.79,6617.5,2025-12-10 10:20:00
1765362300000,2025-12-10 10:25:00,198.78,198.78,198.16,198.18,15371.2,2025-12-10 10:25:00
1765362600000,2025-12-10 10:30:00,198.19,198.57,197.7,198.27,16913.0,2025-12-10 10:30:00
1765362900000,2025-12-10 10:35:00,198.26,198.55,198.1,198.29,18260.9,2025-12-10 10:35:00
1765363200000,2025-12-10 10:40:00,198.28,198.28,197.37,197.78,11124.9,2025-12-10 10:40:00
1765363500000,2025-12-10 10:45:00,197.77,197.96,197.42,197.5,2420.3,2025-12-10 10:45:00
1765363800000,2025-12-10 10:50:00,197.51,197.74,197.24,197.55,6673.8,2025-12-10 10:50:00
1765364100000,2025-12-10 10:55:00,197.55,197.92,197.29,197.3,8153.3,2025-12-10 10:55:00
1765364400000,2025-12-10 11:00:00,197.28,197.64,197.12,197.38,5125.6,2025-12-10 11:00:00
1765364700000,2025-12-10 11:05:00,197.38,197.64,197.25,197.26,4584.5,2025-12-10 11:05:00
1765365000000,2025-12-10 11:10:00,197.25,197.51,196.92,196.95,10636.9,2025-12-10 11:10:00
1765365300000,2025-12-10 11:15:00,196.94,197.52,196.93,197.42,2835.4,2025-12-10 11:15:00
1765365600000,2025-12-10 11:20:00,197.42,197.42,197.02,197.17,2573.1,2025-12-10 11:20:00
1765365900000,2025-12-10 11:25:00,197.17,197.32,197.1,197.16,8552.4,2025-12-10 11:25:00
1765366200000,2025-12-10 11:30:00,197.16,197.4,196.99,197.02,8816.9,2025-12-10 11:30:00
1765366500000,2025-12-10 11:35:00,197.03,197.13,196.61,196.72,7570.1,2025-12-10 11:35:00
1765366800000,2025-12-10 11:40:00,196.71,196.91,196.16,196.6,24148.8,2025-12-10 11:40:00
1765367100000,2025-12-10 11:45:00,196.58,197.07,196.29,197.04,6582.1,2025-12-10 11:45:00
1765367400000,2025-12-10 11:50:00,197.03,197.34,196.87,197.1,11994.5,2025-12-10 11:50:00
1765367700000,2025-12-10 11:55:00,197.09,197.49,197.09,197.43,10505.1,2025-12-10 11:55:00
1765368000000,2025-12-10 12:00:00,197.43,197.79,197.31,197.37,8978.8,2025-12-10 12:00:00
1765368300000,2025-12-10 12:05:00,197.37,197.52,197.07,197.3,2340.3,2025-12-10 12:05:00
1765368600000,2025-12-10 12:10:00,197.3,197.41,196.77,196.86,4632.9,2025-12-10 12:10:00
1765368900000,2025-12-10 12:15:00,196.86,197.0,196.75,196.84,3218.8,2025-12-10 12:15:00
1765369200000,2025-12-10 12:20:00,196.83,197.47,196.83,197.46,3200.6,2025-12-10 12:20:00
1765369500000,2025-12-10 12:25:00,197.46,197.5,197.25,197.33,4999.6,2025-12-10 12:25:00
1765369800000,2025-12-10 12:30:00,197.33,197.88,197.22,197.62,3655.6,2025-12-10 12:30:00
1765370100000,2025-12-10 12:35:00,197.62,197.8,197.47,197.66,7114.9,2025-12-10 12:35:00
1765370400000,2025-12-10 12:40:00,197.68,198.64,197.68,198.53,8137.8,2025-12-10 12:40:00
1765370700000,2025-12-10 12:45:00,198.54,199.02,198.43,198.53,7614.4,2025-12-10 12:45:00
1765371000000,2025-12-10 12:50:00,198.54,198.91,198.34,198.91,4802.0,2025-12-10 12:50:00
1765371300000,2025-12-10 12:55:00,198.91,199.52,198.87,199.04,13494.1,2025-12-10 12:55:00
1765371600000,2025-12-10 13:00:00,199.04,199.42,198.93,198.96,5647.2,2025-12-10 13:00:00
1765371900000,2025-12-10 13:05:00,198.97,199.61,198.97,199.06,8585.2,2025-12-10 13:05:00
1765372200000,2025-12-10 13:10:00,199.06,199.07,198.71,198.96,4144.0,2025-12-10 13:10:00
1765372500000,2025-12-10 13:15:00,198.96,198.96,198.39,198.52,4171.6,2025-12-10 13:15:00
1765372800000,2025-12-10 13:20:00,198.53,199.43,198.48,199.39,9162.7,2025-12-10 13:20:00
1765373100000,2025-12-10 13:25:00,199.39,199.43,199.06,199.23,3887.6,2025-12-10 13:25:00
1765373400000,2025-12-10 13:30:00,199.21,199.39,198.62,198.77,6104.5,2025-12-10 13:30:00
1765373700000,2025-12-10 13:35:00,198.77,198.88,198.37,198.37,8843.8,2025-12-10 13:35:00
1765374000000,2025-12-10 13:40:00,198.37,198.48,198.16,198.35,6617.2,2025-12-10 13:40:00
1765374300000,2025-12-10 13:45:00,198.36,198.74,198.22,198.22,1971.0,2025-12-10 13:45:00
1765374600000,2025-12-10 13:50:00,198.21,198.46,198.0,198.26,2614.9,2025-12-10 13:50:00
1765374900000,2025-12-10 13:55:00,198.26,198.38,198.12,198.32,1803.0,2025-12-10 13:55:00
1765375200000,2025-12-10 14:00:00,198.34,198.67,198.34,198.53,3729.8,2025-12-10 14:00:00
1765375500000,2025-12-10 14:05:00,198.52,198.67,198.14,198.39,3632.0,2025-12-10 14:05:00
1765375800000,2025-12-10 14:10:00,198.39,198.46,198.31,198.33,629.1,2025-12-10 14:10:00
1765376100000,2025-12-10 14:15:00,198.32,198.45,198.0,198.24,5985.6,2025-12-10 14:15:00
1765376400000,2025-12-10 14:20:00,198.24,198.38,197.86,197.93,4523.9,2025-12-10 14:20:00
1765376700000,2025-12-10 14:25:00,197.94,198.01,197.54,197.91,5036.0,2025-12-10 14:25:00
1765377000000,2025-12-10 14:30:00,197.9,198.48,197.35,197.96,13849.9,2025-12-10 14:30:00
1765377300000,2025-12-10 14:35:00,197.97,198.13,197.34,197.44,6062.1,2025-12-10 14:35:00
1765377600000,2025-12-10 14:40:00,197.44,197.89,196.97,197.29,23552.9,2025-12-10 14:40:00
1765377900000,2025-12-10 14:45:00,197.29,197.51,196.91,197.05,6468.8,2025-12-10 14:45:00
1765378200000,2025-12-10 14:50:00,197.04,197.51,196.63,197.5,8813.0,2025-12-10 14:50:00
1765378500000,2025-12-10 14:55:00,197.5,197.56,196.71,197.55,7020.6,2025-12-10 14:55:00
1765378800000,2025-12-10 15:00:00,197.53,198.84,197.26,198.64,27621.0,2025-12-10 15:00:00
1765379100000,2025-12-10 15:05:00,198.62,199.67,198.5,199.09,19152.2,2025-12-10 15:05:00
1765379400000,2025-12-10 15:10:00,199.09,199.88,198.87,199.51,16951.4,2025-12-10 15:10:00
1765379700000,2025-12-10 15:15:00,199.51,199.51,198.79,198.79,14566.9,2025-12-10 15:15:00
1765380000000,2025-12-10 15:20:00,198.78,199.2,198.13,198.71,12187.8,2025-12-10 15:20:00
1765380300000,2025-12-10 15:25:00,198.71,198.74,197.92,197.92,10997.2,2025-12-10 15:25:00
1765380600000,2025-12-10 15:30:00,197.91,198.28,197.28,197.3,4278.2,2025-12-10 15:30:00
1765380900000,2025-12-10 15:35:00,197.31,197.68,196.8,197.68,13923.2,2025-12-10 15:35:00
1765381200000,2025-12-10 15:40:00,197.68,198.16,197.41,197.9,19515.9,2025-12-10 15:40:00
1765381500000,2025-12-10 15:45:00,197.89,198.34,197.58,198.34,10746.4,2025-12-10 15:45:00
1765381800000,2025-12-10 15:50:00,198.35,198.39,197.69,197.78,5713.5,2025-12-10 15:50:00
1765382100000,2025-12-10 15:55:00,197.77,198.03,197.64,198.01,2249.7,2025-12-10 15:55:00
1765382400000,2025-12-10 16:00:00,198.02,198.24,197.5,198.24,4000.9,2025-12-10 16:00:00
1765382700000,2025-12-10 16:05:00,198.23,198.64,198.09,198.26,2628.2,2025-12-10 16:05:00
1765383000000,2025-12-10 16:10:00,198.26,199.23,198.0,199.05,10693.5,2025-12-10 16:10:00
1765383300000,2025-12-10 16:15:00,199.05,199.7,198.89,199.68,9910.0,2025-12-10 16:15:00
1765383600000,2025-12-10 16:20:00,199.69,200.11,199.17,200.06,14674.1,2025-12-10 16:20:00
1765383900000,2025-12-10 16:25:00,200.06,201.07,199.85,200.96,12397.9,2025-12-10 16:25:00
1765384200000,2025-12-10 16:30:00,200.96,201.03,199.84,200.19,14884.1,2025-12-10 16:30:00
1765384500000,2025-12-10 16:35:00,200.19,200.5,199.96,200.5,4030.8,2025-12-10 16:35:00
1765384800000,2025-12-10 16:40:00,200.51,200.51,199.85,200.42,9870.9,2025-12-10 16:40:00
1765385100000,2025-12-10 16:45:00,200.42,200.65,200.13,200.47,9342.7,2025-12-10 16:45:00
1765385400000,2025-12-10 16:50:00,200.47,201.46,200.25,200.36,16469.7,2025-12-10 16:50:00
1765385700000,2025-12-10 16:55:00,200.36,200.37,199.28,199.49,5765.0,2025-12-10 16:55:00
1765386000000,2025-12-10 17:00:00,199.49,199.9,199.29,199.71,6845.4,2025-12-10 17:00:00
1765386300000,2025-12-10 17:05:00,199.71,199.94,199.44,199.52,6908.5,2025-12-10 17:05:00
1765386600000,2025-12-10 17:10:00,199.51,200.2,199.22,200.14,4107.6,2025-12-10 17:10:00
1765386900000,2025-12-10 17:15:00,200.14,201.16,199.81,200.78,8694.2,2025-12-10 17:15:00
1765387200000,2025-12-10 17:20:00,200.76,201.4,200.65,201.08,21218.8,2025-12-10 17:20:00
1765387500000,2025-12-10 17:25:00,201.08,201.56,200.59,200.59,4795.2,2025-12-10 17:25:00
1765387800000,2025-12-10 17:30:00,200.59,200.66,199.72,200.02,13987.0,2025-12-10 17:30:00
1765388100000,2025-12-10 17:35:00,200.01,200.34,199.86,200.03,4778.4,2025-12-10 17:35:00
1765388400000,2025-12-10 17:40:00,200.01,200.37,199.89,200.37,2373.6,2025-12-10 17:40:00
1765388700000,2025-12-10 17:45:00,200.37,200.69,200.17,200.59,2525.1,2025-12-10 17:45:00
1765389000000,2025-12-10 17:50:00,200.58,200.61,199.99,200.33,5863.5,2025-12-10 17:50:00
1765389300000,2025-12-10 17:55:00,200.33,200.54,200.03,200.41,4732.6,2025-12-10 17:55:00
1765389600000,2025-12-10 18:00:00,200.4,200.41,199.7,199.91,10571.7,2025-12-10 18:00:00
1765389900000,2025-12-10 18:05:00,199.91,200.29,199.82,200.08,3001.8,2025-12-10 18:05:00
1765390200000,2025-12-10 18:10:00,200.07,200.71,199.82,200.39,2552.2,2025-12-10 18:10:00
1765390500000,2025-12-10 18:15:00,200.39,200.96,200.15,200.49,3158.7,2025-12-10 18:15:00
1765390800000,2025-12-10 18:20:00,200.48,200.48,199.82,200.11,3188.5,2025-12-10 18:20:00
1765391100000,2025-12-10 18:25:00,200.1,200.6,200.03,200.49,4068.6,2025-12-10 18:25:00
1765391400000,2025-12-10 18:30:00,200.49,201.92,200.28,201.9,11667.3,2025-12-10 18:30:00
1765391700000,2025-12-10 18:35:00,201.91,204.55,201.77,204.22,35941.1,2025-12-10 18:35:00
1765392000000,2025-12-10 18:40:00,204.23,204.38,201.74,202.52,34313.3,2025-12-10 18:40:00
1765392300000,2025-12-10 18:45:00,202.52,203.36,202.49,202.81,23452.8,2025-12-10 18:45:00
1765392600000,2025-12-10 18:50:00,202.81,202.92,201.41,201.92,19459.8,2025-12-10 18:50:00
1765392900000,2025-12-10 18:55:00,201.91,202.12,200.51,201.36,20529.8,2025-12-10 18:55:00
1765393200000,2025-12-10 19:00:00,201.36,205.08,199.26,200.85,143356.4,2025-12-10 19:00:00
1765393500000,2025-12-10 19:05:00,200.83,203.03,200.61,202.32,18960.6,2025-12-10 19:05:00
1765393800000,2025-12-10 19:10:00,202.32,203.33,202.28,203.16,22538.9,2025-12-10 19:10:00
1765394100000,2025-12-10 19:15:00,203.15,204.17,202.57,203.02,18559.7,2025-12-10 19:15:00
1765394400000,2025-12-10 19:20:00,203.02,204.23,202.43,202.64,17431.1,2025-12-10 19:20:00
1765394700000,2025-12-10 19:25:00,202.65,202.96,200.57,201.24,16424.8,2025-12-10 19:25:00
1765395000000,2025-12-10 19:30:00,201.25,204.5,201.22,204.18,26726.4,2025-12-10 19:30:00
1765395300000,2025-12-10 19:35:00,204.2,204.23,201.68,203.68,32208.9,2025-12-10 19:35:00
1765395600000,2025-12-10 19:40:00,203.7,203.75,200.51,201.52,31753.1,2025-12-10 19:40:00
1765395900000,2025-12-10 19:45:00,201.51,202.38,201.37,201.84,15634.3,2025-12-10 19:45:00
1765396200000,2025-12-10 19:50:00,201.83,202.67,201.08,202.26,8833.1,2025-12-10 19:50:00
1765396500000,2025-12-10 19:55:00,202.25,202.8,202.06,202.66,7779.5,2025-12-10 19:55:00
1765396800000,2025-12-10 20:00:00,202.67,202.93,201.56,202.33,33663.5,2025-12-10 20:00:00
1765397100000,2025-12-10 20:05:00,202.34,204.2,201.86,203.71,10886.9,2025-12-10 20:05:00
1765397400000,2025-12-10 20:10:00,203.72,206.65,203.06,206.48,52978.5,2025-12-10 20:10:00
1765397700000,2025-12-10 20:15:00,206.49,207.01,204.24,204.24,57454.3,2025-12-10 20:15:00
1765398000000,2025-12-10 20:20:00,204.24,205.32,202.46,203.77,49847.6,2025-12-10 20:20:00
1765398300000,2025-12-10 20:25:00,203.72,204.83,203.37,204.06,18911.8,2025-12-10 20:25:00
1765398600000,2025-12-10 20:30:00,204.05,204.86,203.11,204.14,10728.4,2025-12-10 20:30:00
1765398900000,2025-12-10 20:35:00,204.14,204.36,203.25,203.57,6612.4,2025-12-10 20:35:00
1765399200000,2025-12-10 20:40:00,203.57,204.35,203.47,203.88,4268.9,2025-12-10 20:40:00
1765399500000,2025-12-10 20:45:00,203.87,203.87,201.89,202.37,12411.9,2025-12-10 20:45:00
1765399800000,2025-12-10 20:50:00,202.38,202.6,199.28,200.21,39276.9,2025-12-10 20:50:00
1765400100000,2025-12-10 20:55:00,200.21,200.66,199.51,199.82,15361.4,2025-12-10 20:55:00
1765400400000,2025-12-10 21:00:00,199.83,201.08,199.42,199.56,21136.0,2025-12-10 21:00:00
1765400700000,2025-12-10 21:05:00,199.55,199.9,198.47,199.07,21993.3,2025-12-10 21:05:00
1765401000000,2025-12-10 21:10:00,199.07,200.06,198.38,199.69,17906.6,2025-12-10 21:10:00
1765401300000,2025-12-10 21:15:00,199.71,200.59,199.37,200.11,13253.5,2025-12-10 21:15:00
1765401600000,2025-12-10 21:20:00,200.1,200.68,199.84,200.26,6634.6,2025-12-10 21:20:00
1765401900000,2025-12-10 21:25:00,200.26,200.78,199.63,199.77,14794.8,2025-12-10 21:25:00
1765402200000,2025-12-10 21:30:00,199.77,199.77,198.5,198.75,6001.4,2025-12-10 21:30:00
1765402500000,2025-12-10 21:35:00,198.75,200.01,198.74,199.73,6308.9,2025-12-10 21:35:00
1765402800000,2025-12-10 21:40:00,199.74,199.78,199.12,199.54,2826.0,2025-12-10 21:40:00
1765403100000,2025-12-10 21:45:00,199.53,199.9,199.21,199.61,1094.4,2025-12-10 21:45:00
1765403400000,2025-12-10 21:50:00,199.62,199.94,199.27,199.27,5606.8,2025-12-10 21:50:00
1765403700000,2025-12-10 21:55:00,199.27,199.27,197.92,197.98,7356.2,2025-12-10 21:55:00
1765404000000,2025-12-10 22:00:00,197.99,198.64,197.92,198.14,5122.1,2025-12-10 22:00:00
1765404300000,2025-12-10 22:05:00,198.14,198.92,198.05,198.92,5419.3,2025-12-10 22:05:00
1765404600000,2025-12-10 22:10:00,198.92,199.1,196.92,197.34,25273.4,2025-12-10 22:10:00
1765404900000,2025-12-10 22:15:00,197.31,197.52,196.23,196.54,11654.7,2025-12-10 22:15:00
1765405200000,2025-12-10 22:20:00,196.54,197.18,196.45,197.12,8362.0,2025-12-10 22:20:00
1765405500000,2025-12-10 22:25:00,197.12,198.26,197.04,197.48,6383.0,2025-12-10 22:25:00
1765405800000,2025-12-10 22:30:00,197.47,198.03,197.1,197.91,5883.3,2025-12-10 22:30:00
1765406100000,2025-12-10 22:35:00,197.91,198.92,197.64,198.32,10295.4,2025-12-10 22:35:00
1765406400000,2025-12-10 22:40:00,198.29,199.03,198.18,198.91,16494.1,2025-12-10 22:40:00
1765406700000,2025-12-10 22:45:00,198.91,199.66,198.53,198.65,6481.4,2025-12-10 22:45:00
1765407000000,2025-12-10 22:50:00,198.65,198.96,198.46,198.76,2016.3,2025-12-10 22:50:00
1765407300000,2025-12-10 22:55:00,198.76,199.08,198.58,198.69,5281.4,2025-12-10 22:55:00
1765407600000,2025-12-10 23:00:00,198.69,199.17,198.12,198.38,4326.9,2025-12-10 23:00:00
1765407900000,2025-12-10 23:05:00,198.38,198.38,197.77,197.87,3016.4,2025-12-10 23:05:00
1765408200000,2025-12-10 23:10:00,197.88,198.67,197.87,198.28,2025.2,2025-12-10 23:10:00
1765408500000,2025-12-10 23:15:00,198.29,198.5,197.83,197.95,1103.9,2025-12-10 23:15:00
1765408800000,2025-12-10 23:20:00,197.94,198.12,197.8,197.81,1071.5,2025-12-10 23:20:00
1765409100000,2025-12-10 23:25:00,197.81,197.9,197.4,197.4,2103.5,2025-12-10 23:25:00
1765409400000,2025-12-10 23:30:00,197.4,197.56,197.21,197.5,9437.4,2025-12-10 23:30:00
1765409700000,2025-12-10 23:35:00,197.5,197.62,196.85,196.92,2886.9,2025-12-10 23:35:00
1765410000000,2025-12-10 23:40:00,196.91,197.2,196.87,196.97,3425.9,2025-12-10 23:40:00
1765410300000,2025-12-10 23:45:00,196.97,196.97,196.66,196.76,7218.8,2025-12-10 23:45:00
1765410600000,2025-12-10 23:50:00,196.78,196.93,196.6,196.72,2300.9,2025-12-10 23:50:00
1765410900000,2025-12-10 23:55:00,196.72,197.04,196.67,196.84,4638.8,2025-12-10 23:55:00
1765411200000,2025-12-11 00:00:00,196.81,197.13,196.57,196.84,4818.7,2025-12-11 00:00:00
1765411500000,2025-12-11 00:05:00,196.84,197.2,196.68,196.85,3711.1,2025-12-11 00:05:00
1765411800000,2025-12-11 00:10:00,196.85,197.01,196.64,197.01,2030.0,2025-12-11 00:10:00
1765412100000,2025-12-11 00:15:00,197.01,197.05,196.66,196.71,5152.7,2025-12-11 00:15:00
1765412400000,2025-12-11 00:20:00,196.7,197.15,196.5,196.51,12151.3,2025-12-11 00:20:00
1765412700000,2025-12-11 00:25:00,196.51,196.85,196.5,196.65,2554.9,2025-12-11 00:25:00
1765413000000,2025-12-11 00:30:00,196.65,196.68,195.67,195.68,21132.8,2025-12-11 00:30:00
1765413300000,2025-12-11 00:35:00,195.68,196.46,194.78,194.93,16366.5,2025-12-11 00:35:00
1765413600000,2025-12-11 00:40:00,194.93,195.36,194.29,194.69,24081.0,2025-12-11 00:40:00
1765413900000,2025-12-11 00:45:00,194.68,194.91,193.47,193.83,18993.2,2025-12-11 00:45:00
1765414200000,2025-12-11 00:50:00,193.81,194.45,193.12,194.44,21565.2,2025-12-11 00:50:00
1765414500000,2025-12-11 00:55:00,194.45,194.46,193.64,193.85,7386.7,2025-12-11 00:55:00
1765414800000,2025-12-11 01:00:00,193.84,193.84,192.49,193.33,75729.1,2025-12-11 01:00:00
1765415100000,2025-12-11 01:05:00,193.32,193.99,193.01,193.07,20358.1,2025-12-11 01:05:00
1765415400000,2025-12-11 01:10:00,193.07,193.08,192.19,192.38,13630.6,2025-12-11 01:10:00
1765415700000,2025-12-11 01:15:00,192.38,192.66,191.78,191.83,13178.2,2025-12-11 01:15:00
1765416000000,2025-12-11 01:20:00,191.81,192.31,191.54,192.29,9622.4,2025-12-11 01:20:00
1765416300000,2025-12-11 01:25:00,192.31,193.1,191.98,192.98,12246.9,2025-12-11 01:25:00
1765416600000,2025-12-11 01:30:00,192.98,193.93,192.98,193.38,10003.7,2025-12-11 01:30:00
1765416900000,2025-12-11 01:35:00,193.38,193.59,192.8,192.88,6631.1,2025-12-11 01:35:00
1765417200000,2025-12-11 01:40:00,192.89,193.04,192.55,192.6,8584.7,2025-12-11 01:40:00
1765417500000,2025-12-11 01:45:00,192.6,192.61,192.12,192.13,3639.0,2025-12-11 01:45:00
1765417800000,2025-12-11 01:50:00,192.13,192.29,191.97,191.98,2549.2,2025-12-11 01:50:00
1765418100000,2025-12-11 01:55:00,191.97,192.01,191.45,191.54,12485.6,2025-12-11 01:55:00
1765418400000,2025-12-11 02:00:00,191.53,191.65,191.02,191.06,21948.5,2025-12-11 02:00:00
1765418700000,2025-12-11 02:05:00,191.05,191.4,190.56,190.68,26669.9,2025-12-11 02:05:00
1765419000000,2025-12-11 02:10:00,190.69,190.85,190.4,190.62,13710.4,2025-12-11 02:10:00
1765419300000,2025-12-11 02:15:00,190.62,190.97,189.88,190.78,15003.1,2025-12-11 02:15:00
1765419600000,2025-12-11 02:20:00,190.77,191.23,190.49,190.73,8619.9,2025-12-11 02:20:00
1765419900000,2025-12-11 02:25:00,190.73,191.12,190.4,190.42,9916.3,2025-12-11 02:25:00
1765420200000,2025-12-11 02:30:00,190.42,190.52,189.92,189.95,15816.7,2025-12-11 02:30:00
1765420500000,2025-12-11 02:35:00,189.95,190.51,189.85,190.34,15659.5,2025-12-11 02:35:00
1765420800000,2025-12-11 02:40:00,190.32,191.14,190.1,190.71,15964.3,2025-12-11 02:40:00
1765421100000,2025-12-11 02:45:00,190.71,190.74,189.88,190.39,14239.8,2025-12-11 02:45:00
1765421400000,2025-12-11 02:50:00,190.4,190.74,190.29,190.38,9727.5,2025-12-11 02:50:00
1765421700000,2025-12-11 02:55:00,190.38,190.41,189.86,190.02,4592.7,2025-12-11 02:55:00
1765422000000,2025-12-11 03:00:00,190.02,190.02,189.11,189.29,21007.4,2025-12-11 03:00:00
1765422300000,2025-12-11 03:05:00,189.29,189.6,188.63,188.74,10837.6,2025-12-11 03:05:00
1765422600000,2025-12-11 03:10:00,188.74,188.95,188.04,188.84,57424.4,2025-12-11 03:10:00
1765422900000,2025-12-11 03:15:00,188.84,188.84,188.12,188.23,23659.2,2025-12-11 03:15:00
1765423200000,2025-12-11 03:20:00,188.25,189.34,188.25,188.78,40290.9,2025-12-11 03:20:00
1765423500000,2025-12-11 03:25:00,188.78,188.88,187.95,188.19,20929.8,2025-12-11 03:25:00
1765423800000,2025-12-11 03:30:00,188.2,188.23,187.26,187.45,24910.2,2025-12-11 03:30:00
1765424100000,2025-12-11 03:35:00,187.45,187.9,187.39,187.83,9333.3,2025-12-11 03:35:00
1765424400000,2025-12-11 03:40:00,187.83,187.83,187.32,187.68,4065.9,2025-12-11 03:40:00
1765424700000,2025-12-11 03:45:00,187.67,188.05,187.32,187.85,12880.7,2025-12-11 03:45:00
1765425000000,2025-12-11 03:50:00,187.85,187.98,187.55,187.63,15167.3,2025-12-11 03:50:00
1765425300000,2025-12-11 03:55:00,187.63,187.8,187.45,187.51,6839.4,2025-12-11 03:55:00
1765425600000,2025-12-11 04:00:00,187.5,187.56,186.84,187.44,20885.7,2025-12-11 04:00:00
1765425900000,2025-12-11 04:05:00,187.45,188.7,187.4,188.25,21417.9,2025-12-11 04:05:00
1765426200000,2025-12-11 04:10:00,188.25,189.03,188.08,188.61,12817.1,2025-12-11 04:10:00
1765426500000,2025-12-11 04:15:00,188.61,188.91,188.09,188.87,5110.0,2025-12-11 04:15:00
1765426800000,2025-12-11 04:20:00,188.87,189.02,188.35,188.51,17876.8,2025-12-11 04:20:00
1765427100000,2025-12-11 04:25:00,188.51,188.94,188.46,188.68,8889.1,2025-12-11 04:25:00
1765427400000,2025-12-11 04:30:00,188.69,189.06,188.55,188.71,7329.4,2025-12-11 04:30:00
1765427700000,2025-12-11 04:35:00,188.71,188.91,188.61,188.88,5839.9,2025-12-11 04:35:00
1765428000000,2025-12-11 04:40:00,188.87,189.21,188.77,189.03,5177.7,2025-12-11 04:40:00
1765428300000,2025-12-11 04:45:00,189.03,189.78,188.84,189.78,17254.9,2025-12-11 04:45:00
1765428600000,2025-12-11 04:50:00,189.78,190.88,189.73,190.78,28023.7,2025-12-11 04:50:00
1765428900000,2025-12-11 04:55:00,190.78,191.01,190.55,190.72,11591.1,2025-12-11 04:55:00
1765429200000,2025-12-11 05:00:00,190.73,190.99,190.34,190.62,17191.2,2025-12-11 05:00:00
1765429500000,2025-12-11 05:05:00,190.62,190.72,190.06,190.21,9070.9,2025-12-11 05:05:00
1765429800000,2025-12-11 05:10:00,190.21,190.25,189.75,189.84,22687.9,2025-12-11 05:10:00
1765430100000,2025-12-11 05:15:00,189.84,190.29,189.75,190.17,7934.9,2025-12-11 05:15:00
1765430400000,2025-12-11 05:20:00,190.17,190.98,190.17,190.76,27098.5,2025-12-11 05:20:00
1765430700000,2025-12-11 05:25:00,190.77,190.99,190.74,190.96,3056.3,2025-12-11 05:25:00
1765431000000,2025-12-11 05:30:00,190.97,191.02,190.75,190.87,3229.0,2025-12-11 05:30:00
1765431300000,2025-12-11 05:35:00,190.87,191.13,190.81,190.91,3158.1,2025-12-11 05:35:00
1765431600000,2025-12-11 05:40:00,190.9,190.9,190.73,190.9,4443.7,2025-12-11 05:40:00
1765431900000,2025-12-11 05:45:00,190.91,191.37,190.91,191.37,1268.9,2025-12-11 05:45:00
1765432200000,2025-12-11 05:50:00,191.37,191.62,191.36,191.59,9671.1,2025-12-11 05:50:00
1765432500000,2025-12-11 05:55:00,191.59,191.59,191.39,191.45,2489.3,2025-12-11 05:55:00
1765432800000,2025-12-11 06:00:00,191.45,191.45,191.12,191.33,2591.9,2025-12-11 06:00:00
1765433100000,2025-12-11 06:05:00,191.33,191.37,190.86,190.93,7787.6,2025-12-11 06:05:00
1765433400000,2025-12-11 06:10:00,190.92,191.0,190.68,190.79,3484.8,2025-12-11 06:10:00
1765433700000,2025-12-11 06:15:00,190.79,190.91,190.39,190.39,3893.4,2025-12-11 06:15:00
1765434000000,2025-12-11 06:20:00,190.38,190.38,189.86,190.04,5205.1,2025-12-11 06:20:00
1765434300000,2025-12-11 06:25:00,190.04,190.08,189.74,189.96,3741.0,2025-12-11 06:25:00
1765434600000,2025-12-11 06:30:00,189.97,190.49,189.97,190.45,2915.6,2025-12-11 06:30:00
1765434900000,2025-12-11 06:35:00,190.45,191.24,190.36,191.2,15481.7,2025-12-11 06:35:00
1765435200000,2025-12-11 06:40:00,191.21,191.27,190.2,190.26,7177.7,2025-12-11 06:40:00
1765435500000,2025-12-11 06:45:00,190.26,190.4,190.05,190.05,3562.7,2025-12-11 06:45:00
1765435800000,2025-12-11 06:50:00,190.06,190.18,189.96,189.97,5315.7,2025-12-11 06:50:00
1765436100000,2025-12-11 06:55:00,189.97,190.16,189.85,190.16,3616.8,2025-12-11 06:55:00
1765436400000,2025-12-11 07:00:00,190.15,190.21,189.86,190.06,2791.9,2025-12-11 07:00:00
1765436700000,2025-12-11 07:05:00,190.07,190.24,189.81,189.83,5295.8,2025-12-11 07:05:00
1765437000000,2025-12-11 07:10:00,189.83,190.16,189.75,190.14,3050.0,2025-12-11 07:10:00
1765437300000,2025-12-11 07:15:00,190.14,190.38,190.01,190.12,2832.5,2025-12-11 07:15:00
1765437600000,2025-12-11 07:20:00,190.13,190.14,189.68,189.78,1775.6,2025-12-11 07:20:00
1765437900000,2025-12-11 07:25:00,189.79,189.83,189.51,189.58,2057.4,2025-12-11 07:25:00
1765438200000,2025-12-11 07:30:00,189.57,189.98,189.52,189.67,3765.8,2025-12-11 07:30:00
1765438500000,2025-12-11 07:35:00,189.67,189.86,189.5,189.51,1750.5,2025-12-11 07:35:00
1765438800000,2025-12-11 07:40:00,189.5,189.59,189.31,189.31,1358.1,2025-12-11 07:40:00
1765439100000,2025-12-11 07:45:00,189.31,189.55,189.15,189.51,2293.9,2025-12-11 07:45:00
1765439400000,2025-12-11 07:50:00,189.52,189.67,189.38,189.41,3067.8,2025-12-11 07:50:00
1765439700000,2025-12-11 07:55:00,189.42,189.5,189.29,189.41,1789.6,2025-12-11 07:55:00
1765440000000,2025-12-11 08:00:00,189.41,189.42,188.91,189.12,8252.1,2025-12-11 08:00:00
1765440300000,2025-12-11 08:05:00,189.12,189.36,188.6,188.84,4782.1,2025-12-11 08:05:00
1765440600000,2025-12-11 08:10:00,188.83,188.89,188.58,188.82,3040.2,2025-12-11 08:10:00
1765440900000,2025-12-11 08:15:00,188.83,189.03,188.55,188.59,10177.3,2025-12-11 08:15:00
1765441200000,2025-12-11 08:20:00,188.59,189.06,188.55,188.85,4781.7,2025-12-11 08:20:00
1765441500000,2025-12-11 08:25:00,188.85,188.9,188.61,188.61,3320.9,2025-12-11 08:25:00
1765441800000,2025-12-11 08:30:00,188.6,188.6,188.16,188.23,5382.4,2025-12-11 08:30:00
1765442100000,2025-12-11 08:35:00,188.24,188.32,188.02,188.18,9912.5,2025-12-11 08:35:00
1765442400000,2025-12-11 08:40:00,188.18,188.37,188.14,188.18,9578.7,2025-12-11 08:40:00
1765442700000,2025-12-11 08:45:00,188.18,188.34,188.13,188.31,3623.5,2025-12-11 08:45:00
1765443000000,2025-12-11 08:50:00,188.31,189.14,188.3,188.98,5609.6,2025-12-11 08:50:00
1765443300000,2025-12-11 08:55:00,188.98,189.03,188.87,188.97,5741.6,2025-12-11 08:55:00
1765443600000,2025-12-11 09:00:00,188.97,189.48,188.84,189.05,10806.8,2025-12-11 09:00:00
1765443900000,2025-12-11 09:05:00,189.05,189.7,189.01,189.37,12957.1,2025-12-11 09:05:00
1765444200000,2025-12-11 09:10:00,189.36,189.66,189.17,189.26,1065.6,2025-12-11 09:10:00
1765444500000,2025-12-11 09:15:00,189.26,189.71,189.26,189.71,12494.6,2025-12-11 09:15:00
1765444800000,2025-12-11 09:20:00,189.72,190.12,189.71,189.86,8046.0,2025-12-11 09:20:00
1765445100000,2025-12-11 09:25:00,189.86,190.2,189.7,190.1,2723.7,2025-12-11 09:25:00
1765445400000,2025-12-11 09:30:00,190.1,190.37,189.76,189.76,4704.8,2025-12-11 09:30:00
1765445700000,2025-12-11 09:35:00,189.77,190.01,189.75,189.86,4882.9,2025-12-11 09:35:00
1765446000000,2025-12-11 09:40:00,189.87,189.96,189.5,189.5,4265.1,2025-12-11 09:40:00
1765446300000,2025-12-11 09:45:00,189.5,189.74,189.5,189.63,3879.9,2025-12-11 09:45:00
1765446600000,2025-12-11 09:50:00,189.63,189.63,188.89,188.89,1509.5,2025-12-11 09:50:00
1765446900000,2025-12-11 09:55:00,188.89,188.95,188.63,188.93,2231.0,2025-12-11 09:55:00
1765447200000,2025-12-11 10:00:00,188.93,189.08,188.82,188.87,5728.9,2025-12-11 10:00:00
1765447500000,2025-12-11 10:05:00,188.88,189.02,188.83,189.0,745.7,2025-12-11 10:05:00
1765447800000,2025-12-11 10:10:00,188.99,189.27,188.91,189.17,3033.4,2025-12-11 10:10:00
1765448100000,2025-12-11 10:15:00,189.18,189.18,188.59,188.69,1852.9,2025-12-11 10:15:00
1765448400000,2025-12-11 10:20:00,188.69,188.71,188.31,188.31,3617.2,2025-12-11 10:20:00
1765448700000,2025-12-11 10:25:00,188.31,188.66,188.3,188.55,4118.1,2025-12-11 10:25:00
1765449000000,2025-12-11 10:30:00,188.56,188.61,188.34,188.43,1519.9,2025-12-11 10:30:00
1765449300000,2025-12-11 10:35:00,188.43,188.48,188.29,188.36,4410.1,2025-12-11 10:35:00
1765449600000,2025-12-11 10:40:00,188.37,188.52,188.35,188.49,2274.7,2025-12-11 10:40:00
1765449900000,2025-12-11 10:45:00,188.5,188.93,188.47,188.76,3132.0,2025-12-11 10:45:00
1765450200000,2025-12-11 10:50:00,188.77,189.63,188.77,189.55,4612.1,2025-12-11 10:50:00
1765450500000,2025-12-11 10:55:00,189.55,189.8,189.38,189.65,5143.5,2025-12-11 10:55:00
1765450800000,2025-12-11 11:00:00,189.66,189.87,189.38,189.87,2804.0,2025-12-11 11:00:00
1765451100000,2025-12-11 11:05:00,189.88,190.3,189.88,189.95,8097.4,2025-12-11 11:05:00
1765451400000,2025-12-11 11:10:00,189.96,190.18,189.92,189.92,1774.3,2025-12-11 11:10:00
1765451700000,2025-12-11 11:15:00,189.92,190.06,189.78,190.06,1155.2,2025-12-11 11:15:00
1765452000000,2025-12-11 11:20:00,190.08,190.3,189.87,190.27,3039.7,2025-12-11 11:20:00
1765452300000,2025-12-11 11:25:00,190.27,190.29,189.95,190.12,1766.6,2025-12-11 11:25:00
1765452600000,2025-12-11 11:30:00,190.12,190.39,190.09,190.15,676.6,2025-12-11 11:30:00
1765452900000,2025-12-11 11:35:00,190.15,190.54,190.15,190.44,1428.0,2025-12-11 11:35:00
1765453200000,2025-12-11 11:40:00,190.43,190.5,190.17,190.43,1502.4,2025-12-11 11:40:00
1765453500000,2025-12-11 11:45:00,190.42,190.62,190.34,190.34,2315.8,2025-12-11 11:45:00
1765453800000,2025-12-11 11:50:00,190.35,190.42,190.19,190.27,3527.8,2025-12-11 11:50:00
1765454100000,2025-12-11 11:55:00,190.28,190.3,190.0,190.13,1505.7,2025-12-11 11:55:00
1765454400000,2025-12-11 12:00:00,190.14,190.33,189.98,190.31,5620.2,2025-12-11 12:00:00
1765454700000,2025-12-11 12:05:00,190.3,190.41,189.63,189.64,6689.1,2025-12-11 12:05:00
1765455000000,2025-12-11 12:10:00,189.68,189.77,189.56,189.72,2042.9,2025-12-11 12:10:00
1765455300000,2025-12-11 12:15:00,189.72,189.91,189.49,189.73,2285.6,2025-12-11 12:15:00
1765455600000,2025-12-11 12:20:00,189.73,190.52,189.71,190.47,3332.0,2025-12-11 12:20:00
1765455900000,2025-12-11 12:25:00,190.46,190.46,190.0,190.15,3159.0,2025-12-11 12:25:00
1765456200000,2025-12-11 12:30:00,190.15,191.12,190.11,190.64,8539.4,2025-12-11 12:30:00
1765456500000,2025-12-11 12:35:00,190.64,190.64,190.18,190.3,3967.5,2025-12-11 12:35:00
1765456800000,2025-12-11 12:40:00,190.3,190.48,190.0,190.26,3445.9,2025-12-11 12:40:00
1765457100000,2025-12-11 12:45:00,190.27,190.36,190.04,190.16,2831.0,2025-12-11 12:45:00
1765457400000,2025-12-11 12:50:00,190.16,190.16,189.56,189.7,4529.0,2025-12-11 12:50:00
1765457700000,2025-12-11 12:55:00,189.69,189.79,189.54,189.62,2624.1,2025-12-11 12:55:00
1765458000000,2025-12-11 13:00:00,189.63,189.89,189.63,189.72,3962.0,2025-12-11 13:00:00
1765458300000,2025-12-11 13:05:00,189.72,189.87,189.44,189.55,8195.3,2025-12-11 13:05:00
1765458600000,2025-12-11 13:10:00,189.55,190.74,189.55,190.48,16189.0,2025-12-11 13:10:00
1765458900000,2025-12-11 13:15:00,190.48,190.59,190.23,190.49,6380.5,2025-12-11 13:15:00
1765459200000,2025-12-11 13:20:00,190.49,191.18,190.48,190.98,18118.4,2025-12-11 13:20:00
1765459500000,2025-12-11 13:25:00,190.98,191.59,190.98,191.15,15129.9,2025-12-11 13:25:00
1765459800000,2025-12-11 13:30:00,191.13,191.64,190.79,191.19,21369.9,2025-12-11 13:30:00
1765460100000,2025-12-11 13:35:00,191.19,191.95,191.18,191.72,23965.5,2025-12-11 13:35:00
1765460400000,2025-12-11 13:40:00,191.73,191.93,191.21,191.25,12021.7,2025-12-11 13:40:00
1765460700000,2025-12-11 13:45:00,191.25,191.7,190.96,191.48,10187.6,2025-12-11 13:45:00
1765461000000,2025-12-11 13:50:00,191.48,191.92,191.19,191.67,8895.9,2025-12-11 13:50:00
1765461300000,2025-12-11 13:55:00,191.67,191.69,191.14,191.62,8692.5,2025-12-11 13:55:00
1765461600000,2025-12-11 14:00:00,191.62,191.8,191.44,191.68,5878.8,2025-12-11 14:00:00
1765461900000,2025-12-11 14:05:00,191.68,191.71,191.38,191.56,3841.1,2025-12-11 14:05:00
1765462200000,2025-12-11 14:10:00,191.57,191.77,191.52,191.71,2685.8,2025-12-11 14:10:00
1765462500000,2025-12-11 14:15:00,191.7,192.27,191.66,191.85,9421.3,2025-12-11 14:15:00
1765462800000,2025-12-11 14:20:00,191.85,191.92,191.59,191.65,4713.2,2025-12-11 14:20:00
1765463100000,2025-12-11 14:25:00,191.65,191.67,190.7,190.72,6391.6,2025-12-11 14:25:00
1765463400000,2025-12-11 14:30:00,190.72,190.95,189.01,190.18,47212.2,2025-12-11 14:30:00
1765463700000,2025-12-11 14:35:00,190.18,191.35,190.18,191.02,12378.0,2025-12-11 14:35:00
1765464000000,2025-12-11 14:40:00,191.0,191.22,190.12,190.55,17689.7,2025-12-11 14:40:00
1765464300000,2025-12-11 14:45:00,190.53,190.74,189.46,189.6,37571.1,2025-12-11 14:45:00
1765464600000,2025-12-11 14:50:00,189.59,189.59,188.72,188.83,28430.2,2025-12-11 14:50:00
1765464900000,2025-12-11 14:55:00,188.83,189.79,188.31,188.99,36547.6,2025-12-11 14:55:00
1765465200000,2025-12-11 15:00:00,188.99,190.04,188.59,189.71,15770.6,2025-12-11 15:00:00
1765465500000,2025-12-11 15:05:00,189.7,191.69,189.54,191.09,54934.9,2025-12-11 15:05:00
1765465800000,2025-12-11 15:10:00,191.09,191.3,190.34,190.78,14581.2,2025-12-11 15:10:00
1765466100000,2025-12-11 15:15:00,190.76,191.07,190.01,191.03,12365.9,2025-12-11 15:15:00
1765466400000,2025-12-11 15:20:00,191.04,192.74,191.04,192.66,24451.0,2025-12-11 15:20:00
1765466700000,2025-12-11 15:25:00,192.66,192.94,191.67,191.67,17755.3,2025-12-11 15:25:00
1765467000000,2025-12-11 15:30:00,191.66,191.75,190.75,191.17,28406.4,2025-12-11 15:30:00
1765467300000,2025-12-11 15:35:00,191.17,191.29,190.16,190.16,29012.8,2025-12-11 15:35:00
1765467600000,2025-12-11 15:40:00,190.14,191.08,190.1,190.86,12791.0,2025-12-11 15:40:00
1765467900000,2025-12-11 15:45:00,190.85,191.65,190.62,190.68,11138.0,2025-12-11 15:45:00
1765468200000,2025-12-11 15:50:00,190.67,190.91,189.94,190.38,7470.0,2025-12-11 15:50:00
1765468500000,2025-12-11 15:55:00,190.39,190.97,190.39,190.79,5597.1,2025-12-11 15:55:00
1765468800000,2025-12-11 16:00:00,190.79,191.35,190.62,191.02,13184.1,2025-12-11 16:00:00
1765469100000,2025-12-11 16:05:00,191.02,191.09,189.81,189.94,13839.7,2025-12-11 16:05:00
1765469400000,2025-12-11 16:10:00,189.93,190.22,189.7,189.76,10611.2,2025-12-11 16:10:00
1765469700000,2025-12-11 16:15:00,189.75,189.93,189.21,189.86,12906.7,2025-12-11 16:15:00
1765470000000,2025-12-11 16:20:00,189.86,191.1,189.69,190.97,14273.3,2025-12-11 16:20:00
1765470300000,2025-12-11 16:25:00,190.98,191.0,190.37,190.83,8129.8,2025-12-11 16:25:00
1765470600000,2025-12-11 16:30:00,190.83,191.1,190.16,190.5,4090.9,2025-12-11 16:30:00
1765470900000,2025-12-11 16:35:00,190.49,191.39,190.01,191.34,13890.7,2025-12-11 16:35:00
1765471200000,2025-12-11 16:40:00,191.36,192.51,191.06,192.32,17066.4,2025-12-11 16:40:00
1765471500000,2025-12-11 16:45:00,192.34,193.11,191.68,191.77,29647.4,2025-12-11 16:45:00
1765471800000,2025-12-11 16:50:00,191.78,191.86,191.04,191.17,11500.6,2025-12-11 16:50:00
1765472100000,2025-12-11 16:55:00,191.18,191.33,190.83,191.12,7968.7,2025-12-11 16:55:00
1765472400000,2025-12-11 17:00:00,191.11,191.43,190.97,191.28,15201.1,2025-12-11 17:00:00
1765472700000,2025-12-11 17:05:00,191.28,191.62,190.86,191.12,3163.1,2025-12-11 17:05:00
1765473000000,2025-12-11 17:10:00,191.12,191.47,190.71,190.8,6242.9,2025-12-11 17:10:00
1765473300000,2025-12-11 17:15:00,190.81,190.96,190.56,190.96,5356.4,2025-12-11 17:15:00
1765473600000,2025-12-11 17:20:00,190.96,191.81,190.95,191.64,10963.9,2025-12-11 17:20:00
1765473900000,2025-12-11 17:25:00,191.65,192.5,191.64,191.88,6419.7,2025-12-11 17:25:00
1765474200000,2025-12-11 17:30:00,191.88,192.34,191.41,191.69,7704.5,2025-12-11 17:30:00
1765474500000,2025-12-11 17:35:00,191.7,192.61,191.56,192.22,6176.1,2025-12-11 17:35:00
1765474800000,2025-12-11 17:40:00,192.22,192.25,191.33,191.5,19666.9,2025-12-11 17:40:00
1765475100000,2025-12-11 17:45:00,191.5,191.91,191.41,191.68,7626.7,2025-12-11 17:45:00
1765475400000,2025-12-11 17:50:00,191.67,191.71,191.39,191.57,5429.2,2025-12-11 17:50:00
1765475700000,2025-12-11 17:55:00,191.57,191.63,191.18,191.27,2380.7,2025-12-11 17:55:00
1765476000000,2025-12-11 18:00:00,191.27,192.51,190.98,192.46,7769.5,2025-12-11 18:00:00
1765476300000,2025-12-11 18:05:00,192.46,192.74,192.1,192.13,2347.4,2025-12-11 18:05:00
1765476600000,2025-12-11 18:10:00,192.13,192.99,191.95,192.59,7481.0,2025-12-11 18:10:00
1765476900000,2025-12-11 18:15:00,192.6,193.0,192.5,192.82,2994.0,2025-12-11 18:15:00
1765477200000,2025-12-11 18:20:00,192.81,192.98,192.1,192.25,4739.9,2025-12-11 18:20:00
1765477500000,2025-12-11 18:25:00,192.25,192.43,192.04,192.25,3210.4,2025-12-11 18:25:00
1765477800000,2025-12-11 18:30:00,192.25,192.36,192.08,192.16,2537.3,2025-12-11 18:30:00
1765478100000,2025-12-11 18:35:00,192.16,192.64,191.91,192.12,4550.4,2025-12-11 18:35:00
1765478400000,2025-12-11 18:40:00,192.13,194.16,191.85,194.14,41959.7,2025-12-11 18:40:00
1765478700000,2025-12-11 18:45:00,194.16,194.92,193.48,193.72,31458.2,2025-12-11 18:45:00
1765479000000,2025-12-11 18:50:00,193.73,194.06,192.43,192.8,19689.5,2025-12-11 18:50:00
1765479300000,2025-12-11 18:55:00,192.81,193.36,192.62,193.31,11815.4,2025-12-11 18:55:00
1765479600000,2025-12-11 19:00:00,193.32,194.0,193.32,193.39,8674.7,2025-12-11 19:00:00
1765479900000,2025-12-11 19:05:00,193.39,193.39,192.62,192.95,8378.8,2025-12-11 19:05:00
1765480200000,2025-12-11 19:10:00,192.95,193.35,192.72,193.34,5749.8,2025-12-11 19:10:00
1765480500000,2025-12-11 19:15:00,193.35,194.08,193.07,193.66,5491.4,2025-12-11 19:15:00
1765480800000,2025-12-11 19:20:00,193.66,194.36,193.02,194.21,25883.7,2025-12-11 19:20:00
1765481100000,2025-12-11 19:25:00,194.2,194.43,193.59,194.23,3429.5,2025-12-11 19:25:00
1765481400000,2025-12-11 19:30:00,194.24,194.93,194.14,194.84,16307.1,2025-12-11 19:30:00
1765481700000,2025-12-11 19:35:00,194.84,195.84,194.75,195.35,26752.6,2025-12-11 19:35:00
1765482000000,2025-12-11 19:40:00,195.35,195.56,194.82,195.15,5644.0,2025-12-11 19:40:00
1765482300000,2025-12-11 19:45:00,195.15,195.68,194.99,195.68,4603.8,2025-12-11 19:45:00
1765482600000,2025-12-11 19:50:00,195.69,195.74,194.42,194.54,14334.1,2025-12-11 19:50:00
1765482900000,2025-12-11 19:55:00,194.54,194.72,193.42,193.67,18845.5,2025-12-11 19:55:00
1765483200000,2025-12-11 20:00:00,193.67,194.33,193.53,194.28,11522.4,2025-12-11 20:00:00
1765483500000,2025-12-11 20:05:00,194.28,195.22,194.01,195.13,8218.6,2025-12-11 20:05:00
1765483800000,2025-12-11 20:10:00,195.12,195.86,194.87,195.4,5398.2,2025-12-11 20:10:00
1765484100000,2025-12-11 20:15:00,195.4,195.86,195.04,195.2,6754.7,2025-12-11 20:15:00
1765484400000,2025-12-11 20:20:00,195.2,195.61,194.9,195.08,8940.9,2025-12-11 20:20:00
1765484700000,2025-12-11 20:25:00,195.08,195.1,194.41,194.68,8234.3,2025-12-11 20:25:00
1765485000000,2025-12-11 20:30:00,194.69,196.25,194.62,195.85,19106.7,2025-12-11 20:30:00
1765485300000,2025-12-11 20:35:00,195.85,196.12,195.0,195.83,14077.7,2025-12-11 20:35:00
1765485600000,2025-12-11 20:40:00,195.85,196.66,195.64,195.74,13543.0,2025-12-11 20:40:00
1765485900000,2025-12-11 20:45:00,195.71,196.03,194.96,195.19,8685.7,2025-12-11 20:45:00
1765486200000,2025-12-11 20:50:00,195.2,195.99,195.2,195.54,6598.0,2025-12-11 20:50:00
1765486500000,2025-12-11 20:55:00,195.53,196.65,195.52,196.28,12369.0,2025-12-11 20:55:00
1765486800000,2025-12-11 21:00:00,196.29,196.94,195.97,196.5,12917.5,2025-12-11 21:00:00
1765487100000,2025-12-11 21:05:00,196.5,197.79,196.42,197.25,23213.9,2025-12-11 21:05:00
1765487400000,2025-12-11 21:10:00,197.26,198.15,197.16,197.5,24304.7,2025-12-11 21:10:00
1765487700000,2025-12-11 21:15:00,197.51,199.88,197.51,198.79,71559.0,2025-12-11 21:15:00
1765488000000,2025-12-11 21:20:00,198.8,199.4,198.46,199.27,21761.0,2025-12-11 21:20:00
1765488300000,2025-12-11 21:25:00,199.27,200.0,198.75,199.99,27386.4,2025-12-11 21:25:00
1765488600000,2025-12-11 21:30:00,199.99,201.59,199.99,201.1,38808.9,2025-12-11 21:30:00
1765488900000,2025-12-11 21:35:00,201.1,201.42,199.66,200.15,21264.9,2025-12-11 21:35:00
1765489200000,2025-12-11 21:40:00,200.16,201.11,199.95,201.03,17791.2,2025-12-11 21:40:00
1765489500000,2025-12-11 21:45:00,201.03,201.72,200.89,201.28,27247.6,2025-12-11 21:45:00
1765489800000,2025-12-11 21:50:00,201.29,201.65,200.48,201.11,10811.5,2025-12-11 21:50:00
1765490100000,2025-12-11 21:55:00,201.12,201.39,200.56,200.91,12473.8,2025-12-11 21:55:00
1765490400000,2025-12-11 22:00:00,200.92,201.71,200.79,201.14,12501.7,2025-12-11 22:00:00
1765490700000,2025-12-11 22:05:00,201.14,201.35,200.83,200.83,6432.2,2025-12-11 22:05:00
1765491000000,2025-12-11 22:10:00,200.83,202.38,200.82,202.12,18000.9,2025-12-11 22:10:00
1765491300000,2025-12-11 22:15:00,202.14,202.47,200.87,201.31,14920.9,2025-12-11 22:15:00
1765491600000,2025-12-11 22:20:00,201.31,201.44,200.1,200.59,32037.1,2025-12-11 22:20:00
1765491900000,2025-12-11 22:25:00,200.58,201.15,200.31,200.96,18546.3,2025-12-11 22:25:00
1765492200000,2025-12-11 22:30:00,200.99,202.08,200.45,202.0,15841.6,2025-12-11 22:30:00
1765492500000,2025-12-11 22:35:00,201.99,202.19,201.1,202.15,18961.5,2025-12-11 22:35:00
1765492800000,2025-12-11 22:40:00,202.14,202.29,201.31,201.55,29126.5,2025-12-11 22:40:00
1765493100000,2025-12-11 22:45:00,201.55,201.55,200.52,201.04,9672.3,2025-12-11 22:45:00
1765493400000,2025-12-11 22:50:00,201.07,201.49,200.98,201.22,6994.6,2025-12-11 22:50:00
1765493700000,2025-12-11 22:55:00,201.21,201.73,200.96,201.33,7027.7,2025-12-11 22:55:00
1765494000000,2025-12-11 23:00:00,201.32,201.99,200.74,200.74,10823.8,2025-12-11 23:00:00
1765494300000,2025-12-11 23:05:00,200.74,201.35,200.45,200.46,10064.3,2025-12-11 23:05:00
1765494600000,2025-12-11 23:10:00,200.45,200.92,199.99,200.54,14259.2,2025-12-11 23:10:00
1765494900000,2025-12-11 23:15:00,200.56,201.25,200.45,200.97,8549.9,2025-12-11 23:15:00
1765495200000,2025-12-11 23:20:00,200.96,201.95,200.86,201.43,10828.3,2025-12-11 23:20:00
1765495500000,2025-12-11 23:25:00,201.44,201.75,201.37,201.48,9513.2,2025-12-11 23:25:00
1765495800000,2025-12-11 23:30:00,201.48,201.96,201.31,201.94,8494.8,2025-12-11 23:30:00
1765496100000,2025-12-11 23:35:00,201.95,202.77,201.95,202.74,20174.5,2025-12-11 23:35:00
1765496400000,2025-12-11 23:40:00,202.73,202.92,202.42,202.84,13456.5,2025-12-11 23:40:00
1765496700000,2025-12-11 23:45:00,202.84,203.3,202.25,202.4,27288.1,2025-12-11 23:45:00
1765497000000,2025-12-11 23:50:00,202.41,202.94,201.52,201.93,17201.5,2025-12-11 23:50:00
1765497300000,2025-12-11 23:55:00,201.92,202.49,201.81,202.41,7012.0,2025-12-11 23:55:00
1765497600000,2025-12-12 00:00:00,202.41,203.72,202.35,202.93,38433.4,2025-12-12 00:00:00
1765497900000,2025-12-12 00:05:00,202.91,203.39,202.68,202.88,13596.9,2025-12-12 00:05:00
1765498200000,2025-12-12 00:10:00,202.87,203.47,202.72,203.17,16757.5,2025-12-12 00:10:00
1765498500000,2025-12-12 00:15:00,203.17,204.82,203.17,204.61,40305.9,2025-12-12 00:15:00
1765498800000,2025-12-12 00:20:00,204.6,205.88,204.22,204.59,48018.2,2025-12-12 00:20:00
1765499100000,2025-12-12 00:25:00,204.6,205.12,204.29,204.91,23577.9,2025-12-12 00:25:00
1765499400000,2025-12-12 00:30:00,204.9,205.52,204.81,204.96,22247.4,2025-12-12 00:30:00
1765499700000,2025-12-12 00:35:00,204.98,205.07,204.5,204.61,9933.2,2025-12-12 00:35:00
1765500000000,2025-12-12 00:40:00,204.61,205.08,203.73,203.94,19940.2,2025-12-12 00:40:00
1765500300000,2025-12-12 00:45:00,203.96,204.02,203.0,203.1,14396.5,2025-12-12 00:45:00
1765500600000,2025-12-12 00:50:00,203.11,203.18,201.95,202.23,31328.6,2025-12-12 00:50:00
1765500900000,2025-12-12 00:55:00,202.24,202.82,200.97,201.27,29922.0,2025-12-12 00:55:00
1765501200000,2025-12-12 01:00:00,201.28,202.7,201.28,201.55,39356.9,2025-12-12 01:00:00
1765501500000,2025-12-12 01:05:00,201.55,202.47,201.55,202.28,14909.5,2025-12-12 01:05:00
1765501800000,2025-12-12 01:10:00,202.26,202.38,201.82,202.27,10618.1,2025-12-12 01:10:00
1765502100000,2025-12-12 01:15:00,202.27,203.68,202.2,203.67,17069.2,2025-12-12 01:15:00
1765502400000,2025-12-12 01:20:00,203.67,204.16,203.46,203.67,21958.4,2025-12-12 01:20:00
1765502700000,2025-12-12 01:25:00,203.67,203.67,202.91,203.34,21774.3,2025-12-12 01:25:00
1765503000000,2025-12-12 01:30:00,203.35,204.54,203.1,204.54,23356.7,2025-12-12 01:30:00
1765503300000,2025-12-12 01:35:00,204.54,204.61,203.63,204.2,17196.0,2025-12-12 01:35:00
1765503600000,2025-12-12 01:40:00,204.22,204.31,203.8,203.92,14642.7,2025-12-12 01:40:00
1765503900000,2025-12-12 01:45:00,203.92,204.21,203.58,203.6,10772.4,2025-12-12 01:45:00
1765504200000,2025-12-12 01:50:00,203.61,203.8,203.3,203.46,6453.3,2025-12-12 01:50:00
1765504500000,2025-12-12 01:55:00,203.46,203.88,203.28,203.78,5315.5,2025-12-12 01:55:00
1765504800000,2025-12-12 02:00:00,203.77,203.78,202.92,203.31,8668.8,2025-12-12 02:00:00
1765505100000,2025-12-12 02:05:00,203.31,203.66,203.19,203.36,12477.5,2025-12-12 02:05:00
1765505400000,2025-12-12 02:10:00,203.37,204.64,203.37,204.22,17019.2,2025-12-12 02:10:00
1765505700000,2025-12-12 02:15:00,204.22,204.47,204.01,204.13,9762.2,2025-12-12 02:15:00
1765506000000,2025-12-12 02:20:00,204.13,204.66,203.79,203.79,8142.7,2025-12-12 02:20:00
1765506300000,2025-12-12 02:25:00,203.79,203.92,203.61,203.66,4195.9,2025-12-12 02:25:00
1765506600000,2025-12-12 02:30:00,203.67,203.83,203.09,203.1,7407.7,2025-12-12 02:30:00
1765506900000,2025-12-12 02:35:00,203.1,204.03,203.05,203.5,14835.1,2025-12-12 02:35:00
1765507200000,2025-12-12 02:40:00,203.49,204.13,203.46,203.74,10595.5,2025-12-12 02:40:00
1765507500000,2025-12-12 02:45:00,203.74,204.63,203.61,204.63,9484.3,2025-12-12 02:45:00
1765507800000,2025-12-12 02:50:00,204.63,204.98,204.15,204.88,17681.3,2025-12-12 02:50:00
1765508100000,2025-12-12 02:55:00,204.88,206.02,204.85,205.56,32827.5,2025-12-12 02:55:00
1765508400000,2025-12-12 03:00:00,205.57,205.72,205.0,205.18,12024.0,2025-12-12 03:00:00
1765508700000,2025-12-12 03:05:00,205.18,206.8,205.18,205.44,48726.0,2025-12-12 03:05:00
1765509000000,2025-12-12 03:10:00,205.43,205.52,204.31,204.34,9826.3,2025-12-12 03:10:00
1765509300000,2025-12-12 03:15:00,204.34,205.39,204.34,204.36,27232.7,2025-12-12 03:15:00
1765509600000,2025-12-12 03:20:00,204.37,204.51,204.2,204.43,21772.6,2025-12-12 03:20:00
1765509900000,2025-12-12 03:25:00,204.42,204.58,203.55,203.56,23704.3,2025-12-12 03:25:00
1765510200000,2025-12-12 03:30:00,203.55,204.26,203.35,204.22,13409.9,2025-12-12 03:30:00
1765510500000,2025-12-12 03:35:00,204.21,205.84,203.92,205.53,25405.7,2025-12-12 03:35:00
1765510800000,2025-12-12 03:40:00,205.52,205.89,204.82,205.0,18098.1,2025-12-12 03:40:00
1765511100000,2025-12-12 03:45:00,205.0,205.15,204.46,204.6,12820.6,2025-12-12 03:45:00
1765511400000,2025-12-12 03:50:00,204.61,204.86,204.57,204.57,4355.8,2025-12-12 03:50:00
1765511700000,2025-12-12 03:55:00,204.57,204.58,204.28,204.41,6061.1,2025-12-12 03:55:00
1765512000000,2025-12-12 04:00:00,204.41,204.46,204.04,204.1,6674.3,2025-12-12 04:00:00
1765512300000,2025-12-12 04:05:00,204.1,204.11,203.56,203.68,6427.0,2025-12-12 04:05:00
1765512600000,2025-12-12 04:10:00,203.68,203.88,203.56,203.82,7454.4,2025-12-12 04:10:00
1765512900000,2025-12-12 04:15:00,203.83,203.88,203.64,203.88,7085.7,2025-12-12 04:15:00
1765513200000,2025-12-12 04:20:00,203.88,204.11,203.67,203.92,5087.5,2025-12-12 04:20:00
1765513500000,2025-12-12 04:25:00,203.92,203.93,203.6,203.65,7268.0,2025-12-12 04:25:00
1765513800000,2025-12-12 04:30:00,203.64,203.78,202.65,202.73,31782.3,2025-12-12 04:30:00
1765514100000,2025-12-12 04:35:00,202.73,203.05,202.49,202.89,15224.5,2025-12-12 04:35:00
1765514400000,2025-12-12 04:40:00,202.9,203.01,202.78,203.0,7520.4,2025-12-12 04:40:00
1765514700000,2025-12-12 04:45:00,203.0,203.53,203.0,203.51,14883.1,2025-12-12 04:45:00
1765515000000,2025-12-12 04:50:00,203.51,203.65,203.4,203.47,6769.2,2025-12-12 04:50:00
1765515300000,2025-12-12 04:55:00,203.47,203.63,202.86,202.96,6750.1,2025-12-12 04:55:00
1765515600000,2025-12-12 05:00:00,202.97,203.48,202.97,203.39,7052.9,2025-12-12 05:00:00
1765515900000,2025-12-12 05:05:00,203.4,203.96,203.3,203.44,9932.5,2025-12-12 05:05:00
1765516200000,2025-12-12 05:10:00,203.43,203.43,202.84,202.84,6751.5,2025-12-12 05:10:00
1765516500000,2025-12-12 05:15:00,202.84,203.15,202.84,202.88,1284.0,2025-12-12 05:15:00
1765516800000,2025-12-12 05:20:00,202.88,203.19,202.61,202.83,7531.3,2025-12-12 05:20:00
1765517100000,2025-12-12 05:25:00,202.83,202.92,202.69,202.84,6242.9,2025-12-12 05:25:00
1765517400000,2025-12-12 05:30:00,202.84,202.88,202.2,202.35,19979.0,2025-12-12 05:30:00
1765517700000,2025-12-12 05:35:00,202.35,202.92,202.31,202.91,4984.0,2025-12-12 05:35:00
1765518000000,2025-12-12 05:40:00,202.92,203.4,202.8,203.4,6368.9,2025-12-12 05:40:00
1765518300000,2025-12-12 05:45:00,203.4,204.6,203.33,204.3,25738.2,2025-12-12 05:45:00
1765518600000,2025-12-12 05:50:00,204.31,204.31,203.88,203.88,3488.8,2025-12-12 05:50:00
1765518900000,2025-12-12 05:55:00,203.88,204.24,203.87,204.15,7599.9,2025-12-12 05:55:00
1765519200000,2025-12-12 06:00:00,204.15,204.98,204.12,204.98,9539.2,2025-12-12 06:00:00
1765519500000,2025-12-12 06:05:00,204.98,205.38,204.85,205.33,12932.5,2025-12-12 06:05:00
1765519800000,2025-12-12 06:10:00,205.34,205.7,205.2,205.67,6645.2,2025-12-12 06:10:00
1765520100000,2025-12-12 06:15:00,205.67,206.0,205.15,205.7,19520.8,2025-12-12 06:15:00
1765520400000,2025-12-12 06:20:00,205.71,206.04,205.52,205.74,10635.8,2025-12-12 06:20:00
1765520700000,2025-12-12 06:25:00,205.74,205.83,205.43,205.68,5685.4,2025-12-12 06:25:00
1765521000000,2025-12-12 06:30:00,205.68,206.05,205.61,205.94,5789.9,2025-12-12 06:30:00
1765521300000,2025-12-12 06:35:00,205.95,206.19,205.52,205.53,11223.3,2025-12-12 06:35:00
1765521600000,2025-12-12 06:40:00,205.54,205.66,205.38,205.55,5830.2,2025-12-12 06:40:00
1765521900000,2025-12-12 06:45:00,205.56,205.61,204.92,205.32,25359.3,2025-12-12 06:45:00
1765522200000,2025-12-12 06:50:00,205.33,205.48,205.17,205.48,8137.2,2025-12-12 06:50:00
1765522500000,2025-12-12 06:55:00,205.49,205.57,204.94,204.99,11497.3,2025-12-12 06:55:00
1765522800000,2025-12-12 07:00:00,205.0,205.22,204.82,205.04,11170.0,2025-12-12 07:00:00
1765523100000,2025-12-12 07:05:00,205.05,205.05,204.49,204.79,12404.6,2025-12-12 07:05:00
1765523400000,2025-12-12 07:10:00,204.78,205.38,204.76,204.99,11924.1,2025-12-12 07:10:00
1765523700000,2025-12-12 07:15:00,204.99,205.12,204.74,205.02,5627.2,2025-12-12 07:15:00
1765524000000,2025-12-12 07:20:00,205.03,205.49,205.0,205.0,2984.5,2025-12-12 07:20:00
1765524300000,2025-12-12 07:25:00,205.0,205.14,204.93,204.97,1150.2,2025-12-12 07:25:00
1765524600000,2025-12-12 07:30:00,204.97,205.95,204.93,205.49,12029.6,2025-12-12 07:30:00
1765524900000,2025-12-12 07:35:00,205.49,205.57,204.42,204.58,18177.6,2025-12-12 07:35:00
1765525200000,2025-12-12 07:40:00,204.59,205.27,204.59,205.19,10158.6,2025-12-12 07:40:00
1765525500000,2025-12-12 07:45:00,205.19,205.19,203.88,204.15,23714.2,2025-12-12 07:45:00
1765525800000,2025-12-12 07:50:00,204.12,204.42,204.01,204.31,13690.1,2025-12-12 07:50:00
1765526100000,2025-12-12 07:55:00,204.31,204.57,204.28,204.35,7655.8,2025-12-12 07:55:00
1765526400000,2025-12-12 08:00:00,204.35,204.35,203.65,204.07,12403.4,2025-12-12 08:00:00
1765526700000,2025-12-12 08:05:00,204.07,204.13,203.83,204.07,2204.9,2025-12-12 08:05:00
1765527000000,2025-12-12 08:10:00,204.08,204.59,204.07,204.53,5166.3,2025-12-12 08:10:00
1765527300000,2025-12-12 08:15:00,204.54,204.72,204.48,204.61,7133.4,2025-12-12 08:15:00
1765527600000,2025-12-12 08:20:00,204.6,204.61,204.03,204.19,3499.5,2025-12-12 08:20:00
1765527900000,2025-12-12 08:25:00,204.2,204.32,203.93,204.0,6662.7,2025-12-12 08:25:00
1765528200000,2025-12-12 08:30:00,204.02,204.06,203.22,203.92,12326.9,2025-12-12 08:30:00
1765528500000,2025-12-12 08:35:00,203.91,203.91,203.54,203.9,4923.8,2025-12-12 08:35:00
1765528800000,2025-12-12 08:40:00,203.9,204.23,203.86,204.16,4992.4,2025-12-12 08:40:00
1765529100000,2025-12-12 08:45:00,204.16,204.22,203.66,204.18,9860.0,2025-12-12 08:45:00
1765529400000,2025-12-12 08:50:00,204.19,204.88,204.19,204.55,9930.3,2025-12-12 08:50:00
1765529700000,2025-12-12 08:55:00,204.56,204.56,204.2,204.45,4083.8,2025-12-12 08:55:00
1765530000000,2025-12-12 09:00:00,204.44,205.08,204.38,204.8,5857.2,2025-12-12 09:00:00
1765530300000,2025-12-12 09:05:00,204.82,204.97,204.46,204.49,1967.3,2025-12-12 09:05:00
1765530600000,2025-12-12 09:10:00,204.5,205.06,204.44,205.05,6111.4,2025-12-12 09:10:00
1765530900000,2025-12-12 09:15:00,205.06,205.36,204.83,205.08,14081.2,2025-12-12 09:15:00
1765531200000,2025-12-12 09:20:00,205.09,205.09,204.34,204.38,5495.7,2025-12-12 09:20:00
1765531500000,2025-12-12 09:25:00,204.36,204.67,203.82,203.82,9565.5,2025-12-12 09:25:00
1765531800000,2025-12-12 09:30:00,203.83,204.33,203.83,204.07,4732.8,2025-12-12 09:30:00
1765532100000,2025-12-12 09:35:00,204.06,204.32,203.66,203.73,11736.7,2025-12-12 09:35:00
1765532400000,2025-12-12 09:40:00,203.73,204.04,203.69,203.83,5459.6,2025-12-12 09:40:00
1765532700000,2025-12-12 09:45:00,203.83,204.35,203.78,204.32,7931.6,2025-12-12 09:45:00
1765533000000,2025-12-12 09:50:00,204.33,205.26,204.32,204.75,11984.2,2025-12-12 09:50:00
1765533300000,2025-12-12 09:55:00,204.75,205.75,204.66,205.45,15062.8,2025-12-12 09:55:00
1765533600000,2025-12-12 10:00:00,205.44,205.65,205.26,205.47,8331.6,2025-12-12 10:00:00
1765533900000,2025-12-12 10:05:00,205.48,206.59,205.44,206.3,31219.2,2025-12-12 10:05:00
1765534200000,2025-12-12 10:10:00,206.31,206.6,206.14,206.19,11173.1,2025-12-12 10:10:00
1765534500000,2025-12-12 10:15:00,206.2,206.2,205.45,205.74,11293.2,2025-12-12 10:15:00
1765534800000,2025-12-12 10:20:00,205.74,206.08,205.49,205.99,7875.8,2025-12-12 10:20:00
1765535100000,2025-12-12 10:25:00,205.96,206.28,205.95,206.06,7542.3,2025-12-12 10:25:00
1765535400000,2025-12-12 10:30:00,206.04,206.15,205.91,206.12,2211.5,2025-12-12 10:30:00
1765535700000,2025-12-12 10:35:00,206.12,206.12,205.69,205.94,3266.1,2025-12-12 10:35:00
1765536000000,2025-12-12 10:40:00,205.94,206.35,205.89,206.03,5675.3,2025-12-12 10:40:00
1765536300000,2025-12-12 10:45:00,206.02,206.03,205.61,205.87,4205.6,2025-12-12 10:45:00
1765536600000,2025-12-12 10:50:00,205.87,206.27,205.71,205.97,7818.4,2025-12-12 10:50:00
1765536900000,2025-12-12 10:55:00,205.98,206.33,205.95,206.01,6787.3,2025-12-12 10:55:00
1765537200000,2025-12-12 11:00:00,206.0,206.07,205.44,205.64,4543.1,2025-12-12 11:00:00
1765537500000,2025-12-12 11:05:00,205.64,205.96,205.53,205.7,5757.3,2025-12-12 11:05:00
1765537800000,2025-12-12 11:10:00,205.71,205.85,205.59,205.75,1862.0,2025-12-12 11:10:00
1765538100000,2025-12-12 11:15:00,205.75,205.76,204.96,204.96,6786.5,2025-12-12 11:15:00
1765538400000,2025-12-12 11:20:00,204.96,205.45,204.96,205.24,8657.5,2025-12-12 11:20:00
1765538700000,2025-12-12 11:25:00,205.24,205.58,205.09,205.1,1487.3,2025-12-12 11:25:00
1765539000000,2025-12-12 11:30:00,205.09,205.29,205.0,205.15,2528.5,2025-12-12 11:30:00
1765539300000,2025-12-12 11:35:00,205.15,205.33,204.64,204.74,12553.1,2025-12-12 11:35:00
1765539600000,2025-12-12 11:40:00,204.73,205.23,204.7,205.1,3967.9,2025-12-12 11:40:00
1765539900000,2025-12-12 11:45:00,205.1,205.23,204.96,205.19,2476.3,2025-12-12 11:45:00
1765540200000,2025-12-12 11:50:00,205.18,205.56,205.15,205.53,7600.4,2025-12-12 11:50:00
1765540500000,2025-12-12 11:55:00,205.53,205.74,205.25,205.69,2776.4,2025-12-12 11:55:00
1765540800000,2025-12-12 12:00:00,205.68,205.69,204.71,204.84,7108.0,2025-12-12 12:00:00
1765541100000,2025-12-12 12:05:00,204.85,204.94,204.47,204.68,6465.0,2025-12-12 12:05:00
1765541400000,2025-12-12 12:10:00,204.69,204.86,204.58,204.66,12190.4,2025-12-12 12:10:00
1765541700000,2025-12-12 12:15:00,204.66,204.82,204.49,204.61,8311.0,2025-12-12 12:15:00
1765542000000,2025-12-12 12:20:00,204.59,204.98,204.58,204.98,7794.1,2025-12-12 12:20:00
1765542300000,2025-12-12 12:25:00,204.98,205.0,204.44,204.51,2914.0,2025-12-12 12:25:00
1765542600000,2025-12-12 12:30:00,204.51,205.04,204.25,204.29,6826.9,2025-12-12 12:30:00
1765542900000,2025-12-12 12:35:00,204.29,204.34,203.71,203.99,21468.1,2025-12-12 12:35:00
1765543200000,2025-12-12 12:40:00,203.98,204.09,203.41,203.7,9534.4,2025-12-12 12:40:00
1765543500000,2025-12-12 12:45:00,203.7,203.75,203.42,203.43,10521.9,2025-12-12 12:45:00
1765543800000,2025-12-12 12:50:00,203.43,204.26,203.43,204.12,8346.1,2025-12-12 12:50:00
1765544100000,2025-12-12 12:55:00,204.12,204.32,203.93,204.0,5141.8,2025-12-12 12:55:00
1765544400000,2025-12-12 13:00:00,203.99,204.07,203.64,203.85,8359.0,2025-12-12 13:00:00
1765544700000,2025-12-12 13:05:00,203.85,204.06,203.7,203.76,14733.3,2025-12-12 13:05:00
1765545000000,2025-12-12 13:10:00,203.78,204.32,203.78,204.22,3661.1,2025-12-12 13:10:00
1765545300000,2025-12-12 13:15:00,204.22,204.46,203.86,204.34,10122.1,2025-12-12 13:15:00
1765545600000,2025-12-12 13:20:00,204.33,204.46,203.68,203.68,5061.0,2025-12-12 13:20:00
1765545900000,2025-12-12 13:25:00,203.69,203.98,203.32,203.48,9736.0,2025-12-12 13:25:00
1765546200000,2025-12-12 13:30:00,203.49,204.2,203.49,204.2,4448.3,2025-12-12 13:30:00
1765546500000,2025-12-12 13:35:00,204.2,204.23,203.78,203.85,4490.4,2025-12-12 13:35:00
1765546800000,2025-12-12 13:40:00,203.84,203.97,203.25,203.38,15651.7,2025-12-12 13:40:00
1765547100000,2025-12-12 13:45:00,203.38,204.76,203.29,204.47,15269.4,2025-12-12 13:45:00
1765547400000,2025-12-12 13:50:00,204.47,204.9,204.18,204.5,13288.9,2025-12-12 13:50:00
1765547700000,2025-12-12 13:55:00,204.5,204.93,204.36,204.54,7667.9,2025-12-12 13:55:00
1765548000000,2025-12-12 14:00:00,204.54,204.66,204.19,204.34,4048.6,2025-12-12 14:00:00
1765548300000,2025-12-12 14:05:00,204.33,204.41,203.91,203.95,20668.2,2025-12-12 14:05:00
1765548600000,2025-12-12 14:10:00,203.95,204.16,203.5,203.56,8981.3,2025-12-12 14:10:00
1765548900000,2025-12-12 14:15:00,203.56,204.07,203.36,203.88,18830.4,2025-12-12 14:15:00
1765549200000,2025-12-12 14:20:00,203.87,204.19,203.64,203.64,3618.8,2025-12-12 14:20:00
1765549500000,2025-12-12 14:25:00,203.64,203.68,203.05,203.14,9886.8,2025-12-12 14:25:00
1765549800000,2025-12-12 14:30:00,203.14,204.32,202.36,203.93,34717.8,2025-12-12 14:30:00
1765550100000,2025-12-12 14:35:00,203.94,204.92,203.56,204.24,13117.3,2025-12-12 14:35:00
1765550400000,2025-12-12 14:40:00,204.23,204.31,203.68,204.15,41387.6,2025-12-12 14:40:00
1765550700000,2025-12-12 14:45:00,204.15,204.56,203.1,203.22,6807.0,2025-12-12 14:45:00
1765551000000,2025-12-12 14:50:00,203.21,203.69,202.93,203.56,23786.5,2025-12-12 14:50:00
1765551300000,2025-12-12 14:55:00,203.56,203.61,202.99,203.25,11124.9,2025-12-12 14:55:00
1765551600000,2025-12-12 15:00:00,203.24,203.3,202.07,202.14,15452.8,2025-12-12 15:00:00
1765551900000,2025-12-12 15:05:00,202.14,202.52,200.57,200.89,64208.7,2025-12-12 15:05:00
1765552200000,2025-12-12 15:10:00,200.89,201.49,200.55,200.73,32731.0,2025-12-12 15:10:00
1765552500000,2025-12-12 15:15:00,200.73,200.91,200.01,200.78,31397.9,2025-12-12 15:15:00
1765552800000,2025-12-12 15:20:00,200.76,200.97,199.83,199.93,25957.2,2025-12-12 15:20:00
1765553100000,2025-12-12 15:25:00,199.93,199.93,197.96,198.17,56524.2,2025-12-12 15:25:00
1765553400000,2025-12-12 15:30:00,198.2,198.8,197.28,197.68,72707.3,2025-12-12 15:30:00
1765553700000,2025-12-12 15:35:00,197.67,197.78,196.35,196.91,54432.7,2025-12-12 15:35:00
1765554000000,2025-12-12 15:40:00,196.9,196.9,195.26,196.69,63829.7,2025-12-12 15:40:00
1765554300000,2025-12-12 15:45:00,196.69,196.9,195.4,196.67,48794.7,2025-12-12 15:45:00
1765554600000,2025-12-12 15:50:00,196.66,196.66,194.11,194.34,50123.9,2025-12-12 15:50:00
1765554900000,2025-12-12 15:55:00,194.34,194.46,191.61,192.76,80463.2,2025-12-12 15:55:00
1765555200000,2025-12-12 16:00:00,192.77,193.61,191.76,191.99,51646.4,2025-12-12 16:00:00
1765555500000,2025-12-12 16:05:00,191.98,193.34,191.96,192.63,62464.3,2025-12-12 16:05:00
1765555800000,2025-12-12 16:10:00,192.62,192.69,191.83,192.05,53521.5,2025-12-12 16:10:00
1765556100000,2025-12-12 16:15:00,192.04,192.31,191.2,191.51,22665.9,2025-12-12 16:15:00
1765556400000,2025-12-12 16:20:00,191.51,191.7,190.31,191.11,86121.6,2025-12-12 16:20:00
1765556700000,2025-12-12 16:25:00,191.11,192.75,190.71,192.66,63351.0,2025-12-12 16:25:00
1765557000000,2025-12-12 16:30:00,192.68,192.68,190.58,190.89,18216.3,2025-12-12 16:30:00
1765557300000,2025-12-12 16:35:00,190.9,191.09,189.62,190.24,89321.2,2025-12-12 16:35:00
1765557600000,2025-12-12 16:40:00,190.25,190.39,189.54,189.65,21503.5,2025-12-12 16:40:00
1765557900000,2025-12-12 16:45:00,189.64,190.06,189.14,189.86,42341.9,2025-12-12 16:45:00
1765558200000,2025-12-12 16:50:00,189.85,190.71,189.56,190.35,11323.6,2025-12-12 16:50:00
1765558500000,2025-12-12 16:55:00,190.33,191.23,190.29,190.71,22771.5,2025-12-12 16:55:00
1765558800000,2025-12-12 17:00:00,190.72,190.86,190.1,190.69,30457.1,2025-12-12 17:00:00
1765559100000,2025-12-12 17:05:00,190.7,192.98,190.68,192.16,58419.2,2025-12-12 17:05:00
1765559400000,2025-12-12 17:10:00,192.14,192.82,192.14,192.56,18796.1,2025-12-12 17:10:00
1765559700000,2025-12-12 17:15:00,192.56,193.59,192.51,192.77,24436.0,2025-12-12 17:15:00
1765560000000,2025-12-12 17:20:00,192.76,192.94,191.34,191.56,11924.9,2025-12-12 17:20:00
1765560300000,2025-12-12 17:25:00,191.56,191.56,190.26,190.26,13030.9,2025-12-12 17:25:00
1765560600000,2025-12-12 17:30:00,190.28,191.31,190.28,191.08,10115.7,2025-12-12 17:30:00
1765560900000,2025-12-12 17:35:00,191.07,192.15,190.76,190.97,19107.1,2025-12-12 17:35:00
1765561200000,2025-12-12 17:40:00,190.96,191.26,190.85,191.18,15185.5,2025-12-12 17:40:00
1765561500000,2025-12-12 17:45:00,191.18,191.69,191.01,191.38,10005.1,2025-12-12 17:45:00
1765561800000,2025-12-12 17:50:00,191.38,191.53,190.63,190.65,8812.6,2025-12-12 17:50:00
1765562100000,2025-12-12 17:55:00,190.66,191.0,190.54,190.81,4458.9,2025-12-12 17:55:00
1765562400000,2025-12-12 18:00:00,190.81,191.53,190.42,191.48,11958.9,2025-12-12 18:00:00
1765562700000,2025-12-12 18:05:00,191.48,192.13,191.41,191.86,8253.0,2025-12-12 18:05:00
1765563000000,2025-12-12 18:10:00,191.86,193.41,191.74,192.74,19313.4,2025-12-12 18:10:00
1765563300000,2025-12-12 18:15:00,192.75,193.46,192.69,192.81,10801.2,2025-12-12 18:15:00
1765563600000,2025-12-12 18:20:00,192.81,192.81,191.68,191.91,14196.9,2025-12-12 18:20:00
1765563900000,2025-12-12 18:25:00,191.91,192.92,191.88,192.87,3084.5,2025-12-12 18:25:00
1765564200000,2025-12-12 18:30:00,192.85,193.25,192.71,193.14,6576.9,2025-12-12 18:30:00
1765564500000,2025-12-12 18:35:00,193.12,193.83,193.01,193.73,9800.4,2025-12-12 18:35:00
1765564800000,2025-12-12 18:40:00,193.73,194.07,193.26,193.35,16196.8,2025-12-12 18:40:00
1765565100000,2025-12-12 18:45:00,193.34,193.88,193.13,193.87,6072.4,2025-12-12 18:45:00
1765565400000,2025-12-12 18:50:00,193.88,193.95,193.43,193.56,5047.8,2025-12-12 18:50:00
1765565700000,2025-12-12 18:55:00,193.56,193.64,192.28,192.37,5289.4,2025-12-12 18:55:00
1765566000000,2025-12-12 19:00:00,192.38,192.67,192.09,192.58,5988.9,2025-12-12 19:00:00
1765566300000,2025-12-12 19:05:00,192.58,192.64,191.68,192.03,14692.1,2025-12-12 19:05:00
1765566600000,2025-12-12 19:10:00,192.02,192.29,191.85,192.06,3034.0,2025-12-12 19:10:00
1765566900000,2025-12-12 19:15:00,192.06,192.48,192.02,192.31,2498.2,2025-12-12 19:15:00
1765567200000,2025-12-12 19:20:00,192.3,192.58,190.96,191.49,47976.1,2025-12-12 19:20:00
1765567500000,2025-12-12 19:25:00,191.5,191.6,190.68,190.99,18250.2,2025-12-12 19:25:00
1765567800000,2025-12-12 19:30:00,190.99,191.26,190.74,190.85,7445.4,2025-12-12 19:30:00
1765568100000,2025-12-12 19:35:00,190.84,191.08,190.75,190.75,4252.8,2025-12-12 19:35:00
1765568400000,2025-12-12 19:40:00,190.74,191.25,190.32,190.39,17128.7,2025-12-12 19:40:00
1765568700000,2025-12-12 19:45:00,190.39,190.47,189.98,190.42,11108.3,2025-12-12 19:45:00
1765569000000,2025-12-12 19:50:00,190.42,190.99,190.37,190.97,14034.5,2025-12-12 19:50:00
1765569300000,2025-12-12 19:55:00,190.96,191.24,190.63,191.15,5559.5,2025-12-12 19:55:00
1765569600000,2025-12-12 20:00:00,191.15,191.26,190.69,191.26,5217.0,2025-12-12 20:00:00
1765569900000,2025-12-12 20:05:00,191.25,191.33,190.72,191.08,4467.6,2025-12-12 20:05:00
1765570200000,2025-12-12 20:10:00,191.08,191.5,190.98,190.98,5691.6,2025-12-12 20:10:00
1765570500000,2025-12-12 20:15:00,190.99,192.07,190.98,191.4,17785.7,2025-12-12 20:15:00
1765570800000,2025-12-12 20:20:00,191.39,191.39,190.86,191.03,4736.6,2025-12-12 20:20:00
1765571100000,2025-12-12 20:25:00,191.03,191.03,190.72,190.72,4021.9,2025-12-12 20:25:00
1765571400000,2025-12-12 20:30:00,190.73,190.96,190.43,190.73,18233.9,2025-12-12 20:30:00
1765571700000,2025-12-12 20:35:00,190.73,190.91,190.58,190.87,2493.6,2025-12-12 20:35:00
1765572000000,2025-12-12 20:40:00,190.87,191.01,190.63,190.93,5798.5,2025-12-12 20:40:00
1765572300000,2025-12-12 20:45:00,190.92,191.39,190.82,191.0,11644.7,2025-12-12 20:45:00
1765572600000,2025-12-12 20:50:00,191.01,191.55,190.92,191.45,6807.1,2025-12-12 20:50:00
1765572900000,2025-12-12 20:55:00,191.46,191.53,190.9,191.21,9497.5,2025-12-12 20:55:00
1765573200000,2025-12-12 21:00:00,191.19,191.29,190.18,190.91,14091.2,2025-12-12 21:00:00
1765573500000,2025-12-12 21:05:00,190.9,191.12,190.79,190.98,4089.4,2025-12-12 21:05:00
1765573800000,2025-12-12 21:10:00,190.98,191.02,190.77,190.85,4933.4,2025-12-12 21:10:00
1765574100000,2025-12-12 21:15:00,190.86,191.11,190.86,191.1,1069.4,2025-12-12 21:15:00
1765574400000,2025-12-12 21:20:00,191.1,191.13,190.73,190.8,3801.8,2025-12-12 21:20:00
1765574700000,2025-12-12 21:25:00,190.8,190.88,190.7,190.87,6398.4,2025-12-12 21:25:00
1765575000000,2025-12-12 21:30:00,190.88,191.22,190.82,191.1,3247.5,2025-12-12 21:30:00
1765575300000,2025-12-12 21:35:00,191.1,191.31,191.01,191.02,3327.6,2025-12-12 21:35:00
1765575600000,2025-12-12 21:40:00,191.02,191.07,190.71,190.94,6549.9,2025-12-12 21:40:00
1765575900000,2025-12-12 21:45:00,190.94,191.32,190.94,191.18,3061.7,2025-12-12 21:45:00
1765576200000,2025-12-12 21:50:00,191.19,191.19,190.8,190.89,5864.1,2025-12-12 21:50:00
1765576500000,2025-12-12 21:55:00,190.89,190.9,190.77,190.87,2350.6,2025-12-12 21:55:00
1765576800000,2025-12-12 22:00:00,190.88,191.34,190.88,191.33,4456.3,2025-12-12 22:00:00
1765577100000,2025-12-12 22:05:00,191.34,191.81,191.34,191.8,1617.4,2025-12-12 22:05:00
1765577400000,2025-12-12 22:10:00,191.79,192.63,191.79,192.19,15757.3,2025-12-12 22:10:00
1765577700000,2025-12-12 22:15:00,192.19,192.43,192.02,192.14,2345.2,2025-12-12 22:15:00
1765578000000,2025-12-12 22:20:00,192.15,192.36,192.03,192.27,2268.6,2025-12-12 22:20:00
1765578300000,2025-12-12 22:25:00,192.27,192.43,191.94,191.99,2844.5,2025-12-12 22:25:00
1765578600000,2025-12-12 22:30:00,191.99,192.24,191.72,192.24,2497.0,2025-12-12 22:30:00
1765578900000,2025-12-12 22:35:00,192.24,192.42,192.01,192.02,3935.4,2025-12-12 22:35:00
1765579200000,2025-12-12 22:40:00,192.01,192.24,191.96,192.18,3483.6,2025-12-12 22:40:00
1765579500000,2025-12-12 22:45:00,192.19,192.24,191.47,191.62,9083.7,2025-12-12 22:45:00
1765579800000,2025-12-12 22:50:00,191.63,191.67,191.46,191.64,2819.0,2025-12-12 22:50:00
1765580100000,2025-12-12 22:55:00,191.64,192.04,191.63,191.99,1264.7,2025-12-12 22:55:00
1765580400000,2025-12-12 23:00:00,191.99,192.43,191.91,192.26,5376.3,2025-12-12 23:00:00
1765580700000,2025-12-12 23:05:00,192.26,192.48,192.25,192.29,2475.2,2025-12-12 23:05:00
1765581000000,2025-12-12 23:10:00,192.29,192.7,192.24,192.45,6910.2,2025-12-12 23:10:00
1765581300000,2025-12-12 23:15:00,192.45,192.45,192.19,192.34,1607.4,2025-12-12 23:15:00
1765581600000,2025-12-12 23:20:00,192.35,192.36,191.87,192.03,2303.2,2025-12-12 23:20:00
1765581900000,2025-12-12 23:25:00,192.03,192.07,191.86,191.86,3192.9,2025-12-12 23:25:00
1765582200000,2025-12-12 23:30:00,191.86,191.86,191.55,191.66,4605.8,2025-12-12 23:30:00
1765582500000,2025-12-12 23:35:00,191.66,191.78,191.55,191.57,1935.7,2025-12-12 23:35:00
1765582800000,2025-12-12 23:40:00,191.56,191.68,191.5,191.5,705.3,2025-12-12 23:40:00
1765583100000,2025-12-12 23:45:00,191.5,191.5,191.09,191.38,4555.7,2025-12-12 23:45:00
1765583400000,2025-12-12 23:50:00,191.38,191.47,191.3,191.34,2318.8,2025-12-12 23:50:00
1765583700000,2025-12-12 23:55:00,191.33,191.33,191.21,191.24,741.4,2025-12-12 23:55:00
1765584000000,2025-12-13 00:00:00,191.25,191.75,191.16,191.75,7300.4,2025-12-13 00:00:00
1765584300000,2025-12-13 00:05:00,191.76,192.43,191.76,192.42,5160.2,2025-12-13 00:05:00
1765584600000,2025-12-13 00:10:00,192.42,192.64,192.41,192.44,12703.0,2025-12-13 00:10:00
1765584900000,2025-12-13 00:15:00,192.44,192.66,192.44,192.51,2990.6,2025-12-13 00:15:00
1765585200000,2025-12-13 00:20:00,192.51,192.95,192.42,192.94,5122.5,2025-12-13 00:20:00
1765585500000,2025-12-13 00:25:00,192.94,192.95,192.49,192.75,2084.1,2025-12-13 00:25:00
1765585800000,2025-12-13 00:30:00,192.76,192.9,192.64,192.83,1472.8,2025-12-13 00:30:00
1765586100000,2025-12-13 00:35:00,192.84,193.08,192.83,193.0,1638.2,2025-12-13 00:35:00
1765586400000,2025-12-13 00:40:00,193.01,193.24,192.73,193.23,5636.1,2025-12-13 00:40:00
1765586700000,2025-12-13 00:45:00,193.23,193.23,192.81,193.04,1637.6,2025-12-13 00:45:00
1765587000000,2025-12-13 00:50:00,193.04,193.2,193.01,193.1,1382.9,2025-12-13 00:50:00
1765587300000,2025-12-13 00:55:00,193.1,193.47,193.1,193.4,1957.2,2025-12-13 00:55:00
1765587600000,2025-12-13 01:00:00,193.41,193.98,193.4,193.8,22389.7,2025-12-13 01:00:00
1765587900000,2025-12-13 01:05:00,193.8,194.19,193.79,194.13,2550.4,2025-12-13 01:05:00
1765588200000,2025-12-13 01:10:00,194.13,194.27,193.94,194.04,5135.4,2025-12-13 01:10:00
1765588500000,2025-12-13 01:15:00,194.04,194.07,193.52,193.57,5121.8,2025-12-13 01:15:00
1765588800000,2025-12-13 01:20:00,193.56,193.76,193.52,193.75,2539.3,2025-12-13 01:20:00
1765589100000,2025-12-13 01:25:00,193.75,194.32,193.72,194.21,3061.9,2025-12-13 01:25:00
1765589400000,2025-12-13 01:30:00,194.21,194.21,194.03,194.13,3644.9,2025-12-13 01:30:00
1765589700000,2025-12-13 01:35:00,194.14,194.17,193.48,193.5,6540.1,2025-12-13 01:35:00
1765590000000,2025-12-13 01:40:00,193.51,193.62,193.04,193.11,8242.6,2025-12-13 01:40:00
1765590300000,2025-12-13 01:45:00,193.11,193.18,192.74,193.0,3468.7,2025-12-13 01:45:00
1765590600000,2025-12-13 01:50:00,193.0,193.07,192.91,193.07,868.6,2025-12-13 01:50:00
1765590900000,2025-12-13 01:55:00,193.07,193.47,193.06,193.47,2133.6,2025-12-13 01:55:00
1765591200000,2025-12-13 02:00:00,193.48,194.07,193.48,193.86,3884.6,2025-12-13 02:00:00
1765591500000,2025-12-13 02:05:00,193.86,194.38,193.79,194.18,14009.0,2025-12-13 02:05:00
1765591800000,2025-12-13 02:10:00,194.17,194.26,193.99,194.26,1961.1,2025-12-13 02:10:00
1765592100000,2025-12-13 02:15:00,194.27,194.62,194.12,194.25,10384.9,2025-12-13 02:15:00
1765592400000,2025-12-13 02:20:00,194.25,194.39,194.19,194.39,4497.9,2025-12-13 02:20:00
1765592700000,2025-12-13 02:25:00,194.4,194.64,194.33,194.58,6092.2,2025-12-13 02:25:00
1765593000000,2025-12-13 02:30:00,194.59,194.65,194.41,194.52,2935.1,2025-12-13 02:30:00
1765593300000,2025-12-13 02:35:00,194.52,194.73,194.48,194.65,2318.3,2025-12-13 02:35:00
1765593600000,2025-12-13 02:40:00,194.66,194.82,194.55,194.73,4965.7,2025-12-13 02:40:00
1765593900000,2025-12-13 02:45:00,194.74,194.85,194.35,194.35,3033.1,2025-12-13 02:45:00
1765594200000,2025-12-13 02:50:00,194.35,194.35,193.97,194.09,4380.8,2025-12-13 02:50:00
1765594500000,2025-12-13 02:55:00,194.09,194.31,194.08,194.28,2836.5,2025-12-13 02:55:00
1765594800000,2025-12-13 03:00:00,194.29,194.42,194.19,194.34,2727.2,2025-12-13 03:00:00
1765595100000,2025-12-13 03:05:00,194.35,194.46,194.05,194.08,1983.4,2025-12-13 03:05:00
1765595400000,2025-12-13 03:10:00,194.08,194.18,193.67,193.8,2163.1,2025-12-13 03:10:00
1765595700000,2025-12-13 03:15:00,193.8,194.04,193.79,193.89,8460.0,2025-12-13 03:15:00
1765596000000,2025-12-13 03:20:00,193.89,194.24,193.85,194.2,1483.9,2025-12-13 03:20:00
1765596300000,2025-12-13 03:25:00,194.2,194.2,193.89,194.06,1566.4,2025-12-13 03:25:00
1765596600000,2025-12-13 03:30:00,194.03,194.19,193.75,193.75,2948.3,2025-12-13 03:30:00
1765596900000,2025-12-13 03:35:00,193.75,193.92,193.4,193.92,5992.3,2025-12-13 03:35:00
1765597200000,2025-12-13 03:40:00,193.93,193.97,193.71,193.81,2120.6,2025-12-13 03:40:00
1765597500000,2025-12-13 03:45:00,193.81,194.15,193.8,193.83,5124.2,2025-12-13 03:45:00
1765597800000,2025-12-13 03:50:00,193.84,194.02,193.8,194.01,1434.4,2025-12-13 03:50:00
1765598100000,2025-12-13 03:55:00,194.02,194.39,193.96,194.29,3765.0,2025-12-13 03:55:00
1765598400000,2025-12-13 04:00:00,194.28,194.54,194.2,194.31,2798.2,2025-12-13 04:00:00
1765598700000,2025-12-13 04:05:00,194.31,194.43,194.09,194.26,5087.7,2025-12-13 04:05:00
1765599000000,2025-12-13 04:10:00,194.26,194.3,194.15,194.24,682.7,2025-12-13 04:10:00
1765599300000,2025-12-13 04:15:00,194.24,194.25,194.0,194.05,1043.7,2025-12-13 04:15:00
1765599600000,2025-12-13 04:20:00,194.06,194.45,194.0,194.45,1768.8,2025-12-13 04:20:00
1765599900000,2025-12-13 04:25:00,194.45,194.94,194.41,194.62,6661.9,2025-12-13 04:25:00
1765600200000,2025-12-13 04:30:00,194.61,194.62,194.24,194.48,898.9,2025-12-13 04:30:00
1765600500000,2025-12-13 04:35:00,194.48,194.8,194.34,194.77,13043.1,2025-12-13 04:35:00
1765600800000,2025-12-13 04:40:00,194.78,194.78,194.44,194.44,1497.6,2025-12-13 04:40:00
1765601100000,2025-12-13 04:45:00,194.44,194.66,194.42,194.5,2310.6,2025-12-13 04:45:00
1765601400000,2025-12-13 04:50:00,194.51,194.75,194.51,194.62,2569.7,2025-12-13 04:50:00
1765601700000,2025-12-13 04:55:00,194.62,194.62,194.42,194.62,3284.2,2025-12-13 04:55:00
1765602000000,2025-12-13 05:00:00,194.61,194.88,194.53,194.73,4677.6,2025-12-13 05:00:00
1765602300000,2025-12-13 05:05:00,194.73,194.89,194.73,194.87,1425.4,2025-12-13 05:05:00
1765602600000,2025-12-13 05:10:00,194.87,194.96,194.76,194.94,6014.0,2025-12-13 05:10:00
1765602900000,2025-12-13 05:15:00,194.94,194.97,194.68,194.68,1752.3,2025-12-13 05:15:00
1765603200000,2025-12-13 05:20:00,194.69,194.75,194.53,194.57,1484.8,2025-12-13 05:20:00
1765603500000,2025-12-13 05:25:00,194.57,194.74,194.54,194.71,1314.9,2025-12-13 05:25:00
1765603800000,2025-12-13 05:30:00,194.71,194.89,194.7,194.78,2280.7,2025-12-13 05:30:00
1765604100000,2025-12-13 05:35:00,194.79,194.82,194.7,194.79,2304.5,2025-12-13 05:35:00
1765604400000,2025-12-13 05:40:00,194.8,194.9,194.68,194.79,4895.4,2025-12-13 05:40:00
1765604700000,2025-12-13 05:45:00,194.8,195.1,194.66,194.92,10588.4,2025-12-13 05:45:00
1765605000000,2025-12-13 05:50:00,194.93,195.08,194.91,195.03,2517.3,2025-12-13 05:50:00
1765605300000,2025-12-13 05:55:00,195.03,195.36,195.01,195.21,7400.0,2025-12-13 05:55:00
1765605600000,2025-12-13 06:00:00,195.21,195.26,195.0,195.0,3024.2,2025-12-13 06:00:00
1765605900000,2025-12-13 06:05:00,195.0,195.11,194.57,194.57,3597.7,2025-12-13 06:05:00
1765606200000,2025-12-13 06:10:00,194.57,194.59,194.15,194.25,8351.6,2025-12-13 06:10:00
1765606500000,2025-12-13 06:15:00,194.25,194.25,193.39,193.58,13040.1,2025-12-13 06:15:00
1765606800000,2025-12-13 06:20:00,193.57,193.69,193.46,193.58,5753.6,2025-12-13 06:20:00
1765607100000,2025-12-13 06:25:00,193.58,193.67,193.35,193.42,4818.6,2025-12-13 06:25:00
1765607400000,2025-12-13 06:30:00,193.42,193.86,193.33,193.85,7661.8,2025-12-13 06:30:00
1765607700000,2025-12-13 06:35:00,193.85,193.88,193.6,193.79,9603.8,2025-12-13 06:35:00
1765608000000,2025-12-13 06:40:00,193.78,194.3,193.73,193.96,6478.7,2025-12-13 06:40:00
1765608300000,2025-12-13 06:45:00,193.97,194.06,193.8,194.04,1016.0,2025-12-13 06:45:00
1765608600000,2025-12-13 06:50:00,194.03,194.34,193.99,194.32,3283.0,2025-12-13 06:50:00
1765608900000,2025-12-13 06:55:00,194.32,194.63,194.32,194.45,7724.3,2025-12-13 06:55:00
1765609200000,2025-12-13 07:00:00,194.45,194.91,194.45,194.9,3586.5,2025-12-13 07:00:00
1765609500000,2025-12-13 07:05:00,194.91,195.0,194.51,194.51,9108.6,2025-12-13 07:05:00
1765609800000,2025-12-13 07:10:00,194.51,194.52,194.24,194.29,1712.6,2025-12-13 07:10:00
1765610100000,2025-12-13 07:15:00,194.29,194.79,194.2,194.63,2633.5,2025-12-13 07:15:00
1765610400000,2025-12-13 07:20:00,194.64,194.78,194.46,194.63,3359.3,2025-12-13 07:20:00
1765610700000,2025-12-13 07:25:00,194.63,195.1,194.6,195.09,3136.1,2025-12-13 07:25:00
1765611000000,2025-12-13 07:30:00,195.1,195.31,195.09,195.11,5003.2,2025-12-13 07:30:00
1765611300000,2025-12-13 07:35:00,195.11,195.12,194.81,194.81,1413.9,2025-12-13 07:35:00
1765611600000,2025-12-13 07:40:00,194.8,194.96,194.79,194.83,1064.5,2025-12-13 07:40:00
1765611900000,2025-12-13 07:45:00,194.83,194.97,194.65,194.97,1388.7,2025-12-13 07:45:00
1765612200000,2025-12-13 07:50:00,194.98,195.04,194.69,195.04,2521.4,2025-12-13 07:50:00
1765612500000,2025-12-13 07:55:00,195.04,195.6,195.04,195.6,9503.5,2025-12-13 07:55:00
1765612800000,2025-12-13 08:00:00,195.6,195.89,195.59,195.81,11182.4,2025-12-13 08:00:00
1765613100000,2025-12-13 08:05:00,195.81,196.16,195.66,195.99,13053.0,2025-12-13 08:05:00
1765613400000,2025-12-13 08:10:00,196.0,196.25,195.86,196.24,7371.5,2025-12-13 08:10:00
1765613700000,2025-12-13 08:15:00,196.24,197.97,196.24,197.73,36011.6,2025-12-13 08:15:00
1765614000000,2025-12-13 08:20:00,197.74,199.24,197.74,198.24,28377.4,2025-12-13 08:20:00
1765614300000,2025-12-13 08:25:00,198.25,199.19,198.25,198.87,18629.2,2025-12-13 08:25:00
1765614600000,2025-12-13 08:30:00,198.87,199.32,198.66,199.32,15249.5,2025-12-13 08:30:00
1765614900000,2025-12-13 08:35:00,199.32,199.32,198.87,199.27,14496.4,2025-12-13 08:35:00
1765615200000,2025-12-13 08:40:00,199.28,199.39,198.2,198.24,19824.0,2025-12-13 08:40:00
1765615500000,2025-12-13 08:45:00,198.25,198.91,198.25,198.7,16128.4,2025-12-13 08:45:00
1765615800000,2025-12-13 08:50:00,198.71,198.93,198.47,198.83,3705.1,2025-12-13 08:50:00
1765616100000,2025-12-13 08:55:00,198.83,199.12,198.66,198.73,10803.5,2025-12-13 08:55:00
1765616400000,2025-12-13 09:00:00,198.72,198.89,198.51,198.55,14238.6,2025-12-13 09:00:00
1765616700000,2025-12-13 09:05:00,198.55,199.68,198.53,199.66,10772.5,2025-12-13 09:05:00
1765617000000,2025-12-13 09:10:00,199.66,199.93,199.33,199.78,30426.2,2025-12-13 09:10:00
1765617300000,2025-12-13 09:15:00,199.78,199.99,199.56,199.86,10447.7,2025-12-13 09:15:00
1765617600000,2025-12-13 09:20:00,199.87,199.95,199.56,199.79,8675.3,2025-12-13 09:20:00
1765617900000,2025-12-13 09:25:00,199.78,199.79,199.59,199.65,5791.7,2025-12-13 09:25:00
1765618200000,2025-12-13 09:30:00,199.65,199.88,199.6,199.83,10064.3,2025-12-13 09:30:00
1765618500000,2025-12-13 09:35:00,199.84,200.55,199.83,200.47,36430.4,2025-12-13 09:35:00
1765618800000,2025-12-13 09:40:00,200.48,200.69,200.37,200.53,13224.3,2025-12-13 09:40:00
1765619100000,2025-12-13 09:45:00,200.54,201.43,200.53,201.34,21181.3,2025-12-13 09:45:00
1765619400000,2025-12-13 09:50:00,201.35,201.94,201.2,201.75,22046.4,2025-12-13 09:50:00
1765619700000,2025-12-13 09:55:00,201.75,202.0,201.48,201.82,12131.3,2025-12-13 09:55:00
1765620000000,2025-12-13 10:00:00,201.83,202.0,201.29,201.88,17013.7,2025-12-13 10:00:00
1765620300000,2025-12-13 10:05:00,201.89,201.99,201.29,201.57,7908.9,2025-12-13 10:05:00
1765620600000,2025-12-13 10:10:00,201.58,202.1,201.45,202.09,10435.5,2025-12-13 10:10:00
1765620900000,2025-12-13 10:15:00,202.09,202.61,202.04,202.18,19449.9,2025-12-13 10:15:00
1765621200000,2025-12-13 10:20:00,202.18,202.19,200.9,201.22,25229.2,2025-12-13 10:20:00
1765621500000,2025-12-13 10:25:00,201.24,201.53,200.99,201.18,26423.3,2025-12-13 10:25:00
1765621800000,2025-12-13 10:30:00,201.15,201.32,201.03,201.1,4659.6,2025-12-13 10:30:00
1765622100000,2025-12-13 10:35:00,201.1,201.37,200.4,200.84,20500.7,2025-12-13 10:35:00
1765622400000,2025-12-13 10:40:00,200.84,201.41,200.78,201.22,6435.8,2025-12-13 10:40:00
1765622700000,2025-12-13 10:45:00,201.22,201.31,201.04,201.16,13472.2,2025-12-13 10:45:00
1765623000000,2025-12-13 10:50:00,201.15,201.15,200.17,200.17,6382.7,2025-12-13 10:50:00
1765623300000,2025-12-13 10:55:00,200.18,200.32,200.03,200.24,10412.8,2025-12-13 10:55:00
1765623600000,2025-12-13 11:00:00,200.24,200.44,200.03,200.33,9499.6,2025-12-13 11:00:00
1765623900000,2025-12-13 11:05:00,200.33,200.4,199.6,199.96,18585.8,2025-12-13 11:05:00
1765624200000,2025-12-13 11:10:00,199.96,200.36,199.73,199.73,7157.5,2025-12-13 11:10:00
1765624500000,2025-12-13 11:15:00,199.73,199.92,199.54,199.82,6964.2,2025-12-13 11:15:00
1765624800000,2025-12-13 11:20:00,199.81,199.9,199.53,199.53,15319.8,2025-12-13 11:20:00
1765625100000,2025-12-13 11:25:00,199.53,199.55,199.36,199.37,6691.6,2025-12-13 11:25:00
1765625400000,2025-12-13 11:30:00,199.37,199.5,198.5,198.64,26611.3,2025-12-13 11:30:00
1765625700000,2025-12-13 11:35:00,198.64,198.96,198.62,198.89,18490.1,2025-12-13 11:35:00
1765626000000,2025-12-13 11:40:00,198.88,198.91,198.37,198.81,16282.0,2025-12-13 11:40:00
1765626300000,2025-12-13 11:45:00,198.81,199.62,198.67,199.47,17398.9,2025-12-13 11:45:00
1765626600000,2025-12-13 11:50:00,199.47,199.68,198.97,199.11,7162.5,2025-12-13 11:50:00
1765626900000,2025-12-13 11:55:00,199.1,199.15,198.77,199.0,13879.7,2025-12-13 11:55:00
1765627200000,2025-12-13 12:00:00,199.0,199.5,198.93,199.41,19522.0,2025-12-13 12:00:00
1765627500000,2025-12-13 12:05:00,199.4,199.85,199.21,199.84,16858.5,2025-12-13 12:05:00
1765627800000,2025-12-13 12:10:00,199.84,199.99,199.07,199.14,7046.6,2025-12-13 12:10:00
1765628100000,2025-12-13 12:15:00,199.13,199.13,198.71,198.8,7620.3,2025-12-13 12:15:00
1765628400000,2025-12-13 12:20:00,198.8,198.8,198.23,198.3,14102.0,2025-12-13 12:20:00
1765628700000,2025-12-13 12:25:00,198.3,198.4,197.82,197.82,7425.6,2025-12-13 12:25:00
1765629000000,2025-12-13 12:30:00,197.83,198.38,197.83,198.14,13486.4,2025-12-13 12:30:00
1765629300000,2025-12-13 12:35:00,198.14,198.44,198.13,198.36,4831.9,2025-12-13 12:35:00
1765629600000,2025-12-13 12:40:00,198.37,198.44,197.64,197.64,7780.1,2025-12-13 12:40:00
1765629900000,2025-12-13 12:45:00,197.65,197.81,197.59,197.65,3244.6,2025-12-13 12:45:00
1765630200000,2025-12-13 12:50:00,197.66,198.08,197.66,198.0,4471.1,2025-12-13 12:50:00
1765630500000,2025-12-13 12:55:00,198.0,198.19,197.99,198.19,3046.4,2025-12-13 12:55:00
1765630800000,2025-12-13 13:00:00,198.19,198.7,198.19,198.52,11918.1,2025-12-13 13:00:00
1765631100000,2025-12-13 13:05:00,198.52,198.82,198.1,198.28,13586.0,2025-12-13 13:05:00
1765631400000,2025-12-13 13:10:00,198.28,198.32,198.06,198.06,5287.4,2025-12-13 13:10:00
1765631700000,2025-12-13 13:15:00,198.05,198.36,197.96,198.32,8183.5,2025-12-13 13:15:00
1765632000000,2025-12-13 13:20:00,198.34,198.51,197.82,197.9,3464.7,2025-12-13 13:20:00
1765632300000,2025-12-13 13:25:00,197.89,198.07,197.3,197.36,8312.3,2025-12-13 13:25:00
1765632600000,2025-12-13 13:30:00,197.36,197.92,197.04,197.92,15844.7,2025-12-13 13:30:00
1765632900000,2025-12-13 13:35:00,197.92,198.15,197.58,197.72,6166.2,2025-12-13 13:35:00
1765633200000,2025-12-13 13:40:00,197.72,197.96,197.59,197.73,3441.0,2025-12-13 13:40:00
1765633500000,2025-12-13 13:45:00,197.72,197.78,197.42,197.5,5413.5,2025-12-13 13:45:00
1765633800000,2025-12-13 13:50:00,197.49,197.91,197.49,197.77,2388.6,2025-12-13 13:50:00
1765634100000,2025-12-13 13:55:00,197.77,197.96,197.74,197.83,1170.1,2025-12-13 13:55:00
1765634400000,2025-12-13 14:00:00,197.82,198.16,197.82,197.91,4144.1,2025-12-13 14:00:00
1765634700000,2025-12-13 14:05:00,197.92,198.33,197.91,198.09,3436.2,2025-12-13 14:05:00
1765635000000,2025-12-13 14:10:00,198.08,198.93,198.04,198.89,9024.2,2025-12-13 14:10:00
1765635300000,2025-12-13 14:15:00,198.9,199.04,198.37,198.4,6706.3,2025-12-13 14:15:00
1765635600000,2025-12-13 14:20:00,198.41,198.55,197.99,198.17,7106.1,2025-12-13 14:20:00
1765635900000,2025-12-13 14:25:00,198.16,198.25,197.31,197.67,28676.4,2025-12-13 14:25:00
1765636200000,2025-12-13 14:30:00,197.68,198.36,197.67,198.36,11891.6,2025-12-13 14:30:00
1765636500000,2025-12-13 14:35:00,198.37,199.15,198.36,199.15,12174.3,2025-12-13 14:35:00
1765636800000,2025-12-13 14:40:00,199.16,199.31,198.8,198.95,9008.5,2025-12-13 14:40:00
1765637100000,2025-12-13 14:45:00,198.95,199.36,198.82,199.14,3144.4,2025-12-13 14:45:00
1765637400000,2025-12-13 14:50:00,199.14,199.59,199.06,199.26,5983.1,2025-12-13 14:50:00
1765637700000,2025-12-13 14:55:00,199.26,199.56,199.26,199.46,2628.9,2025-12-13 14:55:00
1765638000000,2025-12-13 15:00:00,199.47,199.85,199.33,199.85,7137.6,2025-12-13 15:00:00
1765638300000,2025-12-13 15:05:00,199.82,199.9,199.34,199.34,6165.2,2025-12-13 15:05:00
1765638600000,2025-12-13 15:10:00,199.35,199.8,199.34,199.41,2806.6,2025-12-13 15:10:00
1765638900000,2025-12-13 15:15:00,199.41,199.59,199.04,199.42,10894.0,2025-12-13 15:15:00
1765639200000,2025-12-13 15:20:00,199.43,199.45,199.07,199.21,7403.7,2025-12-13 15:20:00
1765639500000,2025-12-13 15:25:00,199.22,199.23,198.72,199.15,3279.5,2025-12-13 15:25:00
1765639800000,2025-12-13 15:30:00,199.15,199.25,199.03,199.07,5361.7,2025-12-13 15:30:00
1765640100000,2025-12-13 15:35:00,199.06,199.07,198.83,198.93,5098.9,2025-12-13 15:35:00
1765640400000,2025-12-13 15:40:00,198.94,198.94,198.46,198.58,8141.6,2025-12-13 15:40:00
1765640700000,2025-12-13 15:45:00,198.57,198.62,197.93,198.21,8711.2,2025-12-13 15:45:00
1765641000000,2025-12-13 15:50:00,198.2,198.56,198.16,198.44,4579.7,2025-12-13 15:50:00
1765641300000,2025-12-13 15:55:00,198.44,198.44,198.27,198.4,1358.5,2025-12-13 15:55:00
1765641600000,2025-12-13 16:00:00,198.39,199.22,198.39,199.21,4881.2,2025-12-13 16:00:00
1765641900000,2025-12-13 16:05:00,199.2,199.25,198.86,198.86,2577.9,2025-12-13 16:05:00
1765642200000,2025-12-13 16:10:00,198.86,198.88,198.51,198.53,3454.7,2025-12-13 16:10:00
1765642500000,2025-12-13 16:15:00,198.53,198.53,198.03,198.03,2781.6,2025-12-13 16:15:00
1765642800000,2025-12-13 16:20:00,198.04,198.36,198.01,198.16,4313.1,2025-12-13 16:20:00
1765643100000,2025-12-13 16:25:00,198.15,198.24,197.9,197.99,2828.0,2025-12-13 16:25:00
1765643400000,2025-12-13 16:30:00,197.98,197.98,197.62,197.94,8426.9,2025-12-13 16:30:00
1765643700000,2025-12-13 16:35:00,197.94,197.94,197.62,197.65,1699.1,2025-12-13 16:35:00
1765644000000,2025-12-13 16:40:00,197.65,197.75,197.17,197.34,4378.6,2025-12-13 16:40:00
1765644300000,2025-12-13 16:45:00,197.34,197.57,197.25,197.34,7114.0,2025-12-13 16:45:00
1765644600000,2025-12-13 16:50:00,197.33,197.65,197.3,197.65,2982.0,2025-12-13 16:50:00
1765644900000,2025-12-13 16:55:00,197.64,197.77,197.55,197.61,5619.9,2025-12-13 16:55:00
1765645200000,2025-12-13 17:00:00,197.6,197.6,197.12,197.13,3638.7,2025-12-13 17:00:00
1765645500000,2025-12-13 17:05:00,197.14,197.23,196.53,196.55,8278.7,2025-12-13 17:05:00
1765645800000,2025-12-13 17:10:00,196.55,196.78,196.35,196.69,5230.3,2025-12-13 17:10:00
1765646100000,2025-12-13 17:15:00,196.69,196.87,196.64,196.71,2050.5,2025-12-13 17:15:00
1765646400000,2025-12-13 17:20:00,196.68,196.77,196.43,196.53,11835.3,2025-12-13 17:20:00
1765646700000,2025-12-13 17:25:00,196.53,196.67,196.25,196.43,6955.0,2025-12-13 17:25:00
1765647000000,2025-12-13 17:30:00,196.43,196.61,196.27,196.53,4452.7,2025-12-13 17:30:00
1765647300000,2025-12-13 17:35:00,196.53,196.56,196.38,196.56,3529.1,2025-12-13 17:35:00
1765647600000,2025-12-13 17:40:00,196.56,196.97,196.46,196.76,2866.9,2025-12-13 17:40:00
1765647900000,2025-12-13 17:45:00,196.76,196.76,196.56,196.6,1002.5,2025-12-13 17:45:00
1765648200000,2025-12-13 17:50:00,196.6,196.75,196.5,196.52,1692.8,2025-12-13 17:50:00
1765648500000,2025-12-13 17:55:00,196.52,196.7,196.5,196.7,4155.6,2025-12-13 17:55:00
1765648800000,2025-12-13 18:00:00,196.7,196.86,196.6,196.61,2613.4,2025-12-13 18:00:00
1765649100000,2025-12-13 18:05:00,196.61,197.18,196.61,197.07,1766.4,2025-12-13 18:05:00
1765649400000,2025-12-13 18:10:00,197.06,197.24,196.89,197.17,4753.8,2025-12-13 18:10:00
1765649700000,2025-12-13 18:15:00,197.17,197.21,196.8,196.87,734.9,2025-12-13 18:15:00
1765650000000,2025-12-13 18:20:00,196.88,197.11,196.88,196.92,4437.9,2025-12-13 18:20:00
1765650300000,2025-12-13 18:25:00,196.92,196.99,196.79,196.81,1481.4,2025-12-13 18:25:00
1765650600000,2025-12-13 18:30:00,196.81,196.83,196.58,196.76,2983.5,2025-12-13 18:30:00
1765650900000,2025-12-13 18:35:00,196.77,196.91,196.69,196.77,2327.8,2025-12-13 18:35:00
1765651200000,2025-12-13 18:40:00,196.76,196.87,196.75,196.81,583.7,2025-12-13 18:40:00
1765651500000,2025-12-13 18:45:00,196.82,196.89,196.54,196.59,1206.5,2025-12-13 18:45:00
1765651800000,2025-12-13 18:50:00,196.58,196.84,196.56,196.84,1865.6,2025-12-13 18:50:00
1765652100000,2025-12-13 18:55:00,196.84,197.04,196.71,197.02,1783.1,2025-12-13 18:55:00
1765652400000,2025-12-13 19:00:00,197.01,197.53,196.99,197.34,5753.8,2025-12-13 19:00:00
1765652700000,2025-12-13 19:05:00,197.35,197.68,197.32,197.62,1862.5,2025-12-13 19:05:00
1765653000000,2025-12-13 19:10:00,197.62,198.07,197.54,197.91,4758.4,2025-12-13 19:10:00
1765653300000,2025-12-13 19:15:00,197.91,197.99,197.58,197.74,2145.2,2025-12-13 19:15:00
1765653600000,2025-12-13 19:20:00,197.74,198.0,197.72,197.99,842.6,2025-12-13 19:20:00
1765653900000,2025-12-13 19:25:00,197.99,198.04,197.56,197.59,2702.9,2025-12-13 19:25:00
1765654200000,2025-12-13 19:30:00,197.6,198.22,197.59,198.22,1983.3,2025-12-13 19:30:00
1765654500000,2025-12-13 19:35:00,198.22,198.34,198.14,198.23,2790.9,2025-12-13 19:35:00
1765654800000,2025-12-13 19:40:00,198.22,198.38,198.05,198.28,1663.1,2025-12-13 19:40:00
1765655100000,2025-12-13 19:45:00,198.28,198.31,197.77,197.85,2923.2,2025-12-13 19:45:00
1765655400000,2025-12-13 19:50:00,197.86,198.0,197.66,197.73,2953.6,2025-12-13 19:50:00
1765655700000,2025-12-13 19:55:00,197.73,197.92,197.73,197.88,2316.6,2025-12-13 19:55:00
1765656000000,2025-12-13 20:00:00,197.88,197.97,197.78,197.82,3442.7,2025-12-13 20:00:00
1765656300000,2025-12-13 20:05:00,197.82,197.84,197.55,197.69,5550.2,2025-12-13 20:05:00
1765656600000,2025-12-13 20:10:00,197.69,197.69,197.46,197.52,1216.4,2025-12-13 20:10:00
1765656900000,2025-12-13 20:15:00,197.52,197.64,197.42,197.57,859.5,2025-12-13 20:15:00
1765657200000,2025-12-13 20:20:00,197.57,197.61,196.5,196.75,6715.0,2025-12-13 20:20:00
1765657500000,2025-12-13 20:25:00,196.75,196.84,196.73,196.8,1419.6,2025-12-13 20:25:00
1765657800000,2025-12-13 20:30:00,196.79,196.95,196.67,196.74,3931.6,2025-12-13 20:30:00
1765658100000,2025-12-13 20:35:00,196.74,196.8,196.65,196.8,2773.4,2025-12-13 20:35:00
1765658400000,2025-12-13 20:40:00,196.81,196.93,196.7,196.75,2911.0,2025-12-13 20:40:00
1765658700000,2025-12-13 20:45:00,196.75,196.96,196.68,196.93,1415.2,2025-12-13 20:45:00
1765659000000,2025-12-13 20:50:00,196.92,196.95,196.55,196.7,2896.3,2025-12-13 20:50:00
1765659300000,2025-12-13 20:55:00,196.71,196.94,196.6,196.93,1211.4,2025-12-13 20:55:00
1765659600000,2025-12-13 21:00:00,196.93,196.98,196.63,196.63,2172.4,2025-12-13 21:00:00
1765659900000,2025-12-13 21:05:00,196.62,196.71,196.49,196.57,9042.2,2025-12-13 21:05:00
1765660200000,2025-12-13 21:10:00,196.57,196.67,196.44,196.52,1536.7,2025-12-13 21:10:00
1765660500000,2025-12-13 21:15:00,196.53,197.06,196.52,196.85,3667.7,2025-12-13 21:15:00
1765660800000,2025-12-13 21:20:00,196.86,197.05,196.81,197.02,1287.7,2025-12-13 21:20:00
1765661100000,2025-12-13 21:25:00,197.02,197.13,196.85,197.02,2182.0,2025-12-13 21:25:00
1765661400000,2025-12-13 21:30:00,197.02,197.03,195.38,196.11,25755.1,2025-12-13 21:30:00
1765661700000,2025-12-13 21:35:00,196.11,196.36,196.01,196.17,2675.7,2025-12-13 21:35:00
1765662000000,2025-12-13 21:40:00,196.18,196.37,196.11,196.3,3222.1,2025-12-13 21:40:00
1765662300000,2025-12-13 21:45:00,196.3,196.43,196.05,196.05,4195.9,2025-12-13 21:45:00
1765662600000,2025-12-13 21:50:00,196.05,196.41,195.74,196.35,5937.0,2025-12-13 21:50:00
1765662900000,2025-12-13 21:55:00,196.34,197.04,196.3,196.87,5005.3,2025-12-13 21:55:00
1765663200000,2025-12-13 22:00:00,196.87,197.54,196.83,197.4,2808.2,2025-12-13 22:00:00
1765663500000,2025-12-13 22:05:00,197.4,197.47,197.16,197.2,2368.0,2025-12-13 22:05:00
1765663800000,2025-12-13 22:10:00,197.2,197.2,196.33,196.65,1323.9,2025-12-13 22:10:00
1765664100000,2025-12-13 22:15:00,196.66,197.22,196.62,197.12,3094.1,2025-12-13 22:15:00
1765664400000,2025-12-13 22:20:00,197.12,197.41,197.06,197.34,2668.3,2025-12-13 22:20:00
1765664700000,2025-12-13 22:25:00,197.32,197.39,197.28,197.35,1297.0,2025-12-13 22:25:00
1765665000000,2025-12-13 22:30:00,197.36,197.73,197.21,197.68,3413.8,2025-12-13 22:30:00
1765665300000,2025-12-13 22:35:00,197.68,197.83,196.98,197.2,10246.6,2025-12-13 22:35:00
1765665600000,2025-12-13 22:40:00,197.21,197.43,196.91,197.18,3612.9,2025-12-13 22:40:00
1765665900000,2025-12-13 22:45:00,197.18,197.28,197.02,197.03,606.9,2025-12-13 22:45:00
1765666200000,2025-12-13 22:50:00,197.04,197.35,196.93,197.34,758.1,2025-12-13 22:50:00
1765666500000,2025-12-13 22:55:00,197.34,197.34,196.64,196.73,2884.5,2025-12-13 22:55:00
1765666800000,2025-12-13 23:00:00,196.72,197.16,196.55,197.08,2897.1,2025-12-13 23:00:00
1765667100000,2025-12-13 23:05:00,197.09,197.18,196.96,196.96,1976.1,2025-12-13 23:05:00
1765667400000,2025-12-13 23:10:00,196.95,197.24,196.95,197.16,2059.1,2025-12-13 23:10:00
1765667700000,2025-12-13 23:15:00,197.16,197.3,197.09,197.19,6968.8,2025-12-13 23:15:00
1765668000000,2025-12-13 23:20:00,197.19,197.4,197.17,197.28,1087.8,2025-12-13 23:20:00
1765668300000,2025-12-13 23:25:00,197.28,197.67,196.95,197.14,21018.5,2025-12-13 23:25:00
1765668600000,2025-12-13 23:30:00,197.15,197.39,197.14,197.33,4095.7,2025-12-13 23:30:00
1765668900000,2025-12-13 23:35:00,197.33,197.53,197.24,197.34,3274.7,2025-12-13 23:35:00
1765669200000,2025-12-13 23:40:00,197.33,197.43,197.26,197.43,1486.2,2025-12-13 23:40:00
1765669500000,2025-12-13 23:45:00,197.44,197.68,197.44,197.47,3469.9,2025-12-13 23:45:00
1765669800000,2025-12-13 23:50:00,197.47,197.6,197.4,197.4,6022.7,2025-12-13 23:50:00
1765670100000,2025-12-13 23:55:00,197.4,197.6,197.34,197.4,2395.7,2025-12-13 23:55:00
1765670400000,2025-12-14 00:00:00,197.4,197.48,197.05,197.18,7553.9,2025-12-14 00:00:00
1765670700000,2025-12-14 00:05:00,197.18,197.25,196.73,196.99,4436.8,2025-12-14 00:05:00
1765671000000,2025-12-14 00:10:00,197.0,197.33,197.0,197.33,4124.7,2025-12-14 00:10:00
1765671300000,2025-12-14 00:15:00,197.33,197.33,197.13,197.29,4175.0,2025-12-14 00:15:00
1765671600000,2025-12-14 00:20:00,197.3,197.32,196.96,197.02,7226.9,2025-12-14 00:20:00
1765671900000,2025-12-14 00:25:00,197.02,197.26,197.01,197.25,1348.2,2025-12-14 00:25:00
1765672200000,2025-12-14 00:30:00,197.26,197.6,197.19,197.6,4920.6,2025-12-14 00:30:00
1765672500000,2025-12-14 00:35:00,197.6,197.83,197.59,197.59,3641.8,2025-12-14 00:35:00
1765672800000,2025-12-14 00:40:00,197.59,197.64,197.22,197.64,3247.9,2025-12-14 00:40:00
1765673100000,2025-12-14 00:45:00,197.64,197.78,197.51,197.57,6182.2,2025-12-14 00:45:00
1765673400000,2025-12-14 00:50:00,197.58,197.85,197.5,197.5,6484.7,2025-12-14 00:50:00
1765673700000,2025-12-14 00:55:00,197.5,197.6,197.26,197.32,4731.0,2025-12-14 00:55:00
1765674000000,2025-12-14 01:00:00,197.33,197.41,197.03,197.12,5572.1,2025-12-14 01:00:00
1765674300000,2025-12-14 01:05:00,197.13,197.36,197.12,197.36,870.3,2025-12-14 01:05:00
1765674600000,2025-12-14 01:10:00,197.37,197.46,197.33,197.35,4761.7,2025-12-14 01:10:00
1765674900000,2025-12-14 01:15:00,197.35,197.36,197.12,197.31,3591.0,2025-12-14 01:15:00
1765675200000,2025-12-14 01:20:00,197.3,197.3,197.03,197.12,4449.9,2025-12-14 01:20:00
1765675500000,2025-12-14 01:25:00,197.13,197.32,197.11,197.28,1239.5,2025-12-14 01:25:00
1765675800000,2025-12-14 01:30:00,197.28,197.32,196.7,196.7,4953.9,2025-12-14 01:30:00
1765676100000,2025-12-14 01:35:00,196.7,196.79,196.53,196.62,2956.6,2025-12-14 01:35:00
1765676400000,2025-12-14 01:40:00,196.62,196.62,196.39,196.48,3544.0,2025-12-14 01:40:00
1765676700000,2025-12-14 01:45:00,196.48,196.48,196.28,196.35,1287.0,2025-12-14 01:45:00
1765677000000,2025-12-14 01:50:00,196.34,196.35,196.22,196.34,1435.4,2025-12-14 01:50:00
1765677300000,2025-12-14 01:55:00,196.34,196.54,196.32,196.5,1562.7,2025-12-14 01:55:00
1765677600000,2025-12-14 02:00:00,196.49,196.72,196.48,196.57,1526.6,2025-12-14 02:00:00
1765677900000,2025-12-14 02:05:00,196.57,196.75,196.52,196.66,5985.8,2025-12-14 02:05:00
1765678200000,2025-12-14 02:10:00,196.67,196.87,196.62,196.75,1452.0,2025-12-14 02:10:00
1765678500000,2025-12-14 02:15:00,196.75,196.81,196.45,196.78,1387.6,2025-12-14 02:15:00
1765678800000,2025-12-14 02:20:00,196.78,197.13,196.76,197.13,4082.4,2025-12-14 02:20:00
1765679100000,2025-12-14 02:25:00,197.14,197.4,197.14,197.35,2462.3,2025-12-14 02:25:00
1765679400000,2025-12-14 02:30:00,197.36,197.99,197.36,197.99,7367.6,2025-12-14 02:30:00
1765679700000,2025-12-14 02:35:00,197.96,198.0,197.36,197.44,5757.9,2025-12-14 02:35:00
1765680000000,2025-12-14 02:40:00,197.44,197.5,197.09,197.14,6051.0,2025-12-14 02:40:00
1765680300000,2025-12-14 02:45:00,197.15,197.31,197.02,197.21,2669.1,2025-12-14 02:45:00
1765680600000,2025-12-14 02:50:00,197.22,197.22,197.08,197.11,6440.0,2025-12-14 02:50:00
1765680900000,2025-12-14 02:55:00,197.11,197.36,197.11,197.31,2168.6,2025-12-14 02:55:00
1765681200000,2025-12-14 03:00:00,197.32,197.43,197.05,197.15,3617.4,2025-12-14 03:00:00
1765681500000,2025-12-14 03:05:00,197.15,197.27,197.04,197.13,1671.8,2025-12-14 03:05:00
1765681800000,2025-12-14 03:10:00,197.14,197.19,196.91,196.91,1504.9,2025-12-14 03:10:00
1765682100000,2025-12-14 03:15:00,196.92,196.97,196.74,196.75,1338.1,2025-12-14 03:15:00
1765682400000,2025-12-14 03:20:00,196.75,196.77,196.64,196.77,1708.2,2025-12-14 03:20:00
1765682700000,2025-12-14 03:25:00,196.77,196.85,196.71,196.71,1781.4,2025-12-14 03:25:00
1765683000000,2025-12-14 03:30:00,196.7,196.7,196.25,196.29,8297.6,2025-12-14 03:30:00
1765683300000,2025-12-14 03:35:00,196.29,196.33,196.08,196.1,3776.4,2025-12-14 03:35:00
1765683600000,2025-12-14 03:40:00,196.1,196.21,196.1,196.14,1944.3,2025-12-14 03:40:00
1765683900000,2025-12-14 03:45:00,196.14,196.47,196.07,196.16,10281.9,2025-12-14 03:45:00
1765684200000,2025-12-14 03:50:00,196.16,196.16,195.82,195.91,8572.6,2025-12-14 03:50:00
1765684500000,2025-12-14 03:55:00,195.91,196.07,195.9,195.94,3305.2,2025-12-14 03:55:00
1765684800000,2025-12-14 04:00:00,195.94,196.04,195.84,195.89,3118.3,2025-12-14 04:00:00
1765685100000,2025-12-14 04:05:00,195.89,195.95,195.6,195.61,2321.8,2025-12-14 04:05:00
1765685400000,2025-12-14 04:10:00,195.61,195.87,195.6,195.81,2997.9,2025-12-14 04:10:00
1765685700000,2025-12-14 04:15:00,195.81,195.83,195.49,195.62,3092.5,2025-12-14 04:15:00
1765686000000,2025-12-14 04:20:00,195.61,195.68,195.55,195.57,1776.7,2025-12-14 04:20:00
1765686300000,2025-12-14 04:25:00,195.57,195.75,195.1,195.29,23001.3,2025-12-14 04:25:00
1765686600000,2025-12-14 04:30:00,195.29,195.33,195.05,195.17,6339.6,2025-12-14 04:30:00
1765686900000,2025-12-14 04:35:00,195.17,195.17,194.76,194.83,12793.5,2025-12-14 04:35:00
1765687200000,2025-12-14 04:40:00,194.83,194.84,194.16,194.28,36368.1,2025-12-14 04:40:00
1765687500000,2025-12-14 04:45:00,194.28,194.47,194.1,194.21,6902.6,2025-12-14 04:45:00
1765687800000,2025-12-14 04:50:00,194.21,194.79,194.18,194.66,7367.8,2025-12-14 04:50:00
1765688100000,2025-12-14 04:55:00,194.66,194.66,194.49,194.55,2714.6,2025-12-14 04:55:00
1765688400000,2025-12-14 05:00:00,194.55,194.55,194.27,194.33,4565.4,2025-12-14 05:00:00
1765688700000,2025-12-14 05:05:00,194.33,194.4,193.5,193.65,14611.3,2025-12-14 05:05:00
1765689000000,2025-12-14 05:10:00,193.65,193.87,193.53,193.83,4765.1,2025-12-14 05:10:00
1765689300000,2025-12-14 05:15:00,193.83,193.83,193.33,193.47,8556.0,2025-12-14 05:15:00
1765689600000,2025-12-14 05:20:00,193.47,193.66,193.32,193.64,3004.7,2025-12-14 05:20:00
1765689900000,2025-12-14 05:25:00,193.64,193.9,193.54,193.68,6377.6,2025-12-14 05:25:00
1765690200000,2025-12-14 05:30:00,193.67,193.78,193.51,193.59,3534.4,2025-12-14 05:30:00
1765690500000,2025-12-14 05:35:00,193.59,193.93,193.52,193.87,2413.7,2025-12-14 05:35:00
1765690800000,2025-12-14 05:40:00,193.88,194.29,193.85,194.2,10644.4,2025-12-14 05:40:00
1765691100000,2025-12-14 05:45:00,194.2,194.24,194.05,194.17,3209.7,2025-12-14 05:45:00
1765691400000,2025-12-14 05:50:00,194.17,194.17,193.78,193.81,4178.8,2025-12-14 05:50:00
1765691700000,2025-12-14 05:55:00,193.81,193.95,193.81,193.92,1866.2,2025-12-14 05:55:00
1765692000000,2025-12-14 06:00:00,193.93,193.93,193.5,193.59,3731.2,2025-12-14 06:00:00
1765692300000,2025-12-14 06:05:00,193.58,193.59,193.25,193.28,6280.1,2025-12-14 06:05:00
1765692600000,2025-12-14 06:10:00,193.27,193.51,193.27,193.46,4856.3,2025-12-14 06:10:00
1765692900000,2025-12-14 06:15:00,193.46,193.96,193.36,193.81,6081.2,2025-12-14 06:15:00
1765693200000,2025-12-14 06:20:00,193.8,193.84,193.7,193.7,3138.1,2025-12-14 06:20:00
1765693500000,2025-12-14 06:25:00,193.7,193.7,193.4,193.55,19372.6,2025-12-14 06:25:00
1765693800000,2025-12-14 06:30:00,193.56,193.56,193.04,193.25,4600.6,2025-12-14 06:30:00
1765694100000,2025-12-14 06:35:00,193.25,193.63,193.17,193.62,4581.2,2025-12-14 06:35:00
1765694400000,2025-12-14 06:40:00,193.63,194.16,193.62,194.05,5970.9,2025-12-14 06:40:00
1765694700000,2025-12-14 06:45:00,194.06,194.18,193.83,193.84,6294.4,2025-12-14 06:45:00
1765695000000,2025-12-14 06:50:00,193.84,193.84,193.59,193.62,3055.5,2025-12-14 06:50:00
1765695300000,2025-12-14 06:55:00,193.62,193.89,193.62,193.85,2266.0,2025-12-14 06:55:00
1765695600000,2025-12-14 07:00:00,193.86,194.05,193.63,194.05,5687.9,2025-12-14 07:00:00
1765695900000,2025-12-14 07:05:00,194.05,194.05,193.75,193.75,3340.8,2025-12-14 07:05:00
1765696200000,2025-12-14 07:10:00,193.75,194.06,193.75,194.01,3011.6,2025-12-14 07:10:00
1765696500000,2025-12-14 07:15:00,194.0,194.0,193.81,193.84,878.9,2025-12-14 07:15:00
1765696800000,2025-12-14 07:20:00,193.83,193.93,193.76,193.92,1293.3,2025-12-14 07:20:00
1765697100000,2025-12-14 07:25:00,193.91,193.96,193.87,193.89,1118.6,2025-12-14 07:25:00
1765697400000,2025-12-14 07:30:00,193.89,193.95,193.73,193.76,4408.3,2025-12-14 07:30:00
1765697700000,2025-12-14 07:35:00,193.76,194.01,193.76,193.9,1051.8,2025-12-14 07:35:00
1765698000000,2025-12-14 07:40:00,193.9,193.97,193.87,193.92,467.4,2025-12-14 07:40:00
1765698300000,2025-12-14 07:45:00,193.92,194.42,193.8,194.42,18582.4,2025-12-14 07:45:00
1765698600000,2025-12-14 07:50:00,194.41,194.72,194.35,194.35,7939.9,2025-12-14 07:50:00
1765698900000,2025-12-14 07:55:00,194.35,194.53,194.28,194.49,1087.7,2025-12-14 07:55:00
1765699200000,2025-12-14 08:00:00,194.49,194.61,194.49,194.61,394.8,2025-12-14 08:00:00
