timestamp,datetime,open,high,low,close,volume,created_at
1765267500000,2025-12-09 08:05:00,1.783,1.785,1.782,1.784,24523.0,2025-12-09 08:05:00
1765267800000,2025-12-09 08:10:00,1.785,1.787,1.782,1.783,13594.0,2025-12-09 08:10:00
1765268100000,2025-12-09 08:15:00,1.783,1.791,1.783,1.79,35880.0,2025-12-09 08:15:00
1765268400000,2025-12-09 08:20:00,1.79,1.793,1.786,1.788,36665.0,2025-12-09 08:20:00
1765268700000,2025-12-09 08:25:00,1.788,1.788,1.78,1.781,18649.0,2025-12-09 08:25:00
1765269000000,2025-12-09 08:30:00,1.782,1.782,1.776,1.78,63601.0,2025-12-09 08:30:00
1765269300000,2025-12-09 08:35:00,1.78,1.783,1.777,1.783,29516.0,2025-12-09 08:35:00
1765269600000,2025-12-09 08:40:00,1.783,1.783,1.777,1.778,20007.0,2025-12-09 08:40:00
1765269900000,2025-12-09 08:45:00,1.778,1.784,1.777,1.777,66886.0,2025-12-09 08:45:00
1765270200000,2025-12-09 08:50:00,1.777,1.783,1.777,1.783,13378.0,2025-12-09 08:50:00
1765270500000,2025-12-09 08:55:00,1.782,1.784,1.778,1.778,9391.0,2025-12-09 08:55:00
1765270800000,2025-12-09 09:00:00,1.777,1.778,1.77,1.771,43513.0,2025-12-09 09:00:00
1765271100000,2025-12-09 09:05:00,1.771,1.772,1.761,1.762,75280.0,2025-12-09 09:05:00
1765271400000,2025-12-09 09:10:00,1.763,1.767,1.762,1.763,45022.0,2025-12-09 09:10:00
1765271700000,2025-12-09 09:15:00,1.764,1.768,1.761,1.761,25595.0,2025-12-09 09:15:00
1765272000000,2025-12-09 09:20:00,1.761,1.765,1.76,1.764,15749.0,2025-12-09 09:20:00
1765272300000,2025-12-09 09:25:00,1.764,1.766,1.761,1.763,37603.0,2025-12-09 09:25:00
1765272600000,2025-12-09 09:30:00,1.764,1.765,1.761,1.761,22489.0,2025-12-09 09:30:00
1765272900000,2025-12-09 09:35:00,1.761,1.762,1.759,1.76,26904.0,2025-12-09 09:35:00
1765273200000,2025-12-09 09:40:00,1.761,1.761,1.756,1.757,52860.0,2025-12-09 09:40:00
1765273500000,2025-12-09 09:45:00,1.757,1.759,1.755,1.757,15566.0,2025-12-09 09:45:00
1765273800000,2025-12-09 09:50:00,1.757,1.76,1.757,1.758,7966.0,2025-12-09 09:50:00
1765274100000,2025-12-09 09:55:00,1.757,1.76,1.756,1.756,12010.0,2025-12-09 09:55:00
1765274400000,2025-12-09 10:00:00,1.757,1.761,1.753,1.759,76536.0,2025-12-09 10:00:00
1765274700000,2025-12-09 10:05:00,1.759,1.761,1.756,1.756,24478.0,2025-12-09 10:05:00
1765275000000,2025-12-09 10:10:00,1.756,1.762,1.755,1.759,22870.0,2025-12-09 10:10:00
1765275300000,2025-12-09 10:15:00,1.758,1.759,1.749,1.751,50719.0,2025-12-09 10:15:00
1765275600000,2025-12-09 10:20:00,1.751,1.754,1.75,1.751,17051.0,2025-12-09 10:20:00
1765275900000,2025-12-09 10:25:00,1.751,1.753,1.748,1.752,19971.0,2025-12-09 10:25:00
1765276200000,2025-12-09 10:30:00,1.751,1.756,1.749,1.753,32928.0,2025-12-09 10:30:00
1765276500000,2025-12-09 10:35:00,1.753,1.755,1.74,1.742,59301.0,2025-12-09 10:35:00
1765276800000,2025-12-09 10:40:00,1.742,1.749,1.74,1.746,43491.0,2025-12-09 10:40:00
1765277100000,2025-12-09 10:45:00,1.747,1.749,1.744,1.748,11321.0,2025-12-09 10:45:00
1765277400000,2025-12-09 10:50:00,1.749,1.75,1.746,1.747,13607.0,2025-12-09 10:50:00
1765277700000,2025-12-09 10:55:00,1.747,1.749,1.742,1.745,31627.0,2025-12-09 10:55:00
1765278000000,2025-12-09 11:00:00,1.746,1.747,1.742,1.745,21087.0,2025-12-09 11:00:00
1765278300000,2025-12-09 11:05:00,1.745,1.746,1.742,1.745,25689.0,2025-12-09 11:05:00
1765278600000,2025-12-09 11:10:00,1.744,1.745,1.74,1.74,21325.0,2025-12-09 11:10:00
1765278900000,2025-12-09 11:15:00,1.741,1.741,1.726,1.728,190002.0,2025-12-09 11:15:00
1765279200000,2025-12-09 11:20:00,1.729,1.738,1.727,1.734,91281.0,2025-12-09 11:20:00
1765279500000,2025-12-09 11:25:00,1.734,1.736,1.733,1.735,27914.0,2025-12-09 11:25:00
1765279800000,2025-12-09 11:30:00,1.735,1.743,1.732,1.742,51998.0,2025-12-09 11:30:00
1765280100000,2025-12-09 11:35:00,1.742,1.744,1.74,1.74,34575.0,2025-12-09 11:35:00
1765280400000,2025-12-09 11:40:00,1.74,1.744,1.739,1.743,34075.0,2025-12-09 11:40:00
1765280700000,2025-12-09 11:45:00,1.743,1.753,1.743,1.745,167596.0,2025-12-09 11:45:00
1765281000000,2025-12-09 11:50:00,1.745,1.746,1.743,1.744,26535.0,2025-12-09 11:50:00
1765281300000,2025-12-09 11:55:00,1.744,1.749,1.744,1.748,44176.0,2025-12-09 11:55:00
1765281600000,2025-12-09 12:00:00,1.748,1.76,1.743,1.752,106762.0,2025-12-09 12:00:00
1765281900000,2025-12-09 12:05:00,1.752,1.754,1.748,1.751,47002.0,2025-12-09 12:05:00
1765282200000,2025-12-09 12:10:00,1.752,1.752,1.749,1.75,22491.0,2025-12-09 12:10:00
1765282500000,2025-12-09 12:15:00,1.75,1.76,1.75,1.76,29132.0,2025-12-09 12:15:00
1765282800000,2025-12-09 12:20:00,1.76,1.765,1.757,1.76,98852.0,2025-12-09 12:20:00
1765283100000,2025-12-09 12:25:00,1.76,1.763,1.755,1.758,26072.0,2025-12-09 12:25:00
1765283400000,2025-12-09 12:30:00,1.759,1.766,1.757,1.765,29080.0,2025-12-09 12:30:00
1765283700000,2025-12-09 12:35:00,1.765,1.765,1.76,1.762,21982.0,2025-12-09 12:35:00
1765284000000,2025-12-09 12:40:00,1.762,1.772,1.761,1.77,39497.0,2025-12-09 12:40:00
1765284300000,2025-12-09 12:45:00,1.77,1.772,1.767,1.771,18707.0,2025-12-09 12:45:00
1765284600000,2025-12-09 12:50:00,1.771,1.771,1.764,1.764,45408.0,2025-12-09 12:50:00
1765284900000,2025-12-09 12:55:00,1.764,1.766,1.76,1.763,77177.0,2025-12-09 12:55:00
1765285200000,2025-12-09 13:00:00,1.763,1.768,1.761,1.762,41786.0,2025-12-09 13:00:00
1765285500000,2025-12-09 13:05:00,1.762,1.762,1.756,1.757,65576.0,2025-12-09 13:05:00
1765285800000,2025-12-09 13:10:00,1.757,1.76,1.754,1.759,45254.0,2025-12-09 13:10:00
1765286100000,2025-12-09 13:15:00,1.759,1.762,1.758,1.76,17055.0,2025-12-09 13:15:00
1765286400000,2025-12-09 13:20:00,1.76,1.764,1.76,1.763,37977.0,2025-12-09 13:20:00
1765286700000,2025-12-09 13:25:00,1.763,1.768,1.762,1.764,26148.0,2025-12-09 13:25:00
1765287000000,2025-12-09 13:30:00,1.765,1.769,1.764,1.767,38474.0,2025-12-09 13:30:00
1765287300000,2025-12-09 13:35:00,1.767,1.767,1.757,1.761,38426.0,2025-12-09 13:35:00
1765287600000,2025-12-09 13:40:00,1.762,1.762,1.756,1.756,11834.0,2025-12-09 13:40:00
1765287900000,2025-12-09 13:45:00,1.756,1.762,1.756,1.759,24722.0,2025-12-09 13:45:00
1765288200000,2025-12-09 13:50:00,1.76,1.763,1.757,1.759,9997.0,2025-12-09 13:50:00
1765288500000,2025-12-09 13:55:00,1.759,1.763,1.759,1.761,17841.0,2025-12-09 13:55:00
1765288800000,2025-12-09 14:00:00,1.761,1.77,1.761,1.765,52030.0,2025-12-09 14:00:00
1765289100000,2025-12-09 14:05:00,1.764,1.772,1.764,1.766,26551.0,2025-12-09 14:05:00
1765289400000,2025-12-09 14:10:00,1.765,1.766,1.762,1.763,12849.0,2025-12-09 14:10:00
1765289700000,2025-12-09 14:15:00,1.763,1.764,1.759,1.762,20729.0,2025-12-09 14:15:00
1765290000000,2025-12-09 14:20:00,1.762,1.764,1.756,1.759,18460.0,2025-12-09 14:20:00
1765290300000,2025-12-09 14:25:00,1.758,1.759,1.75,1.757,76780.0,2025-12-09 14:25:00
1765290600000,2025-12-09 14:30:00,1.757,1.764,1.747,1.758,86891.0,2025-12-09 14:30:00
1765290900000,2025-12-09 14:35:00,1.759,1.767,1.757,1.76,54283.0,2025-12-09 14:35:00
1765291200000,2025-12-09 14:40:00,1.76,1.761,1.754,1.755,63611.0,2025-12-09 14:40:00
1765291500000,2025-12-09 14:45:00,1.755,1.758,1.752,1.757,23558.0,2025-12-09 14:45:00
1765291800000,2025-12-09 14:50:00,1.757,1.76,1.752,1.757,36718.0,2025-12-09 14:50:00
1765292100000,2025-12-09 14:55:00,1.758,1.76,1.754,1.759,29133.0,2025-12-09 14:55:00
1765292400000,2025-12-09 15:00:00,1.76,1.793,1.755,1.775,265941.0,2025-12-09 15:00:00
1765292700000,2025-12-09 15:05:00,1.775,1.785,1.767,1.773,104068.0,2025-12-09 15:05:00
1765293000000,2025-12-09 15:10:00,1.772,1.776,1.765,1.766,67917.0,2025-12-09 15:10:00
1765293300000,2025-12-09 15:15:00,1.766,1.776,1.765,1.775,40824.0,2025-12-09 15:15:00
1765293600000,2025-12-09 15:20:00,1.776,1.785,1.775,1.776,61608.0,2025-12-09 15:20:00
1765293900000,2025-12-09 15:25:00,1.776,1.788,1.772,1.779,151327.0,2025-12-09 15:25:00
1765294200000,2025-12-09 15:30:00,1.779,1.786,1.778,1.783,83291.0,2025-12-09 15:30:00
1765294500000,2025-12-09 15:35:00,1.783,1.797,1.78,1.791,61681.0,2025-12-09 15:35:00
1765294800000,2025-12-09 15:40:00,1.791,1.811,1.789,1.81,204554.0,2025-12-09 15:40:00
1765295100000,2025-12-09 15:45:00,1.809,1.814,1.804,1.811,241038.0,2025-12-09 15:45:00
1765295400000,2025-12-09 15:50:00,1.811,1.83,1.811,1.825,225880.0,2025-12-09 15:50:00
1765295700000,2025-12-09 15:55:00,1.825,1.832,1.822,1.828,116854.0,2025-12-09 15:55:00
1765296000000,2025-12-09 16:00:00,1.828,1.852,1.828,1.843,264808.0,2025-12-09 16:00:00
1765296300000,2025-12-09 16:05:00,1.844,1.85,1.839,1.847,133772.0,2025-12-09 16:05:00
1765296600000,2025-12-09 16:10:00,1.847,1.859,1.845,1.854,211350.0,2025-12-09 16:10:00
1765296900000,2025-12-09 16:15:00,1.854,1.865,1.847,1.849,373465.0,2025-12-09 16:15:00
1765297200000,2025-12-09 16:20:00,1.85,1.858,1.846,1.853,151200.0,2025-12-09 16:20:00
1765297500000,2025-12-09 16:25:00,1.853,1.857,1.849,1.853,64183.0,2025-12-09 16:25:00
1765297800000,2025-12-09 16:30:00,1.854,1.879,1.853,1.871,292698.0,2025-12-09 16:30:00
1765298100000,2025-12-09 16:35:00,1.871,1.879,1.867,1.87,191478.0,2025-12-09 16:35:00
1765298400000,2025-12-09 16:40:00,1.87,1.882,1.869,1.881,123420.0,2025-12-09 16:40:00
1765298700000,2025-12-09 16:45:00,1.881,1.89,1.876,1.888,104059.0,2025-12-09 16:45:00
1765299000000,2025-12-09 16:50:00,1.887,1.891,1.881,1.884,96264.0,2025-12-09 16:50:00
1765299300000,2025-12-09 16:55:00,1.884,1.891,1.878,1.885,62905.0,2025-12-09 16:55:00
1765299600000,2025-12-09 17:00:00,1.885,1.895,1.885,1.895,159831.0,2025-12-09 17:00:00
1765299900000,2025-12-09 17:05:00,1.895,1.901,1.891,1.899,132103.0,2025-12-09 17:05:00
1765300200000,2025-12-09 17:10:00,1.899,1.909,1.893,1.907,91124.0,2025-12-09 17:10:00
1765300500000,2025-12-09 17:15:00,1.907,1.91,1.898,1.901,125101.0,2025-12-09 17:15:00
1765300800000,2025-12-09 17:20:00,1.901,1.91,1.898,1.904,115476.0,2025-12-09 17:20:00
1765301100000,2025-12-09 17:25:00,1.904,1.909,1.888,1.899,181678.0,2025-12-09 17:25:00
1765301400000,2025-12-09 17:30:00,1.9,1.907,1.895,1.896,81598.0,2025-12-09 17:30:00
1765301700000,2025-12-09 17:35:00,1.896,1.907,1.892,1.904,70283.0,2025-12-09 17:35:00
1765302000000,2025-12-09 17:40:00,1.903,1.907,1.89,1.894,62598.0,2025-12-09 17:40:00
1765302300000,2025-12-09 17:45:00,1.893,1.899,1.893,1.898,70044.0,2025-12-09 17:45:00
1765302600000,2025-12-09 17:50:00,1.899,1.901,1.892,1.893,23297.0,2025-12-09 17:50:00
1765302900000,2025-12-09 17:55:00,1.893,1.897,1.889,1.897,29556.0,2025-12-09 17:55:00
1765303200000,2025-12-09 18:00:00,1.897,1.902,1.894,1.897,68145.0,2025-12-09 18:00:00
1765303500000,2025-12-09 18:05:00,1.896,1.905,1.896,1.903,60634.0,2025-12-09 18:05:00
1765303800000,2025-12-09 18:10:00,1.903,1.917,1.903,1.911,108000.0,2025-12-09 18:10:00
1765304100000,2025-12-09 18:15:00,1.912,1.916,1.9,1.907,142216.0,2025-12-09 18:15:00
1765304400000,2025-12-09 18:20:00,1.908,1.91,1.905,1.909,49235.0,2025-12-09 18:20:00
1765304700000,2025-12-09 18:25:00,1.908,1.912,1.906,1.91,44711.0,2025-12-09 18:25:00
1765305000000,2025-12-09 18:30:00,1.909,1.91,1.9,1.905,33142.0,2025-12-09 18:30:00
1765305300000,2025-12-09 18:35:00,1.905,1.91,1.902,1.908,34337.0,2025-12-09 18:35:00
1765305600000,2025-12-09 18:40:00,1.908,1.913,1.907,1.911,50992.0,2025-12-09 18:40:00
1765305900000,2025-12-09 18:45:00,1.911,1.912,1.902,1.904,34973.0,2025-12-09 18:45:00
1765306200000,2025-12-09 18:50:00,1.903,1.903,1.895,1.903,32745.0,2025-12-09 18:50:00
1765306500000,2025-12-09 18:55:00,1.903,1.91,1.901,1.91,41217.0,2025-12-09 18:55:00
1765306800000,2025-12-09 19:00:00,1.91,1.911,1.898,1.898,31425.0,2025-12-09 19:00:00
1765307100000,2025-12-09 19:05:00,1.898,1.902,1.894,1.899,29996.0,2025-12-09 19:05:00
1765307400000,2025-12-09 19:10:00,1.9,1.91,1.898,1.909,49946.0,2025-12-09 19:10:00
1765307700000,2025-12-09 19:15:00,1.908,1.921,1.907,1.915,100138.0,2025-12-09 19:15:00
1765308000000,2025-12-09 19:20:00,1.915,1.915,1.902,1.903,32806.0,2025-12-09 19:20:00
1765308300000,2025-12-09 19:25:00,1.903,1.906,1.903,1.905,24803.0,2025-12-09 19:25:00
1765308600000,2025-12-09 19:30:00,1.905,1.91,1.902,1.909,76896.0,2025-12-09 19:30:00
1765308900000,2025-12-09 19:35:00,1.908,1.909,1.903,1.905,31100.0,2025-12-09 19:35:00
1765309200000,2025-12-09 19:40:00,1.904,1.906,1.893,1.897,67132.0,2025-12-09 19:40:00
1765309500000,2025-12-09 19:45:00,1.896,1.902,1.896,1.899,17971.0,2025-12-09 19:45:00
1765309800000,2025-12-09 19:50:00,1.898,1.901,1.897,1.9,19664.0,2025-12-09 19:50:00
1765310100000,2025-12-09 19:55:00,1.9,1.9,1.895,1.895,14483.0,2025-12-09 19:55:00
1765310400000,2025-12-09 20:00:00,1.895,1.898,1.889,1.89,73845.0,2025-12-09 20:00:00
1765310700000,2025-12-09 20:05:00,1.89,1.896,1.889,1.895,22994.0,2025-12-09 20:05:00
1765311000000,2025-12-09 20:10:00,1.894,1.899,1.894,1.897,18588.0,2025-12-09 20:10:00
1765311300000,2025-12-09 20:15:00,1.897,1.899,1.879,1.883,157568.0,2025-12-09 20:15:00
1765311600000,2025-12-09 20:20:00,1.882,1.885,1.873,1.873,110139.0,2025-12-09 20:20:00
1765311900000,2025-12-09 20:25:00,1.874,1.878,1.864,1.874,70902.0,2025-12-09 20:25:00
1765312200000,2025-12-09 20:30:00,1.874,1.876,1.862,1.864,35377.0,2025-12-09 20:30:00
1765312500000,2025-12-09 20:35:00,1.864,1.883,1.863,1.876,63792.0,2025-12-09 20:35:00
1765312800000,2025-12-09 20:40:00,1.875,1.878,1.87,1.874,36803.0,2025-12-09 20:40:00
1765313100000,2025-12-09 20:45:00,1.874,1.883,1.872,1.882,43826.0,2025-12-09 20:45:00
1765313400000,2025-12-09 20:50:00,1.882,1.887,1.875,1.877,18413.0,2025-12-09 20:50:00
1765313700000,2025-12-09 20:55:00,1.877,1.879,1.874,1.878,21772.0,2025-12-09 20:55:00
1765314000000,2025-12-09 21:00:00,1.878,1.885,1.876,1.885,26268.0,2025-12-09 21:00:00
1765314300000,2025-12-09 21:05:00,1.885,1.888,1.881,1.882,27838.0,2025-12-09 21:05:00
1765314600000,2025-12-09 21:10:00,1.881,1.893,1.88,1.889,43032.0,2025-12-09 21:10:00
1765314900000,2025-12-09 21:15:00,1.889,1.893,1.881,1.882,67983.0,2025-12-09 21:15:00
1765315200000,2025-12-09 21:20:00,1.882,1.889,1.88,1.889,31233.0,2025-12-09 21:20:00
1765315500000,2025-12-09 21:25:00,1.889,1.893,1.887,1.888,19919.0,2025-12-09 21:25:00
1765315800000,2025-12-09 21:30:00,1.887,1.888,1.878,1.878,21644.0,2025-12-09 21:30:00
1765316100000,2025-12-09 21:35:00,1.877,1.879,1.874,1.877,20698.0,2025-12-09 21:35:00
1765316400000,2025-12-09 21:40:00,1.876,1.879,1.87,1.872,20047.0,2025-12-09 21:40:00
1765316700000,2025-12-09 21:45:00,1.872,1.875,1.857,1.866,81196.0,2025-12-09 21:45:00
1765317000000,2025-12-09 21:50:00,1.865,1.868,1.858,1.859,58061.0,2025-12-09 21:50:00
1765317300000,2025-12-09 21:55:00,1.859,1.878,1.855,1.876,46550.0,2025-12-09 21:55:00
1765317600000,2025-12-09 22:00:00,1.876,1.888,1.869,1.875,183483.0,2025-12-09 22:00:00
1765317900000,2025-12-09 22:05:00,1.875,1.886,1.874,1.882,35588.0,2025-12-09 22:05:00
1765318200000,2025-12-09 22:10:00,1.882,1.892,1.882,1.89,84123.0,2025-12-09 22:10:00
1765318500000,2025-12-09 22:15:00,1.89,1.892,1.884,1.886,20455.0,2025-12-09 22:15:00
1765318800000,2025-12-09 22:20:00,1.886,1.888,1.881,1.883,14636.0,2025-12-09 22:20:00
1765319100000,2025-12-09 22:25:00,1.882,1.885,1.879,1.883,19166.0,2025-12-09 22:25:00
1765319400000,2025-12-09 22:30:00,1.882,1.889,1.881,1.886,21850.0,2025-12-09 22:30:00
1765319700000,2025-12-09 22:35:00,1.887,1.91,1.886,1.901,54523.0,2025-12-09 22:35:00
1765320000000,2025-12-09 22:40:00,1.9,1.907,1.896,1.904,35426.0,2025-12-09 22:40:00
1765320300000,2025-12-09 22:45:00,1.904,1.908,1.899,1.9,24285.0,2025-12-09 22:45:00
1765320600000,2025-12-09 22:50:00,1.9,1.902,1.889,1.89,24763.0,2025-12-09 22:50:00
1765320900000,2025-12-09 22:55:00,1.89,1.897,1.889,1.893,31904.0,2025-12-09 22:55:00
1765321200000,2025-12-09 23:00:00,1.893,1.899,1.89,1.899,23328.0,2025-12-09 23:00:00
1765321500000,2025-12-09 23:05:00,1.898,1.9,1.895,1.899,34216.0,2025-12-09 23:05:00
1765321800000,2025-12-09 23:10:00,1.898,1.904,1.894,1.896,40343.0,2025-12-09 23:10:00
1765322100000,2025-12-09 23:15:00,1.896,1.898,1.894,1.898,16154.0,2025-12-09 23:15:00
1765322400000,2025-12-09 23:20:00,1.897,1.904,1.897,1.899,29077.0,2025-12-09 23:20:00
1765322700000,2025-12-09 23:25:00,1.898,1.902,1.896,1.9,25722.0,2025-12-09 23:25:00
1765323000000,2025-12-09 23:30:00,1.899,1.899,1.892,1.893,16832.0,2025-12-09 23:30:00
1765323300000,2025-12-09 23:35:00,1.892,1.899,1.892,1.897,18224.0,2025-12-09 23:35:00
1765323600000,2025-12-09 23:40:00,1.897,1.898,1.892,1.893,15078.0,2025-12-09 23:40:00
1765323900000,2025-12-09 23:45:00,1.893,1.893,1.889,1.889,18017.0,2025-12-09 23:45:00
1765324200000,2025-12-09 23:50:00,1.888,1.889,1.881,1.884,24787.0,2025-12-09 23:50:00
1765324500000,2025-12-09 23:55:00,1.884,1.885,1.882,1.885,13767.0,2025-12-09 23:55:00
1765324800000,2025-12-10 00:00:00,1.884,1.889,1.883,1.886,54565.0,2025-12-10 00:00:00
1765325100000,2025-12-10 00:05:00,1.886,1.886,1.883,1.884,19024.0,2025-12-10 00:05:00
1765325400000,2025-12-10 00:10:00,1.883,1.884,1.879,1.879,22392.0,2025-12-10 00:10:00
1765325700000,2025-12-10 00:15:00,1.88,1.881,1.874,1.875,34302.0,2025-12-10 00:15:00
1765326000000,2025-12-10 00:20:00,1.874,1.881,1.872,1.877,23829.0,2025-12-10 00:20:00
1765326300000,2025-12-10 00:25:00,1.877,1.881,1.874,1.881,20271.0,2025-12-10 00:25:00
1765326600000,2025-12-10 00:30:00,1.881,1.886,1.876,1.878,47851.0,2025-12-10 00:30:00
1765326900000,2025-12-10 00:35:00,1.878,1.881,1.876,1.877,26574.0,2025-12-10 00:35:00
1765327200000,2025-12-10 00:40:00,1.877,1.877,1.872,1.876,36155.0,2025-12-10 00:40:00
1765327500000,2025-12-10 00:45:00,1.876,1.879,1.868,1.87,55763.0,2025-12-10 00:45:00
1765327800000,2025-12-10 00:50:00,1.87,1.872,1.868,1.87,18734.0,2025-12-10 00:50:00
1765328100000,2025-12-10 00:55:00,1.87,1.872,1.867,1.868,18508.0,2025-12-10 00:55:00
1765328400000,2025-12-10 01:00:00,1.868,1.869,1.864,1.869,40124.0,2025-12-10 01:00:00
1765328700000,2025-12-10 01:05:00,1.869,1.869,1.859,1.86,37118.0,2025-12-10 01:05:00
1765329000000,2025-12-10 01:10:00,1.86,1.862,1.856,1.857,32035.0,2025-12-10 01:10:00
1765329300000,2025-12-10 01:15:00,1.857,1.864,1.854,1.863,37885.0,2025-12-10 01:15:00
1765329600000,2025-12-10 01:20:00,1.862,1.863,1.855,1.857,10638.0,2025-12-10 01:20:00
1765329900000,2025-12-10 01:25:00,1.857,1.86,1.853,1.86,19260.0,2025-12-10 01:25:00
1765330200000,2025-12-10 01:30:00,1.859,1.859,1.846,1.848,56908.0,2025-12-10 01:30:00
1765330500000,2025-12-10 01:35:00,1.848,1.853,1.847,1.851,26787.0,2025-12-10 01:35:00
1765330800000,2025-12-10 01:40:00,1.851,1.854,1.85,1.851,19497.0,2025-12-10 01:40:00
1765331100000,2025-12-10 01:45:00,1.851,1.851,1.847,1.85,26407.0,2025-12-10 01:45:00
1765331400000,2025-12-10 01:50:00,1.85,1.853,1.847,1.849,39208.0,2025-12-10 01:50:00
1765331700000,2025-12-10 01:55:00,1.849,1.849,1.847,1.848,20297.0,2025-12-10 01:55:00
1765332000000,2025-12-10 02:00:00,1.848,1.848,1.838,1.839,69409.0,2025-12-10 02:00:00
1765332300000,2025-12-10 02:05:00,1.839,1.84,1.835,1.839,40198.0,2025-12-10 02:05:00
1765332600000,2025-12-10 02:10:00,1.839,1.842,1.839,1.841,18890.0,2025-12-10 02:10:00
1765332900000,2025-12-10 02:15:00,1.841,1.848,1.838,1.846,23019.0,2025-12-10 02:15:00
1765333200000,2025-12-10 02:20:00,1.847,1.851,1.845,1.847,21265.0,2025-12-10 02:20:00
1765333500000,2025-12-10 02:25:00,1.847,1.849,1.844,1.847,10847.0,2025-12-10 02:25:00
1765333800000,2025-12-10 02:30:00,1.848,1.849,1.844,1.847,12378.0,2025-12-10 02:30:00
1765334100000,2025-12-10 02:35:00,1.846,1.846,1.84,1.842,11904.0,2025-12-10 02:35:00
1765334400000,2025-12-10 02:40:00,1.841,1.842,1.838,1.841,13202.0,2025-12-10 02:40:00
1765334700000,2025-12-10 02:45:00,1.841,1.844,1.84,1.842,30086.0,2025-12-10 02:45:00
1765335000000,2025-12-10 02:50:00,1.841,1.841,1.836,1.838,32613.0,2025-12-10 02:50:00
1765335300000,2025-12-10 02:55:00,1.839,1.844,1.839,1.844,14512.0,2025-12-10 02:55:00
1765335600000,2025-12-10 03:00:00,1.843,1.845,1.839,1.844,11913.0,2025-12-10 03:00:00
1765335900000,2025-12-10 03:05:00,1.845,1.846,1.841,1.842,30585.0,2025-12-10 03:05:00
1765336200000,2025-12-10 03:10:00,1.841,1.849,1.841,1.847,44999.0,2025-12-10 03:10:00
1765336500000,2025-12-10 03:15:00,1.846,1.85,1.846,1.848,32163.0,2025-12-10 03:15:00
1765336800000,2025-12-10 03:20:00,1.847,1.847,1.843,1.844,19500.0,2025-12-10 03:20:00
1765337100000,2025-12-10 03:25:00,1.844,1.847,1.843,1.845,25140.0,2025-12-10 03:25:00
1765337400000,2025-12-10 03:30:00,1.845,1.846,1.841,1.842,28318.0,2025-12-10 03:30:00
1765337700000,2025-12-10 03:35:00,1.843,1.844,1.841,1.843,18209.0,2025-12-10 03:35:00
1765338000000,2025-12-10 03:40:00,1.843,1.845,1.841,1.841,39040.0,2025-12-10 03:40:00
1765338300000,2025-12-10 03:45:00,1.842,1.844,1.839,1.844,38169.0,2025-12-10 03:45:00
1765338600000,2025-12-10 03:50:00,1.843,1.844,1.838,1.839,22819.0,2025-12-10 03:50:00
1765338900000,2025-12-10 03:55:00,1.839,1.841,1.838,1.84,10910.0,2025-12-10 03:55:00
1765339200000,2025-12-10 04:00:00,1.84,1.84,1.833,1.836,63458.0,2025-12-10 04:00:00
1765339500000,2025-12-10 04:05:00,1.836,1.837,1.83,1.833,51165.0,2025-12-10 04:05:00
1765339800000,2025-12-10 04:10:00,1.833,1.834,1.831,1.833,8584.0,2025-12-10 04:10:00
1765340100000,2025-12-10 04:15:00,1.832,1.843,1.832,1.839,27763.0,2025-12-10 04:15:00
1765340400000,2025-12-10 04:20:00,1.839,1.841,1.834,1.841,30730.0,2025-12-10 04:20:00
1765340700000,2025-12-10 04:25:00,1.842,1.842,1.837,1.839,11848.0,2025-12-10 04:25:00
1765341000000,2025-12-10 04:30:00,1.84,1.846,1.837,1.844,15094.0,2025-12-10 04:30:00
1765341300000,2025-12-10 04:35:00,1.844,1.845,1.837,1.84,49394.0,2025-12-10 04:35:00
1765341600000,2025-12-10 04:40:00,1.84,1.841,1.832,1.834,35624.0,2025-12-10 04:40:00
1765341900000,2025-12-10 04:45:00,1.834,1.842,1.834,1.836,20696.0,2025-12-10 04:45:00
1765342200000,2025-12-10 04:50:00,1.837,1.839,1.832,1.835,33295.0,2025-12-10 04:50:00
1765342500000,2025-12-10 04:55:00,1.835,1.84,1.833,1.834,11911.0,2025-12-10 04:55:00
1765342800000,2025-12-10 05:00:00,1.834,1.839,1.833,1.837,22384.0,2025-12-10 05:00:00
1765343100000,2025-12-10 05:05:00,1.837,1.838,1.832,1.834,43001.0,2025-12-10 05:05:00
1765343400000,2025-12-10 05:10:00,1.834,1.838,1.832,1.838,15439.0,2025-12-10 05:10:00
1765343700000,2025-12-10 05:15:00,1.838,1.843,1.836,1.837,56314.0,2025-12-10 05:15:00
1765344000000,2025-12-10 05:20:00,1.838,1.839,1.835,1.837,52347.0,2025-12-10 05:20:00
1765344300000,2025-12-10 05:25:00,1.836,1.838,1.835,1.837,17550.0,2025-12-10 05:25:00
1765344600000,2025-12-10 05:30:00,1.837,1.838,1.831,1.831,37315.0,2025-12-10 05:30:00
1765344900000,2025-12-10 05:35:00,1.831,1.835,1.831,1.833,12786.0,2025-12-10 05:35:00
1765345200000,2025-12-10 05:40:00,1.834,1.834,1.832,1.834,7011.0,2025-12-10 05:40:00
1765345500000,2025-12-10 05:45:00,1.834,1.836,1.832,1.833,29819.0,2025-12-10 05:45:00
1765345800000,2025-12-10 05:50:00,1.834,1.835,1.831,1.834,58760.0,2025-12-10 05:50:00
1765346100000,2025-12-10 05:55:00,1.834,1.84,1.833,1.836,10599.0,2025-12-10 05:55:00
1765346400000,2025-12-10 06:00:00,1.837,1.838,1.828,1.83,19333.0,2025-12-10 06:00:00
1765346700000,2025-12-10 06:05:00,1.83,1.834,1.829,1.829,11740.0,2025-12-10 06:05:00
1765347000000,2025-12-10 06:10:00,1.829,1.834,1.829,1.832,30685.0,2025-12-10 06:10:00
1765347300000,2025-12-10 06:15:00,1.833,1.834,1.831,1.831,2969.0,2025-12-10 06:15:00
1765347600000,2025-12-10 06:20:00,1.832,1.836,1.831,1.835,7170.0,2025-12-10 06:20:00
1765347900000,2025-12-10 06:25:00,1.835,1.837,1.834,1.836,22729.0,2025-12-10 06:25:00
1765348200000,2025-12-10 06:30:00,1.837,1.838,1.831,1.831,32406.0,2025-12-10 06:30:00
1765348500000,2025-12-10 06:35:00,1.831,1.832,1.829,1.829,14829.0,2025-12-10 06:35:00
1765348800000,2025-12-10 06:40:00,1.83,1.833,1.83,1.832,21582.0,2025-12-10 06:40:00
1765349100000,2025-12-10 06:45:00,1.832,1.833,1.828,1.831,19152.0,2025-12-10 06:45:00
1765349400000,2025-12-10 06:50:00,1.831,1.833,1.829,1.83,8723.0,2025-12-10 06:50:00
1765349700000,2025-12-10 06:55:00,1.83,1.834,1.83,1.831,22907.0,2025-12-10 06:55:00
1765350000000,2025-12-10 07:00:00,1.831,1.831,1.825,1.827,87981.0,2025-12-10 07:00:00
1765350300000,2025-12-10 07:05:00,1.827,1.828,1.82,1.821,38107.0,2025-12-10 07:05:00
1765350600000,2025-12-10 07:10:00,1.821,1.825,1.819,1.822,43744.0,2025-12-10 07:10:00
1765350900000,2025-12-10 07:15:00,1.823,1.824,1.816,1.817,33709.0,2025-12-10 07:15:00
1765351200000,2025-12-10 07:20:00,1.818,1.82,1.816,1.818,15591.0,2025-12-10 07:20:00
1765351500000,2025-12-10 07:25:00,1.819,1.819,1.817,1.818,17871.0,2025-12-10 07:25:00
1765351800000,2025-12-10 07:30:00,1.819,1.82,1.813,1.819,65057.0,2025-12-10 07:30:00
1765352100000,2025-12-10 07:35:00,1.819,1.82,1.818,1.818,17656.0,2025-12-10 07:35:00
1765352400000,2025-12-10 07:40:00,1.819,1.82,1.815,1.82,35637.0,2025-12-10 07:40:00
1765352700000,2025-12-10 07:45:00,1.819,1.821,1.817,1.819,25157.0,2025-12-10 07:45:00
1765353000000,2025-12-10 07:50:00,1.82,1.824,1.819,1.822,18696.0,2025-12-10 07:50:00
1765353300000,2025-12-10 07:55:00,1.822,1.824,1.82,1.823,9216.0,2025-12-10 07:55:00
1765353600000,2025-12-10 08:00:00,1.824,1.824,1.818,1.82,26530.0,2025-12-10 08:00:00
1765353900000,2025-12-10 08:05:00,1.82,1.821,1.818,1.819,10720.0,2025-12-10 08:05:00
1765354200000,2025-12-10 08:10:00,1.819,1.82,1.81,1.81,57835.0,2025-12-10 08:10:00
1765354500000,2025-12-10 08:15:00,1.81,1.811,1.804,1.804,58171.0,2025-12-10 08:15:00
1765354800000,2025-12-10 08:20:00,1.805,1.807,1.801,1.805,85686.0,2025-12-10 08:20:00
1765355100000,2025-12-10 08:25:00,1.805,1.806,1.803,1.803,15189.0,2025-12-10 08:25:00
1765355400000,2025-12-10 08:30:00,1.803,1.805,1.798,1.798,76285.0,2025-12-10 08:30:00
1765355700000,2025-12-10 08:35:00,1.799,1.804,1.798,1.804,61996.0,2025-12-10 08:35:00
1765356000000,2025-12-10 08:40:00,1.804,1.804,1.799,1.799,33260.0,2025-12-10 08:40:00
1765356300000,2025-12-10 08:45:00,1.799,1.802,1.797,1.798,49873.0,2025-12-10 08:45:00
1765356600000,2025-12-10 08:50:00,1.797,1.799,1.797,1.799,37650.0,2025-12-10 08:50:00
1765356900000,2025-12-10 08:55:00,1.799,1.8,1.792,1.794,50797.0,2025-12-10 08:55:00
1765357200000,2025-12-10 09:00:00,1.794,1.796,1.79,1.795,54932.0,2025-12-10 09:00:00
1765357500000,2025-12-10 09:05:00,1.796,1.799,1.794,1.795,67734.0,2025-12-10 09:05:00
1765357800000,2025-12-10 09:10:00,1.796,1.798,1.795,1.795,10017.0,2025-12-10 09:10:00
1765358100000,2025-12-10 09:15:00,1.795,1.797,1.792,1.795,22777.0,2025-12-10 09:15:00
1765358400000,2025-12-10 09:20:00,1.795,1.797,1.794,1.795,21083.0,2025-12-10 09:20:00
1765358700000,2025-12-10 09:25:00,1.796,1.798,1.795,1.796,10016.0,2025-12-10 09:25:00
1765359000000,2025-12-10 09:30:00,1.797,1.806,1.797,1.806,51313.0,2025-12-10 09:30:00
1765359300000,2025-12-10 09:35:00,1.805,1.807,1.803,1.806,35635.0,2025-12-10 09:35:00
1765359600000,2025-12-10 09:40:00,1.805,1.807,1.805,1.805,12739.0,2025-12-10 09:40:00
1765359900000,2025-12-10 09:45:00,1.805,1.818,1.805,1.811,45723.0,2025-12-10 09:45:00
1765360200000,2025-12-10 09:50:00,1.811,1.817,1.808,1.816,37115.0,2025-12-10 09:50:00
1765360500000,2025-12-10 09:55:00,1.816,1.817,1.812,1.812,46120.0,2025-12-10 09:55:00
1765360800000,2025-12-10 10:00:00,1.812,1.826,1.81,1.821,110117.0,2025-12-10 10:00:00
1765361100000,2025-12-10 10:05:00,1.821,1.821,1.806,1.807,61788.0,2025-12-10 10:05:00
1765361400000,2025-12-10 10:10:00,1.807,1.812,1.806,1.808,24562.0,2025-12-10 10:10:00
1765361700000,2025-12-10 10:15:00,1.808,1.808,1.797,1.798,34373.0,2025-12-10 10:15:00
1765362000000,2025-12-10 10:20:00,1.799,1.799,1.783,1.788,340400.0,2025-12-10 10:20:00
1765362300000,2025-12-10 10:25:00,1.788,1.788,1.781,1.783,94597.0,2025-12-10 10:25:00
1765362600000,2025-12-10 10:30:00,1.782,1.787,1.78,1.784,88264.0,2025-12-10 10:30:00
1765362900000,2025-12-10 10:35:00,1.784,1.787,1.782,1.786,67083.0,2025-12-10 10:35:00
1765363200000,2025-12-10 10:40:00,1.785,1.786,1.779,1.782,43107.0,2025-12-10 10:40:00
1765363500000,2025-12-10 10:45:00,1.783,1.787,1.782,1.785,34863.0,2025-12-10 10:45:00
1765363800000,2025-12-10 10:50:00,1.785,1.787,1.783,1.784,25833.0,2025-12-10 10:50:00
1765364100000,2025-12-10 10:55:00,1.784,1.79,1.784,1.786,96845.0,2025-12-10 10:55:00
1765364400000,2025-12-10 11:00:00,1.787,1.788,1.783,1.784,35029.0,2025-12-10 11:00:00
1765364700000,2025-12-10 11:05:00,1.784,1.787,1.783,1.785,46713.0,2025-12-10 11:05:00
1765365000000,2025-12-10 11:10:00,1.786,1.788,1.78,1.781,30666.0,2025-12-10 11:10:00
1765365300000,2025-12-10 11:15:00,1.781,1.784,1.778,1.779,100330.0,2025-12-10 11:15:00
1765365600000,2025-12-10 11:20:00,1.779,1.781,1.777,1.781,27571.0,2025-12-10 11:20:00
1765365900000,2025-12-10 11:25:00,1.781,1.782,1.78,1.781,10807.0,2025-12-10 11:25:00
1765366200000,2025-12-10 11:30:00,1.78,1.782,1.777,1.777,61720.0,2025-12-10 11:30:00
1765366500000,2025-12-10 11:35:00,1.778,1.781,1.776,1.778,48130.0,2025-12-10 11:35:00
1765366800000,2025-12-10 11:40:00,1.777,1.784,1.776,1.781,90539.0,2025-12-10 11:40:00
1765367100000,2025-12-10 11:45:00,1.78,1.784,1.777,1.783,19360.0,2025-12-10 11:45:00
1765367400000,2025-12-10 11:50:00,1.782,1.786,1.781,1.781,18467.0,2025-12-10 11:50:00
1765367700000,2025-12-10 11:55:00,1.781,1.786,1.781,1.785,10782.0,2025-12-10 11:55:00
1765368000000,2025-12-10 12:00:00,1.785,1.787,1.78,1.781,23736.0,2025-12-10 12:00:00
1765368300000,2025-12-10 12:05:00,1.781,1.782,1.776,1.777,35688.0,2025-12-10 12:05:00
1765368600000,2025-12-10 12:10:00,1.778,1.779,1.774,1.775,48205.0,2025-12-10 12:10:00
1765368900000,2025-12-10 12:15:00,1.775,1.776,1.771,1.775,36315.0,2025-12-10 12:15:00
1765369200000,2025-12-10 12:20:00,1.774,1.778,1.774,1.777,26078.0,2025-12-10 12:20:00
1765369500000,2025-12-10 12:25:00,1.777,1.778,1.773,1.774,24789.0,2025-12-10 12:25:00
1765369800000,2025-12-10 12:30:00,1.774,1.78,1.774,1.777,28861.0,2025-12-10 12:30:00
1765370100000,2025-12-10 12:35:00,1.777,1.777,1.772,1.772,25216.0,2025-12-10 12:35:00
1765370400000,2025-12-10 12:40:00,1.773,1.777,1.772,1.776,40316.0,2025-12-10 12:40:00
1765370700000,2025-12-10 12:45:00,1.776,1.779,1.771,1.772,53678.0,2025-12-10 12:45:00
1765371000000,2025-12-10 12:50:00,1.771,1.772,1.767,1.771,83851.0,2025-12-10 12:50:00
1765371300000,2025-12-10 12:55:00,1.772,1.78,1.771,1.779,28261.0,2025-12-10 12:55:00
1765371600000,2025-12-10 13:00:00,1.778,1.781,1.775,1.776,59566.0,2025-12-10 13:00:00
1765371900000,2025-12-10 13:05:00,1.776,1.78,1.773,1.774,78271.0,2025-12-10 13:05:00
1765372200000,2025-12-10 13:10:00,1.775,1.777,1.773,1.777,27897.0,2025-12-10 13:10:00
1765372500000,2025-12-10 13:15:00,1.777,1.777,1.772,1.774,39702.0,2025-12-10 13:15:00
1765372800000,2025-12-10 13:20:00,1.774,1.778,1.773,1.776,45225.0,2025-12-10 13:20:00
1765373100000,2025-12-10 13:25:00,1.777,1.781,1.776,1.78,35220.0,2025-12-10 13:25:00
1765373400000,2025-12-10 13:30:00,1.779,1.78,1.773,1.775,26541.0,2025-12-10 13:30:00
1765373700000,2025-12-10 13:35:00,1.775,1.778,1.774,1.774,40756.0,2025-12-10 13:35:00
1765374000000,2025-12-10 13:40:00,1.775,1.78,1.775,1.78,34589.0,2025-12-10 13:40:00
1765374300000,2025-12-10 13:45:00,1.78,1.786,1.779,1.782,19049.0,2025-12-10 13:45:00
1765374600000,2025-12-10 13:50:00,1.781,1.786,1.779,1.784,77573.0,2025-12-10 13:50:00
1765374900000,2025-12-10 13:55:00,1.784,1.788,1.783,1.787,19048.0,2025-12-10 13:55:00
1765375200000,2025-12-10 14:00:00,1.787,1.79,1.785,1.785,31830.0,2025-12-10 14:00:00
1765375500000,2025-12-10 14:05:00,1.785,1.788,1.783,1.787,50066.0,2025-12-10 14:05:00
1765375800000,2025-12-10 14:10:00,1.788,1.791,1.786,1.789,56792.0,2025-12-10 14:10:00
1765376100000,2025-12-10 14:15:00,1.789,1.793,1.787,1.792,6050.0,2025-12-10 14:15:00
1765376400000,2025-12-10 14:20:00,1.792,1.795,1.789,1.79,56741.0,2025-12-10 14:20:00
1765376700000,2025-12-10 14:25:00,1.79,1.79,1.783,1.784,27551.0,2025-12-10 14:25:00
1765377000000,2025-12-10 14:30:00,1.785,1.791,1.782,1.788,82053.0,2025-12-10 14:30:00
1765377300000,2025-12-10 14:35:00,1.787,1.789,1.781,1.786,137199.0,2025-12-10 14:35:00
1765377600000,2025-12-10 14:40:00,1.786,1.793,1.784,1.787,31475.0,2025-12-10 14:40:00
1765377900000,2025-12-10 14:45:00,1.787,1.789,1.783,1.785,60137.0,2025-12-10 14:45:00
1765378200000,2025-12-10 14:50:00,1.785,1.79,1.781,1.79,30174.0,2025-12-10 14:50:00
1765378500000,2025-12-10 14:55:00,1.79,1.79,1.783,1.789,45581.0,2025-12-10 14:55:00
1765378800000,2025-12-10 15:00:00,1.789,1.801,1.785,1.799,52034.0,2025-12-10 15:00:00
1765379100000,2025-12-10 15:05:00,1.799,1.802,1.796,1.802,39630.0,2025-12-10 15:05:00
1765379400000,2025-12-10 15:10:00,1.802,1.806,1.798,1.801,43120.0,2025-12-10 15:10:00
1765379700000,2025-12-10 15:15:00,1.801,1.801,1.796,1.798,40382.0,2025-12-10 15:15:00
1765380000000,2025-12-10 15:20:00,1.798,1.807,1.795,1.8,27881.0,2025-12-10 15:20:00
1765380300000,2025-12-10 15:25:00,1.8,1.803,1.797,1.8,79214.0,2025-12-10 15:25:00
1765380600000,2025-12-10 15:30:00,1.801,1.804,1.789,1.791,74134.0,2025-12-10 15:30:00
1765380900000,2025-12-10 15:35:00,1.792,1.797,1.789,1.796,55015.0,2025-12-10 15:35:00
1765381200000,2025-12-10 15:40:00,1.797,1.806,1.794,1.804,77140.0,2025-12-10 15:40:00
1765381500000,2025-12-10 15:45:00,1.804,1.805,1.796,1.801,77445.0,2025-12-10 15:45:00
1765381800000,2025-12-10 15:50:00,1.801,1.801,1.79,1.791,25085.0,2025-12-10 15:50:00
1765382100000,2025-12-10 15:55:00,1.79,1.794,1.788,1.793,33483.0,2025-12-10 15:55:00
1765382400000,2025-12-10 16:00:00,1.792,1.795,1.786,1.795,44930.0,2025-12-10 16:00:00
1765382700000,2025-12-10 16:05:00,1.795,1.797,1.792,1.792,45587.0,2025-12-10 16:05:00
1765383000000,2025-12-10 16:10:00,1.792,1.8,1.79,1.798,60476.0,2025-12-10 16:10:00
1765383300000,2025-12-10 16:15:00,1.798,1.812,1.796,1.811,134935.0,2025-12-10 16:15:00
1765383600000,2025-12-10 16:20:00,1.811,1.812,1.806,1.81,71426.0,2025-12-10 16:20:00
1765383900000,2025-12-10 16:25:00,1.81,1.818,1.807,1.809,111705.0,2025-12-10 16:25:00
1765384200000,2025-12-10 16:30:00,1.809,1.809,1.802,1.804,62728.0,2025-12-10 16:30:00
1765384500000,2025-12-10 16:35:00,1.803,1.807,1.802,1.807,34847.0,2025-12-10 16:35:00
1765384800000,2025-12-10 16:40:00,1.807,1.809,1.804,1.809,11005.0,2025-12-10 16:40:00
1765385100000,2025-12-10 16:45:00,1.809,1.812,1.806,1.811,22279.0,2025-12-10 16:45:00
1765385400000,2025-12-10 16:50:00,1.811,1.818,1.809,1.815,69227.0,2025-12-10 16:50:00
1765385700000,2025-12-10 16:55:00,1.816,1.816,1.809,1.812,15266.0,2025-12-10 16:55:00
1765386000000,2025-12-10 17:00:00,1.812,1.812,1.806,1.807,32933.0,2025-12-10 17:00:00
1765386300000,2025-12-10 17:05:00,1.807,1.811,1.806,1.808,23011.0,2025-12-10 17:05:00
1765386600000,2025-12-10 17:10:00,1.809,1.812,1.806,1.812,25354.0,2025-12-10 17:10:00
1765386900000,2025-12-10 17:15:00,1.811,1.82,1.806,1.816,67870.0,2025-12-10 17:15:00
1765387200000,2025-12-10 17:20:00,1.816,1.824,1.816,1.82,52440.0,2025-12-10 17:20:00
1765387500000,2025-12-10 17:25:00,1.82,1.824,1.814,1.815,17394.0,2025-12-10 17:25:00
1765387800000,2025-12-10 17:30:00,1.815,1.815,1.808,1.813,38661.0,2025-12-10 17:30:00
1765388100000,2025-12-10 17:35:00,1.813,1.816,1.81,1.812,17113.0,2025-12-10 17:35:00
1765388400000,2025-12-10 17:40:00,1.813,1.813,1.809,1.81,7909.0,2025-12-10 17:40:00
1765388700000,2025-12-10 17:45:00,1.81,1.812,1.809,1.811,13425.0,2025-12-10 17:45:00
1765389000000,2025-12-10 17:50:00,1.811,1.811,1.801,1.803,26397.0,2025-12-10 17:50:00
1765389300000,2025-12-10 17:55:00,1.803,1.805,1.8,1.801,20613.0,2025-12-10 17:55:00
1765389600000,2025-12-10 18:00:00,1.802,1.802,1.799,1.801,25904.0,2025-12-10 18:00:00
1765389900000,2025-12-10 18:05:00,1.801,1.803,1.8,1.802,16131.0,2025-12-10 18:05:00
1765390200000,2025-12-10 18:10:00,1.801,1.813,1.8,1.812,23009.0,2025-12-10 18:10:00
1765390500000,2025-12-10 18:15:00,1.811,1.817,1.808,1.812,11766.0,2025-12-10 18:15:00
1765390800000,2025-12-10 18:20:00,1.811,1.811,1.803,1.806,39497.0,2025-12-10 18:20:00
1765391100000,2025-12-10 18:25:00,1.806,1.809,1.804,1.806,27644.0,2025-12-10 18:25:00
1765391400000,2025-12-10 18:30:00,1.806,1.821,1.804,1.821,42530.0,2025-12-10 18:30:00
1765391700000,2025-12-10 18:35:00,1.821,1.846,1.818,1.843,168741.0,2025-12-10 18:35:00
1765392000000,2025-12-10 18:40:00,1.843,1.845,1.818,1.827,246162.0,2025-12-10 18:40:00
1765392300000,2025-12-10 18:45:00,1.827,1.838,1.827,1.831,63525.0,2025-12-10 18:45:00
1765392600000,2025-12-10 18:50:00,1.832,1.832,1.815,1.821,65934.0,2025-12-10 18:50:00
1765392900000,2025-12-10 18:55:00,1.821,1.822,1.809,1.822,107923.0,2025-12-10 18:55:00
1765393200000,2025-12-10 19:00:00,1.822,1.856,1.8,1.818,998741.0,2025-12-10 19:00:00
1765393500000,2025-12-10 19:05:00,1.818,1.838,1.815,1.835,222060.0,2025-12-10 19:05:00
1765393800000,2025-12-10 19:10:00,1.835,1.842,1.831,1.839,104835.0,2025-12-10 19:10:00
1765394100000,2025-12-10 19:15:00,1.838,1.846,1.835,1.839,95481.0,2025-12-10 19:15:00
1765394400000,2025-12-10 19:20:00,1.84,1.846,1.829,1.831,94158.0,2025-12-10 19:20:00
1765394700000,2025-12-10 19:25:00,1.832,1.834,1.819,1.827,83243.0,2025-12-10 19:25:00
1765395000000,2025-12-10 19:30:00,1.828,1.856,1.828,1.854,87773.0,2025-12-10 19:30:00
1765395300000,2025-12-10 19:35:00,1.853,1.859,1.836,1.856,255488.0,2025-12-10 19:35:00
1765395600000,2025-12-10 19:40:00,1.857,1.858,1.834,1.841,185280.0,2025-12-10 19:40:00
1765395900000,2025-12-10 19:45:00,1.841,1.85,1.841,1.846,80238.0,2025-12-10 19:45:00
1765396200000,2025-12-10 19:50:00,1.846,1.857,1.839,1.854,47548.0,2025-12-10 19:50:00
1765396500000,2025-12-10 19:55:00,1.854,1.858,1.851,1.855,76162.0,2025-12-10 19:55:00
1765396800000,2025-12-10 20:00:00,1.856,1.859,1.843,1.85,173094.0,2025-12-10 20:00:00
1765397100000,2025-12-10 20:05:00,1.85,1.872,1.847,1.868,83783.0,2025-12-10 20:05:00
1765397400000,2025-12-10 20:10:00,1.868,1.891,1.863,1.891,172636.0,2025-12-10 20:10:00
1765397700000,2025-12-10 20:15:00,1.89,1.911,1.887,1.887,547497.0,2025-12-10 20:15:00
1765398000000,2025-12-10 20:20:00,1.887,1.896,1.87,1.88,358921.0,2025-12-10 20:20:00
1765398300000,2025-12-10 20:25:00,1.881,1.888,1.877,1.882,96755.0,2025-12-10 20:25:00
1765398600000,2025-12-10 20:30:00,1.882,1.892,1.878,1.89,103776.0,2025-12-10 20:30:00
1765398900000,2025-12-10 20:35:00,1.89,1.89,1.875,1.876,77224.0,2025-12-10 20:35:00
1765399200000,2025-12-10 20:40:00,1.876,1.881,1.875,1.876,72040.0,2025-12-10 20:40:00
1765399500000,2025-12-10 20:45:00,1.876,1.876,1.852,1.86,195885.0,2025-12-10 20:45:00
1765399800000,2025-12-10 20:50:00,1.86,1.864,1.833,1.841,224915.0,2025-12-10 20:50:00
1765400100000,2025-12-10 20:55:00,1.841,1.845,1.835,1.837,89528.0,2025-12-10 20:55:00
1765400400000,2025-12-10 21:00:00,1.837,1.846,1.828,1.828,84467.0,2025-12-10 21:00:00
1765400700000,2025-12-10 21:05:00,1.828,1.831,1.816,1.821,130402.0,2025-12-10 21:05:00
1765401000000,2025-12-10 21:10:00,1.821,1.83,1.816,1.827,114122.0,2025-12-10 21:10:00
1765401300000,2025-12-10 21:15:00,1.828,1.835,1.823,1.831,42736.0,2025-12-10 21:15:00
1765401600000,2025-12-10 21:20:00,1.83,1.835,1.826,1.828,31394.0,2025-12-10 21:20:00
1765401900000,2025-12-10 21:25:00,1.828,1.833,1.819,1.822,40086.0,2025-12-10 21:25:00
1765402200000,2025-12-10 21:30:00,1.821,1.822,1.808,1.812,62181.0,2025-12-10 21:30:00
1765402500000,2025-12-10 21:35:00,1.812,1.819,1.812,1.818,26662.0,2025-12-10 21:35:00
1765402800000,2025-12-10 21:40:00,1.818,1.818,1.807,1.811,12206.0,2025-12-10 21:40:00
1765403100000,2025-12-10 21:45:00,1.81,1.812,1.805,1.808,28081.0,2025-12-10 21:45:00
1765403400000,2025-12-10 21:50:00,1.807,1.818,1.807,1.81,22754.0,2025-12-10 21:50:00
1765403700000,2025-12-10 21:55:00,1.809,1.81,1.792,1.796,45468.0,2025-12-10 21:55:00
1765404000000,2025-12-10 22:00:00,1.796,1.801,1.793,1.796,57742.0,2025-12-10 22:00:00
1765404300000,2025-12-10 22:05:00,1.796,1.799,1.794,1.799,34920.0,2025-12-10 22:05:00
1765404600000,2025-12-10 22:10:00,1.798,1.804,1.781,1.784,181301.0,2025-12-10 22:10:00
1765404900000,2025-12-10 22:15:00,1.784,1.786,1.767,1.774,179369.0,2025-12-10 22:15:00
1765405200000,2025-12-10 22:20:00,1.773,1.784,1.772,1.782,43695.0,2025-12-10 22:20:00
1765405500000,2025-12-10 22:25:00,1.782,1.793,1.781,1.787,48612.0,2025-12-10 22:25:00
1765405800000,2025-12-10 22:30:00,1.787,1.795,1.785,1.795,59032.0,2025-12-10 22:30:00
1765406100000,2025-12-10 22:35:00,1.794,1.805,1.793,1.799,40406.0,2025-12-10 22:35:00
1765406400000,2025-12-10 22:40:00,1.798,1.809,1.797,1.806,38059.0,2025-12-10 22:40:00
1765406700000,2025-12-10 22:45:00,1.806,1.81,1.796,1.796,13170.0,2025-12-10 22:45:00
1765407000000,2025-12-10 22:50:00,1.797,1.803,1.796,1.799,13306.0,2025-12-10 22:50:00
1765407300000,2025-12-10 22:55:00,1.799,1.805,1.798,1.801,17438.0,2025-12-10 22:55:00
1765407600000,2025-12-10 23:00:00,1.801,1.806,1.796,1.8,63526.0,2025-12-10 23:00:00
1765407900000,2025-12-10 23:05:00,1.8,1.8,1.791,1.794,31798.0,2025-12-10 23:05:00
1765408200000,2025-12-10 23:10:00,1.795,1.804,1.795,1.799,48873.0,2025-12-10 23:10:00
1765408500000,2025-12-10 23:15:00,1.8,1.801,1.792,1.792,21724.0,2025-12-10 23:15:00
1765408800000,2025-12-10 23:20:00,1.793,1.795,1.791,1.791,9685.0,2025-12-10 23:20:00
1765409100000,2025-12-10 23:25:00,1.791,1.793,1.785,1.786,41732.0,2025-12-10 23:25:00
1765409400000,2025-12-10 23:30:00,1.786,1.788,1.784,1.787,45171.0,2025-12-10 23:30:00
1765409700000,2025-12-10 23:35:00,1.787,1.789,1.779,1.781,39461.0,2025-12-10 23:35:00
1765410000000,2025-12-10 23:40:00,1.781,1.788,1.78,1.784,34004.0,2025-12-10 23:40:00
1765410300000,2025-12-10 23:45:00,1.784,1.785,1.779,1.78,19145.0,2025-12-10 23:45:00
1765410600000,2025-12-10 23:50:00,1.78,1.782,1.776,1.779,31265.0,2025-12-10 23:50:00
1765410900000,2025-12-10 23:55:00,1.779,1.782,1.773,1.777,77824.0,2025-12-10 23:55:00
1765411200000,2025-12-11 00:00:00,1.776,1.778,1.772,1.775,96536.0,2025-12-11 00:00:00
1765411500000,2025-12-11 00:05:00,1.775,1.778,1.769,1.774,35217.0,2025-12-11 00:05:00
1765411800000,2025-12-11 00:10:00,1.773,1.775,1.77,1.775,32675.0,2025-12-11 00:10:00
1765412100000,2025-12-11 00:15:00,1.775,1.775,1.763,1.766,78246.0,2025-12-11 00:15:00
1765412400000,2025-12-11 00:20:00,1.765,1.768,1.761,1.763,88335.0,2025-12-11 00:20:00
1765412700000,2025-12-11 00:25:00,1.762,1.767,1.76,1.762,39197.0,2025-12-11 00:25:00
1765413000000,2025-12-11 00:30:00,1.762,1.762,1.753,1.754,94178.0,2025-12-11 00:30:00
1765413300000,2025-12-11 00:35:00,1.753,1.763,1.746,1.749,164520.0,2025-12-11 00:35:00
1765413600000,2025-12-11 00:40:00,1.748,1.753,1.741,1.748,130279.0,2025-12-11 00:40:00
1765413900000,2025-12-11 00:45:00,1.748,1.751,1.737,1.743,83763.0,2025-12-11 00:45:00
1765414200000,2025-12-11 00:50:00,1.742,1.751,1.737,1.75,49485.0,2025-12-11 00:50:00
1765414500000,2025-12-11 00:55:00,1.749,1.75,1.742,1.742,37628.0,2025-12-11 00:55:00
1765414800000,2025-12-11 01:00:00,1.741,1.742,1.727,1.737,113296.0,2025-12-11 01:00:00
1765415100000,2025-12-11 01:05:00,1.736,1.743,1.734,1.74,45895.0,2025-12-11 01:05:00
1765415400000,2025-12-11 01:10:00,1.739,1.739,1.734,1.736,51480.0,2025-12-11 01:10:00
1765415700000,2025-12-11 01:15:00,1.736,1.738,1.727,1.729,78232.0,2025-12-11 01:15:00
1765416000000,2025-12-11 01:20:00,1.728,1.736,1.726,1.735,53945.0,2025-12-11 01:20:00
1765416300000,2025-12-11 01:25:00,1.736,1.742,1.732,1.739,37632.0,2025-12-11 01:25:00
1765416600000,2025-12-11 01:30:00,1.739,1.746,1.736,1.741,30516.0,2025-12-11 01:30:00
1765416900000,2025-12-11 01:35:00,1.741,1.746,1.737,1.738,26505.0,2025-12-11 01:35:00
1765417200000,2025-12-11 01:40:00,1.738,1.739,1.735,1.738,94025.0,2025-12-11 01:40:00
1765417500000,2025-12-11 01:45:00,1.737,1.737,1.732,1.733,14687.0,2025-12-11 01:45:00
1765417800000,2025-12-11 01:50:00,1.732,1.736,1.732,1.735,13308.0,2025-12-11 01:50:00
1765418100000,2025-12-11 01:55:00,1.735,1.735,1.728,1.731,27693.0,2025-12-11 01:55:00
1765418400000,2025-12-11 02:00:00,1.73,1.731,1.717,1.721,227612.0,2025-12-11 02:00:00
1765418700000,2025-12-11 02:05:00,1.721,1.727,1.718,1.723,61261.0,2025-12-11 02:05:00
1765419000000,2025-12-11 02:10:00,1.722,1.726,1.721,1.725,31036.0,2025-12-11 02:10:00
1765419300000,2025-12-11 02:15:00,1.725,1.725,1.712,1.723,158995.0,2025-12-11 02:15:00
1765419600000,2025-12-11 02:20:00,1.723,1.727,1.717,1.723,28536.0,2025-12-11 02:20:00
1765419900000,2025-12-11 02:25:00,1.723,1.726,1.717,1.718,53575.0,2025-12-11 02:25:00
1765420200000,2025-12-11 02:30:00,1.717,1.72,1.716,1.717,33196.0,2025-12-11 02:30:00
1765420500000,2025-12-11 02:35:00,1.716,1.722,1.715,1.72,69632.0,2025-12-11 02:35:00
1765420800000,2025-12-11 02:40:00,1.719,1.727,1.718,1.722,51225.0,2025-12-11 02:40:00
1765421100000,2025-12-11 02:45:00,1.722,1.723,1.716,1.719,24461.0,2025-12-11 02:45:00
1765421400000,2025-12-11 02:50:00,1.719,1.724,1.718,1.722,48255.0,2025-12-11 02:50:00
1765421700000,2025-12-11 02:55:00,1.722,1.723,1.718,1.721,16874.0,2025-12-11 02:55:00
1765422000000,2025-12-11 03:00:00,1.72,1.72,1.71,1.713,47455.0,2025-12-11 03:00:00
1765422300000,2025-12-11 03:05:00,1.713,1.716,1.696,1.697,381619.0,2025-12-11 03:05:00
1765422600000,2025-12-11 03:10:00,1.697,1.703,1.695,1.7,109191.0,2025-12-11 03:10:00
1765422900000,2025-12-11 03:15:00,1.7,1.7,1.693,1.697,68499.0,2025-12-11 03:15:00
1765423200000,2025-12-11 03:20:00,1.697,1.706,1.695,1.702,236345.0,2025-12-11 03:20:00
1765423500000,2025-12-11 03:25:00,1.702,1.704,1.695,1.697,28336.0,2025-12-11 03:25:00
1765423800000,2025-12-11 03:30:00,1.696,1.697,1.69,1.696,44855.0,2025-12-11 03:30:00
1765424100000,2025-12-11 03:35:00,1.696,1.701,1.694,1.697,32239.0,2025-12-11 03:35:00
1765424400000,2025-12-11 03:40:00,1.697,1.698,1.694,1.697,17375.0,2025-12-11 03:40:00
1765424700000,2025-12-11 03:45:00,1.697,1.698,1.693,1.697,33714.0,2025-12-11 03:45:00
1765425000000,2025-12-11 03:50:00,1.697,1.701,1.695,1.697,35803.0,2025-12-11 03:50:00
1765425300000,2025-12-11 03:55:00,1.697,1.698,1.693,1.693,13558.0,2025-12-11 03:55:00
1765425600000,2025-12-11 04:00:00,1.693,1.693,1.684,1.69,114173.0,2025-12-11 04:00:00
1765425900000,2025-12-11 04:05:00,1.691,1.701,1.69,1.701,65991.0,2025-12-11 04:05:00
1765426200000,2025-12-11 04:10:00,1.7,1.706,1.699,1.702,74285.0,2025-12-11 04:10:00
1765426500000,2025-12-11 04:15:00,1.702,1.71,1.7,1.709,23380.0,2025-12-11 04:15:00
1765426800000,2025-12-11 04:20:00,1.709,1.712,1.707,1.711,157558.0,2025-12-11 04:20:00
1765427100000,2025-12-11 04:25:00,1.711,1.717,1.711,1.712,53733.0,2025-12-11 04:25:00
1765427400000,2025-12-11 04:30:00,1.713,1.719,1.712,1.717,51908.0,2025-12-11 04:30:00
1765427700000,2025-12-11 04:35:00,1.717,1.721,1.716,1.719,28459.0,2025-12-11 04:35:00
1765428000000,2025-12-11 04:40:00,1.72,1.72,1.717,1.718,18203.0,2025-12-11 04:40:00
1765428300000,2025-12-11 04:45:00,1.718,1.723,1.715,1.722,30371.0,2025-12-11 04:45:00
1765428600000,2025-12-11 04:50:00,1.723,1.732,1.722,1.73,61967.0,2025-12-11 04:50:00
1765428900000,2025-12-11 04:55:00,1.73,1.732,1.728,1.728,18229.0,2025-12-11 04:55:00
1765429200000,2025-12-11 05:00:00,1.728,1.729,1.726,1.728,13200.0,2025-12-11 05:00:00
1765429500000,2025-12-11 05:05:00,1.728,1.732,1.726,1.729,23700.0,2025-12-11 05:05:00
1765429800000,2025-12-11 05:10:00,1.729,1.731,1.728,1.731,12933.0,2025-12-11 05:10:00
1765430100000,2025-12-11 05:15:00,1.73,1.733,1.73,1.731,9595.0,2025-12-11 05:15:00
1765430400000,2025-12-11 05:20:00,1.731,1.734,1.727,1.73,21877.0,2025-12-11 05:20:00
1765430700000,2025-12-11 05:25:00,1.73,1.733,1.726,1.726,20588.0,2025-12-11 05:25:00
1765431000000,2025-12-11 05:30:00,1.727,1.728,1.724,1.727,13827.0,2025-12-11 05:30:00
1765431300000,2025-12-11 05:35:00,1.728,1.737,1.727,1.733,73862.0,2025-12-11 05:35:00
1765431600000,2025-12-11 05:40:00,1.733,1.733,1.73,1.732,10695.0,2025-12-11 05:40:00
1765431900000,2025-12-11 05:45:00,1.732,1.737,1.732,1.735,20568.0,2025-12-11 05:45:00
1765432200000,2025-12-11 05:50:00,1.735,1.738,1.734,1.738,8737.0,2025-12-11 05:50:00
1765432500000,2025-12-11 05:55:00,1.738,1.739,1.736,1.736,17282.0,2025-12-11 05:55:00
1765432800000,2025-12-11 06:00:00,1.736,1.736,1.724,1.726,151407.0,2025-12-11 06:00:00
1765433100000,2025-12-11 06:05:00,1.727,1.728,1.725,1.726,20213.0,2025-12-11 06:05:00
1765433400000,2025-12-11 06:10:00,1.726,1.73,1.726,1.73,10597.0,2025-12-11 06:10:00
1765433700000,2025-12-11 06:15:00,1.73,1.731,1.726,1.727,13828.0,2025-12-11 06:15:00
1765434000000,2025-12-11 06:20:00,1.726,1.726,1.721,1.722,36757.0,2025-12-11 06:20:00
1765434300000,2025-12-11 06:25:00,1.722,1.723,1.717,1.718,39886.0,2025-12-11 06:25:00
1765434600000,2025-12-11 06:30:00,1.718,1.727,1.718,1.726,10460.0,2025-12-11 06:30:00
1765434900000,2025-12-11 06:35:00,1.726,1.729,1.723,1.729,29141.0,2025-12-11 06:35:00
1765435200000,2025-12-11 06:40:00,1.728,1.728,1.722,1.723,31838.0,2025-12-11 06:40:00
1765435500000,2025-12-11 06:45:00,1.724,1.724,1.717,1.717,23468.0,2025-12-11 06:45:00
1765435800000,2025-12-11 06:50:00,1.717,1.719,1.715,1.717,17397.0,2025-12-11 06:50:00
1765436100000,2025-12-11 06:55:00,1.716,1.718,1.715,1.716,16249.0,2025-12-11 06:55:00
1765436400000,2025-12-11 07:00:00,1.716,1.719,1.715,1.718,23275.0,2025-12-11 07:00:00
1765436700000,2025-12-11 07:05:00,1.718,1.718,1.713,1.716,7282.0,2025-12-11 07:05:00
1765437000000,2025-12-11 07:10:00,1.716,1.717,1.715,1.715,9505.0,2025-12-11 07:10:00
1765437300000,2025-12-11 07:15:00,1.715,1.716,1.713,1.714,25338.0,2025-12-11 07:15:00
1765437600000,2025-12-11 07:20:00,1.713,1.715,1.71,1.714,18908.0,2025-12-11 07:20:00
1765437900000,2025-12-11 07:25:00,1.714,1.714,1.709,1.71,6532.0,2025-12-11 07:25:00
1765438200000,2025-12-11 07:30:00,1.711,1.713,1.708,1.71,11351.0,2025-12-11 07:30:00
1765438500000,2025-12-11 07:35:00,1.71,1.712,1.708,1.709,13371.0,2025-12-11 07:35:00
1765438800000,2025-12-11 07:40:00,1.708,1.71,1.707,1.708,8944.0,2025-12-11 07:40:00
1765439100000,2025-12-11 07:45:00,1.708,1.708,1.704,1.707,38516.0,2025-12-11 07:45:00
1765439400000,2025-12-11 07:50:00,1.708,1.712,1.707,1.708,18376.0,2025-12-11 07:50:00
1765439700000,2025-12-11 07:55:00,1.708,1.71,1.706,1.708,8917.0,2025-12-11 07:55:00
1765440000000,2025-12-11 08:00:00,1.708,1.708,1.702,1.705,16272.0,2025-12-11 08:00:00
1765440300000,2025-12-11 08:05:00,1.705,1.707,1.702,1.702,15990.0,2025-12-11 08:05:00
1765440600000,2025-12-11 08:10:00,1.702,1.702,1.697,1.701,60193.0,2025-12-11 08:10:00
1765440900000,2025-12-11 08:15:00,1.7,1.703,1.697,1.697,30104.0,2025-12-11 08:15:00
1765441200000,2025-12-11 08:20:00,1.698,1.705,1.697,1.702,16983.0,2025-12-11 08:20:00
1765441500000,2025-12-11 08:25:00,1.702,1.704,1.698,1.699,42741.0,2025-12-11 08:25:00
1765441800000,2025-12-11 08:30:00,1.699,1.7,1.696,1.699,44936.0,2025-12-11 08:30:00
1765442100000,2025-12-11 08:35:00,1.699,1.701,1.697,1.699,17618.0,2025-12-11 08:35:00
1765442400000,2025-12-11 08:40:00,1.698,1.7,1.696,1.697,9678.0,2025-12-11 08:40:00
1765442700000,2025-12-11 08:45:00,1.697,1.699,1.696,1.698,6731.0,2025-12-11 08:45:00
1765443000000,2025-12-11 08:50:00,1.697,1.705,1.697,1.702,26427.0,2025-12-11 08:50:00
1765443300000,2025-12-11 08:55:00,1.702,1.703,1.699,1.702,14624.0,2025-12-11 08:55:00
1765443600000,2025-12-11 09:00:00,1.702,1.706,1.698,1.701,58771.0,2025-12-11 09:00:00
1765443900000,2025-12-11 09:05:00,1.7,1.705,1.7,1.705,17130.0,2025-12-11 09:05:00
1765444200000,2025-12-11 09:10:00,1.705,1.708,1.702,1.702,21199.0,2025-12-11 09:10:00
1765444500000,2025-12-11 09:15:00,1.702,1.705,1.7,1.703,15457.0,2025-12-11 09:15:00
1765444800000,2025-12-11 09:20:00,1.703,1.708,1.702,1.703,32399.0,2025-12-11 09:20:00
1765445100000,2025-12-11 09:25:00,1.703,1.707,1.703,1.706,11125.0,2025-12-11 09:25:00
1765445400000,2025-12-11 09:30:00,1.707,1.71,1.703,1.703,12015.0,2025-12-11 09:30:00
1765445700000,2025-12-11 09:35:00,1.703,1.706,1.703,1.704,6610.0,2025-12-11 09:35:00
1765446000000,2025-12-11 09:40:00,1.705,1.706,1.702,1.702,25971.0,2025-12-11 09:40:00
1765446300000,2025-12-11 09:45:00,1.702,1.704,1.702,1.704,4287.0,2025-12-11 09:45:00
1765446600000,2025-12-11 09:50:00,1.704,1.704,1.698,1.698,5046.0,2025-12-11 09:50:00
1765446900000,2025-12-11 09:55:00,1.698,1.7,1.696,1.698,16274.0,2025-12-11 09:55:00
1765447200000,2025-12-11 10:00:00,1.699,1.701,1.698,1.699,23517.0,2025-12-11 10:00:00
1765447500000,2025-12-11 10:05:00,1.698,1.701,1.698,1.7,2714.0,2025-12-11 10:05:00
1765447800000,2025-12-11 10:10:00,1.7,1.702,1.698,1.701,14257.0,2025-12-11 10:10:00
1765448100000,2025-12-11 10:15:00,1.701,1.701,1.697,1.699,14178.0,2025-12-11 10:15:00
1765448400000,2025-12-11 10:20:00,1.699,1.699,1.696,1.697,35689.0,2025-12-11 10:20:00
1765448700000,2025-12-11 10:25:00,1.697,1.701,1.697,1.699,16863.0,2025-12-11 10:25:00
1765449000000,2025-12-11 10:30:00,1.699,1.699,1.693,1.695,28515.0,2025-12-11 10:30:00
1765449300000,2025-12-11 10:35:00,1.695,1.698,1.695,1.697,8287.0,2025-12-11 10:35:00
1765449600000,2025-12-11 10:40:00,1.697,1.699,1.696,1.698,10176.0,2025-12-11 10:40:00
1765449900000,2025-12-11 10:45:00,1.699,1.701,1.697,1.698,37802.0,2025-12-11 10:45:00
1765450200000,2025-12-11 10:50:00,1.698,1.707,1.698,1.704,60182.0,2025-12-11 10:50:00
1765450500000,2025-12-11 10:55:00,1.704,1.705,1.702,1.702,21893.0,2025-12-11 10:55:00
1765450800000,2025-12-11 11:00:00,1.703,1.705,1.7,1.704,27136.0,2025-12-11 11:00:00
1765451100000,2025-12-11 11:05:00,1.704,1.707,1.702,1.704,21577.0,2025-12-11 11:05:00
1765451400000,2025-12-11 11:10:00,1.705,1.707,1.704,1.704,6579.0,2025-12-11 11:10:00
1765451700000,2025-12-11 11:15:00,1.704,1.705,1.701,1.703,23816.0,2025-12-11 11:15:00
1765452000000,2025-12-11 11:20:00,1.703,1.706,1.702,1.703,3669.0,2025-12-11 11:20:00
1765452300000,2025-12-11 11:25:00,1.703,1.705,1.701,1.704,4718.0,2025-12-11 11:25:00
1765452600000,2025-12-11 11:30:00,1.704,1.707,1.704,1.704,10174.0,2025-12-11 11:30:00
1765452900000,2025-12-11 11:35:00,1.704,1.707,1.704,1.706,1893.0,2025-12-11 11:35:00
1765453200000,2025-12-11 11:40:00,1.706,1.708,1.705,1.707,14406.0,2025-12-11 11:40:00
1765453500000,2025-12-11 11:45:00,1.707,1.71,1.707,1.708,10544.0,2025-12-11 11:45:00
1765453800000,2025-12-11 11:50:00,1.709,1.709,1.705,1.705,24795.0,2025-12-11 11:50:00
1765454100000,2025-12-11 11:55:00,1.705,1.706,1.702,1.703,38652.0,2025-12-11 11:55:00
1765454400000,2025-12-11 12:00:00,1.704,1.707,1.702,1.705,34209.0,2025-12-11 12:00:00
1765454700000,2025-12-11 12:05:00,1.705,1.707,1.701,1.702,104543.0,2025-12-11 12:05:00
1765455000000,2025-12-11 12:10:00,1.702,1.707,1.702,1.706,14892.0,2025-12-11 12:10:00
1765455300000,2025-12-11 12:15:00,1.706,1.709,1.705,1.709,19489.0,2025-12-11 12:15:00
1765455600000,2025-12-11 12:20:00,1.709,1.716,1.708,1.711,21028.0,2025-12-11 12:20:00
1765455900000,2025-12-11 12:25:00,1.711,1.712,1.706,1.706,20403.0,2025-12-11 12:25:00
1765456200000,2025-12-11 12:30:00,1.706,1.712,1.705,1.705,28063.0,2025-12-11 12:30:00
1765456500000,2025-12-11 12:35:00,1.705,1.705,1.702,1.704,13417.0,2025-12-11 12:35:00
1765456800000,2025-12-11 12:40:00,1.705,1.706,1.703,1.704,15501.0,2025-12-11 12:40:00
1765457100000,2025-12-11 12:45:00,1.704,1.707,1.703,1.705,10332.0,2025-12-11 12:45:00
1765457400000,2025-12-11 12:50:00,1.704,1.705,1.7,1.701,8180.0,2025-12-11 12:50:00
1765457700000,2025-12-11 12:55:00,1.701,1.702,1.7,1.701,4133.0,2025-12-11 12:55:00
1765458000000,2025-12-11 13:00:00,1.701,1.705,1.7,1.702,99740.0,2025-12-11 13:00:00
1765458300000,2025-12-11 13:05:00,1.703,1.703,1.701,1.701,19164.0,2025-12-11 13:05:00
1765458600000,2025-12-11 13:10:00,1.702,1.702,1.699,1.699,26239.0,2025-12-11 13:10:00
1765458900000,2025-12-11 13:15:00,1.698,1.7,1.694,1.695,51652.0,2025-12-11 13:15:00
1765459200000,2025-12-11 13:20:00,1.695,1.704,1.694,1.698,24114.0,2025-12-11 13:20:00
1765459500000,2025-12-11 13:25:00,1.698,1.701,1.697,1.7,6757.0,2025-12-11 13:25:00
1765459800000,2025-12-11 13:30:00,1.7,1.7,1.689,1.691,64441.0,2025-12-11 13:30:00
1765460100000,2025-12-11 13:35:00,1.691,1.697,1.691,1.694,19743.0,2025-12-11 13:35:00
1765460400000,2025-12-11 13:40:00,1.694,1.699,1.694,1.697,26444.0,2025-12-11 13:40:00
1765460700000,2025-12-11 13:45:00,1.696,1.699,1.695,1.697,19480.0,2025-12-11 13:45:00
1765461000000,2025-12-11 13:50:00,1.696,1.7,1.693,1.699,10227.0,2025-12-11 13:50:00
1765461300000,2025-12-11 13:55:00,1.699,1.699,1.696,1.699,11807.0,2025-12-11 13:55:00
1765461600000,2025-12-11 14:00:00,1.699,1.7,1.698,1.699,19546.0,2025-12-11 14:00:00
1765461900000,2025-12-11 14:05:00,1.699,1.699,1.697,1.698,3103.0,2025-12-11 14:05:00
1765462200000,2025-12-11 14:10:00,1.698,1.701,1.697,1.701,6898.0,2025-12-11 14:10:00
1765462500000,2025-12-11 14:15:00,1.701,1.707,1.7,1.704,14350.0,2025-12-11 14:15:00
1765462800000,2025-12-11 14:20:00,1.704,1.704,1.7,1.701,16774.0,2025-12-11 14:20:00
1765463100000,2025-12-11 14:25:00,1.701,1.702,1.694,1.694,9365.0,2025-12-11 14:25:00
1765463400000,2025-12-11 14:30:00,1.695,1.703,1.682,1.694,170590.0,2025-12-11 14:30:00
1765463700000,2025-12-11 14:35:00,1.694,1.706,1.693,1.703,47387.0,2025-12-11 14:35:00
1765464000000,2025-12-11 14:40:00,1.702,1.703,1.693,1.697,41261.0,2025-12-11 14:40:00
1765464300000,2025-12-11 14:45:00,1.697,1.699,1.684,1.689,138708.0,2025-12-11 14:45:00
1765464600000,2025-12-11 14:50:00,1.688,1.695,1.68,1.689,95887.0,2025-12-11 14:50:00
1765464900000,2025-12-11 14:55:00,1.689,1.701,1.686,1.695,69846.0,2025-12-11 14:55:00
1765465200000,2025-12-11 15:00:00,1.694,1.698,1.688,1.695,32639.0,2025-12-11 15:00:00
1765465500000,2025-12-11 15:05:00,1.695,1.706,1.693,1.702,50586.0,2025-12-11 15:05:00
1765465800000,2025-12-11 15:10:00,1.703,1.708,1.696,1.703,69604.0,2025-12-11 15:10:00
1765466100000,2025-12-11 15:15:00,1.703,1.705,1.698,1.703,68735.0,2025-12-11 15:15:00
1765466400000,2025-12-11 15:20:00,1.702,1.712,1.697,1.711,75520.0,2025-12-11 15:20:00
1765466700000,2025-12-11 15:25:00,1.71,1.714,1.701,1.701,77674.0,2025-12-11 15:25:00
1765467000000,2025-12-11 15:30:00,1.701,1.703,1.697,1.697,73158.0,2025-12-11 15:30:00
1765467300000,2025-12-11 15:35:00,1.697,1.697,1.684,1.684,50484.0,2025-12-11 15:35:00
1765467600000,2025-12-11 15:40:00,1.685,1.693,1.684,1.691,77098.0,2025-12-11 15:40:00
1765467900000,2025-12-11 15:45:00,1.691,1.698,1.689,1.694,62079.0,2025-12-11 15:45:00
1765468200000,2025-12-11 15:50:00,1.693,1.696,1.687,1.691,219471.0,2025-12-11 15:50:00
1765468500000,2025-12-11 15:55:00,1.691,1.698,1.691,1.694,17155.0,2025-12-11 15:55:00
1765468800000,2025-12-11 16:00:00,1.694,1.698,1.691,1.691,36807.0,2025-12-11 16:00:00
1765469100000,2025-12-11 16:05:00,1.691,1.692,1.682,1.684,47085.0,2025-12-11 16:05:00
1765469400000,2025-12-11 16:10:00,1.684,1.688,1.684,1.686,25933.0,2025-12-11 16:10:00
1765469700000,2025-12-11 16:15:00,1.685,1.688,1.683,1.687,30836.0,2025-12-11 16:15:00
1765470000000,2025-12-11 16:20:00,1.686,1.692,1.685,1.69,28383.0,2025-12-11 16:20:00
1765470300000,2025-12-11 16:25:00,1.69,1.69,1.683,1.685,25153.0,2025-12-11 16:25:00
1765470600000,2025-12-11 16:30:00,1.685,1.687,1.679,1.681,49357.0,2025-12-11 16:30:00
1765470900000,2025-12-11 16:35:00,1.681,1.692,1.678,1.691,59043.0,2025-12-11 16:35:00
1765471200000,2025-12-11 16:40:00,1.69,1.702,1.688,1.696,84174.0,2025-12-11 16:40:00
1765471500000,2025-12-11 16:45:00,1.697,1.704,1.696,1.696,58833.0,2025-12-11 16:45:00
1765471800000,2025-12-11 16:50:00,1.697,1.697,1.689,1.69,35409.0,2025-12-11 16:50:00
1765472100000,2025-12-11 16:55:00,1.69,1.692,1.687,1.69,18803.0,2025-12-11 16:55:00
1765472400000,2025-12-11 17:00:00,1.69,1.693,1.687,1.691,28791.0,2025-12-11 17:00:00
1765472700000,2025-12-11 17:05:00,1.691,1.694,1.691,1.692,14366.0,2025-12-11 17:05:00
1765473000000,2025-12-11 17:10:00,1.692,1.695,1.689,1.692,9291.0,2025-12-11 17:10:00
1765473300000,2025-12-11 17:15:00,1.692,1.695,1.691,1.694,7468.0,2025-12-11 17:15:00
1765473600000,2025-12-11 17:20:00,1.695,1.707,1.695,1.703,82538.0,2025-12-11 17:20:00
1765473900000,2025-12-11 17:25:00,1.703,1.709,1.703,1.704,46766.0,2025-12-11 17:25:00
1765474200000,2025-12-11 17:30:00,1.705,1.709,1.701,1.703,17004.0,2025-12-11 17:30:00
1765474500000,2025-12-11 17:35:00,1.703,1.711,1.702,1.706,13506.0,2025-12-11 17:35:00
1765474800000,2025-12-11 17:40:00,1.707,1.708,1.698,1.699,16561.0,2025-12-11 17:40:00
1765475100000,2025-12-11 17:45:00,1.699,1.705,1.699,1.702,26924.0,2025-12-11 17:45:00
1765475400000,2025-12-11 17:50:00,1.702,1.704,1.7,1.701,10158.0,2025-12-11 17:50:00
1765475700000,2025-12-11 17:55:00,1.701,1.703,1.697,1.698,13123.0,2025-12-11 17:55:00
1765476000000,2025-12-11 18:00:00,1.698,1.701,1.693,1.699,90529.0,2025-12-11 18:00:00
1765476300000,2025-12-11 18:05:00,1.698,1.702,1.697,1.7,18893.0,2025-12-11 18:05:00
1765476600000,2025-12-11 18:10:00,1.699,1.702,1.696,1.698,19257.0,2025-12-11 18:10:00
1765476900000,2025-12-11 18:15:00,1.699,1.702,1.697,1.7,26327.0,2025-12-11 18:15:00
1765477200000,2025-12-11 18:20:00,1.7,1.706,1.7,1.705,22517.0,2025-12-11 18:20:00
1765477500000,2025-12-11 18:25:00,1.706,1.707,1.703,1.706,25212.0,2025-12-11 18:25:00
1765477800000,2025-12-11 18:30:00,1.707,1.709,1.705,1.706,10447.0,2025-12-11 18:30:00
1765478100000,2025-12-11 18:35:00,1.707,1.714,1.706,1.709,23667.0,2025-12-11 18:35:00
1765478400000,2025-12-11 18:40:00,1.71,1.726,1.705,1.723,91594.0,2025-12-11 18:40:00
1765478700000,2025-12-11 18:45:00,1.723,1.727,1.714,1.717,104910.0,2025-12-11 18:45:00
1765479000000,2025-12-11 18:50:00,1.717,1.719,1.706,1.711,64542.0,2025-12-11 18:50:00
1765479300000,2025-12-11 18:55:00,1.711,1.714,1.708,1.712,13048.0,2025-12-11 18:55:00
1765479600000,2025-12-11 19:00:00,1.713,1.722,1.713,1.714,25199.0,2025-12-11 19:00:00
1765479900000,2025-12-11 19:05:00,1.714,1.714,1.707,1.71,20053.0,2025-12-11 19:05:00
1765480200000,2025-12-11 19:10:00,1.71,1.713,1.708,1.71,12143.0,2025-12-11 19:10:00
1765480500000,2025-12-11 19:15:00,1.71,1.718,1.708,1.715,23197.0,2025-12-11 19:15:00
1765480800000,2025-12-11 19:20:00,1.716,1.726,1.712,1.723,125509.0,2025-12-11 19:20:00
1765481100000,2025-12-11 19:25:00,1.723,1.724,1.717,1.722,14547.0,2025-12-11 19:25:00
1765481400000,2025-12-11 19:30:00,1.722,1.733,1.72,1.728,179618.0,2025-12-11 19:30:00
1765481700000,2025-12-11 19:35:00,1.728,1.736,1.728,1.73,28751.0,2025-12-11 19:35:00
1765482000000,2025-12-11 19:40:00,1.731,1.732,1.724,1.726,81028.0,2025-12-11 19:40:00
1765482300000,2025-12-11 19:45:00,1.727,1.73,1.725,1.73,15364.0,2025-12-11 19:45:00
1765482600000,2025-12-11 19:50:00,1.731,1.732,1.715,1.716,16160.0,2025-12-11 19:50:00
1765482900000,2025-12-11 19:55:00,1.716,1.719,1.708,1.711,98112.0,2025-12-11 19:55:00
1765483200000,2025-12-11 20:00:00,1.711,1.713,1.707,1.711,27736.0,2025-12-11 20:00:00
1765483500000,2025-12-11 20:05:00,1.71,1.713,1.707,1.713,28350.0,2025-12-11 20:05:00
1765483800000,2025-12-11 20:10:00,1.712,1.718,1.71,1.715,13171.0,2025-12-11 20:10:00
1765484100000,2025-12-11 20:15:00,1.715,1.72,1.714,1.715,11969.0,2025-12-11 20:15:00
1765484400000,2025-12-11 20:20:00,1.715,1.718,1.711,1.711,6748.0,2025-12-11 20:20:00
1765484700000,2025-12-11 20:25:00,1.712,1.712,1.707,1.709,39306.0,2025-12-11 20:25:00
1765485000000,2025-12-11 20:30:00,1.71,1.722,1.708,1.719,52925.0,2025-12-11 20:30:00
1765485300000,2025-12-11 20:35:00,1.719,1.72,1.712,1.717,20554.0,2025-12-11 20:35:00
1765485600000,2025-12-11 20:40:00,1.717,1.725,1.716,1.722,25638.0,2025-12-11 20:40:00
1765485900000,2025-12-11 20:45:00,1.722,1.724,1.718,1.721,11165.0,2025-12-11 20:45:00
1765486200000,2025-12-11 20:50:00,1.722,1.724,1.72,1.721,25541.0,2025-12-11 20:50:00
1765486500000,2025-12-11 20:55:00,1.721,1.732,1.721,1.728,38169.0,2025-12-11 20:55:00
1765486800000,2025-12-11 21:00:00,1.729,1.734,1.725,1.731,45294.0,2025-12-11 21:00:00
1765487100000,2025-12-11 21:05:00,1.731,1.737,1.727,1.73,70748.0,2025-12-11 21:05:00
1765487400000,2025-12-11 21:10:00,1.731,1.736,1.727,1.729,43849.0,2025-12-11 21:10:00
1765487700000,2025-12-11 21:15:00,1.729,1.748,1.729,1.739,77899.0,2025-12-11 21:15:00
1765488000000,2025-12-11 21:20:00,1.74,1.745,1.735,1.743,27381.0,2025-12-11 21:20:00
1765488300000,2025-12-11 21:25:00,1.744,1.746,1.738,1.746,39730.0,2025-12-11 21:25:00
1765488600000,2025-12-11 21:30:00,1.747,1.758,1.747,1.753,78667.0,2025-12-11 21:30:00
1765488900000,2025-12-11 21:35:00,1.753,1.755,1.744,1.748,67452.0,2025-12-11 21:35:00
1765489200000,2025-12-11 21:40:00,1.748,1.754,1.746,1.751,25981.0,2025-12-11 21:40:00
1765489500000,2025-12-11 21:45:00,1.752,1.755,1.748,1.751,38655.0,2025-12-11 21:45:00
1765489800000,2025-12-11 21:50:00,1.751,1.752,1.746,1.748,15152.0,2025-12-11 21:50:00
1765490100000,2025-12-11 21:55:00,1.748,1.751,1.743,1.745,25721.0,2025-12-11 21:55:00
1765490400000,2025-12-11 22:00:00,1.746,1.752,1.744,1.746,19602.0,2025-12-11 22:00:00
1765490700000,2025-12-11 22:05:00,1.746,1.747,1.734,1.734,47925.0,2025-12-11 22:05:00
1765491000000,2025-12-11 22:10:00,1.735,1.737,1.729,1.732,86694.0,2025-12-11 22:10:00
1765491300000,2025-12-11 22:15:00,1.733,1.733,1.723,1.724,44199.0,2025-12-11 22:15:00
1765491600000,2025-12-11 22:20:00,1.723,1.724,1.713,1.716,62110.0,2025-12-11 22:20:00
1765491900000,2025-12-11 22:25:00,1.716,1.719,1.711,1.716,27188.0,2025-12-11 22:25:00
1765492200000,2025-12-11 22:30:00,1.715,1.723,1.709,1.723,42577.0,2025-12-11 22:30:00
1765492500000,2025-12-11 22:35:00,1.723,1.725,1.717,1.723,13995.0,2025-12-11 22:35:00
1765492800000,2025-12-11 22:40:00,1.722,1.722,1.713,1.714,11519.0,2025-12-11 22:40:00
1765493100000,2025-12-11 22:45:00,1.715,1.715,1.706,1.71,35360.0,2025-12-11 22:45:00
1765493400000,2025-12-11 22:50:00,1.71,1.714,1.71,1.714,18626.0,2025-12-11 22:50:00
1765493700000,2025-12-11 22:55:00,1.714,1.716,1.712,1.712,57815.0,2025-12-11 22:55:00
1765494000000,2025-12-11 23:00:00,1.713,1.718,1.71,1.71,123096.0,2025-12-11 23:00:00
1765494300000,2025-12-11 23:05:00,1.71,1.717,1.708,1.711,44501.0,2025-12-11 23:05:00
1765494600000,2025-12-11 23:10:00,1.71,1.714,1.708,1.71,21801.0,2025-12-11 23:10:00
1765494900000,2025-12-11 23:15:00,1.71,1.712,1.707,1.707,39108.0,2025-12-11 23:15:00
1765495200000,2025-12-11 23:20:00,1.708,1.715,1.707,1.712,8781.0,2025-12-11 23:20:00
1765495500000,2025-12-11 23:25:00,1.713,1.714,1.711,1.713,6805.0,2025-12-11 23:25:00
1765495800000,2025-12-11 23:30:00,1.714,1.722,1.712,1.72,27756.0,2025-12-11 23:30:00
1765496100000,2025-12-11 23:35:00,1.721,1.729,1.72,1.726,47722.0,2025-12-11 23:35:00
1765496400000,2025-12-11 23:40:00,1.727,1.729,1.724,1.726,30947.0,2025-12-11 23:40:00
1765496700000,2025-12-11 23:45:00,1.726,1.729,1.721,1.723,34529.0,2025-12-11 23:45:00
1765497000000,2025-12-11 23:50:00,1.723,1.725,1.717,1.72,13626.0,2025-12-11 23:50:00
1765497300000,2025-12-11 23:55:00,1.72,1.724,1.72,1.722,16356.0,2025-12-11 23:55:00
1765497600000,2025-12-12 00:00:00,1.723,1.728,1.721,1.725,143068.0,2025-12-12 00:00:00
1765497900000,2025-12-12 00:05:00,1.725,1.726,1.722,1.723,19659.0,2025-12-12 00:05:00
1765498200000,2025-12-12 00:10:00,1.724,1.726,1.722,1.724,16003.0,2025-12-12 00:10:00
1765498500000,2025-12-12 00:15:00,1.724,1.73,1.723,1.729,25299.0,2025-12-12 00:15:00
1765498800000,2025-12-12 00:20:00,1.729,1.734,1.728,1.731,21369.0,2025-12-12 00:20:00
1765499100000,2025-12-12 00:25:00,1.731,1.732,1.727,1.732,13187.0,2025-12-12 00:25:00
1765499400000,2025-12-12 00:30:00,1.732,1.735,1.726,1.726,16687.0,2025-12-12 00:30:00
1765499700000,2025-12-12 00:35:00,1.726,1.73,1.726,1.728,31093.0,2025-12-12 00:35:00
1765500000000,2025-12-12 00:40:00,1.728,1.729,1.721,1.722,27038.0,2025-12-12 00:40:00
1765500300000,2025-12-12 00:45:00,1.722,1.722,1.713,1.715,85197.0,2025-12-12 00:45:00
1765500600000,2025-12-12 00:50:00,1.714,1.717,1.711,1.715,26559.0,2025-12-12 00:50:00
1765500900000,2025-12-12 00:55:00,1.715,1.718,1.702,1.703,91008.0,2025-12-12 00:55:00
1765501200000,2025-12-12 01:00:00,1.704,1.715,1.697,1.7,144496.0,2025-12-12 01:00:00
1765501500000,2025-12-12 01:05:00,1.7,1.706,1.699,1.702,39640.0,2025-12-12 01:05:00
1765501800000,2025-12-12 01:10:00,1.702,1.705,1.698,1.701,55172.0,2025-12-12 01:10:00
1765502100000,2025-12-12 01:15:00,1.7,1.712,1.699,1.712,41258.0,2025-12-12 01:15:00
1765502400000,2025-12-12 01:20:00,1.711,1.72,1.711,1.72,37594.0,2025-12-12 01:20:00
1765502700000,2025-12-12 01:25:00,1.719,1.72,1.713,1.714,15150.0,2025-12-12 01:25:00
1765503000000,2025-12-12 01:30:00,1.714,1.72,1.712,1.719,27081.0,2025-12-12 01:30:00
1765503300000,2025-12-12 01:35:00,1.718,1.718,1.711,1.715,26246.0,2025-12-12 01:35:00
1765503600000,2025-12-12 01:40:00,1.716,1.717,1.71,1.71,18305.0,2025-12-12 01:40:00
1765503900000,2025-12-12 01:45:00,1.71,1.714,1.709,1.709,6079.0,2025-12-12 01:45:00
1765504200000,2025-12-12 01:50:00,1.71,1.711,1.707,1.708,14998.0,2025-12-12 01:50:00
1765504500000,2025-12-12 01:55:00,1.708,1.712,1.708,1.712,20782.0,2025-12-12 01:55:00
1765504800000,2025-12-12 02:00:00,1.712,1.712,1.705,1.707,9846.0,2025-12-12 02:00:00
1765505100000,2025-12-12 02:05:00,1.707,1.716,1.707,1.715,40046.0,2025-12-12 02:05:00
1765505400000,2025-12-12 02:10:00,1.715,1.726,1.715,1.722,41165.0,2025-12-12 02:10:00
1765505700000,2025-12-12 02:15:00,1.722,1.726,1.72,1.723,25403.0,2025-12-12 02:15:00
1765506000000,2025-12-12 02:20:00,1.724,1.73,1.724,1.729,32758.0,2025-12-12 02:20:00
1765506300000,2025-12-12 02:25:00,1.729,1.731,1.727,1.728,57316.0,2025-12-12 02:25:00
1765506600000,2025-12-12 02:30:00,1.729,1.733,1.725,1.727,30853.0,2025-12-12 02:30:00
1765506900000,2025-12-12 02:35:00,1.727,1.731,1.727,1.728,11393.0,2025-12-12 02:35:00
1765507200000,2025-12-12 02:40:00,1.729,1.732,1.728,1.729,30609.0,2025-12-12 02:40:00
1765507500000,2025-12-12 02:45:00,1.728,1.732,1.726,1.731,59313.0,2025-12-12 02:45:00
1765507800000,2025-12-12 02:50:00,1.731,1.733,1.725,1.73,35443.0,2025-12-12 02:50:00
1765508100000,2025-12-12 02:55:00,1.731,1.733,1.727,1.728,13942.0,2025-12-12 02:55:00
1765508400000,2025-12-12 03:00:00,1.729,1.729,1.723,1.726,14190.0,2025-12-12 03:00:00
1765508700000,2025-12-12 03:05:00,1.727,1.731,1.725,1.726,16519.0,2025-12-12 03:05:00
1765509000000,2025-12-12 03:10:00,1.726,1.728,1.718,1.718,36871.0,2025-12-12 03:10:00
1765509300000,2025-12-12 03:15:00,1.718,1.719,1.713,1.714,12835.0,2025-12-12 03:15:00
1765509600000,2025-12-12 03:20:00,1.715,1.717,1.713,1.715,20516.0,2025-12-12 03:20:00
1765509900000,2025-12-12 03:25:00,1.715,1.718,1.715,1.718,14468.0,2025-12-12 03:25:00
1765510200000,2025-12-12 03:30:00,1.718,1.719,1.715,1.719,8813.0,2025-12-12 03:30:00
1765510500000,2025-12-12 03:35:00,1.719,1.72,1.716,1.719,7121.0,2025-12-12 03:35:00
1765510800000,2025-12-12 03:40:00,1.72,1.721,1.718,1.721,1797.0,2025-12-12 03:40:00
1765511100000,2025-12-12 03:45:00,1.72,1.721,1.718,1.718,3567.0,2025-12-12 03:45:00
1765511400000,2025-12-12 03:50:00,1.719,1.72,1.718,1.719,45484.0,2025-12-12 03:50:00
1765511700000,2025-12-12 03:55:00,1.719,1.719,1.716,1.717,4548.0,2025-12-12 03:55:00
1765512000000,2025-12-12 04:00:00,1.717,1.72,1.717,1.719,9137.0,2025-12-12 04:00:00
1765512300000,2025-12-12 04:05:00,1.719,1.719,1.716,1.716,7655.0,2025-12-12 04:05:00
1765512600000,2025-12-12 04:10:00,1.716,1.717,1.715,1.716,678.0,2025-12-12 04:10:00
1765512900000,2025-12-12 04:15:00,1.716,1.719,1.716,1.718,11363.0,2025-12-12 04:15:00
1765513200000,2025-12-12 04:20:00,1.719,1.72,1.718,1.72,12038.0,2025-12-12 04:20:00
1765513500000,2025-12-12 04:25:00,1.719,1.721,1.718,1.719,14606.0,2025-12-12 04:25:00
1765513800000,2025-12-12 04:30:00,1.72,1.723,1.719,1.721,15118.0,2025-12-12 04:30:00
1765514100000,2025-12-12 04:35:00,1.72,1.721,1.717,1.718,5292.0,2025-12-12 04:35:00
1765514400000,2025-12-12 04:40:00,1.718,1.721,1.718,1.72,1749.0,2025-12-12 04:40:00
1765514700000,2025-12-12 04:45:00,1.72,1.722,1.719,1.722,3651.0,2025-12-12 04:45:00
1765515000000,2025-12-12 04:50:00,1.721,1.723,1.719,1.719,5025.0,2025-12-12 04:50:00
1765515300000,2025-12-12 04:55:00,1.719,1.72,1.718,1.718,8445.0,2025-12-12 04:55:00
1765515600000,2025-12-12 05:00:00,1.719,1.72,1.717,1.719,38017.0,2025-12-12 05:00:00
1765515900000,2025-12-12 05:05:00,1.718,1.72,1.717,1.717,3424.0,2025-12-12 05:05:00
1765516200000,2025-12-12 05:10:00,1.716,1.717,1.711,1.712,18960.0,2025-12-12 05:10:00
1765516500000,2025-12-12 05:15:00,1.711,1.713,1.709,1.711,9730.0,2025-12-12 05:15:00
1765516800000,2025-12-12 05:20:00,1.71,1.711,1.704,1.706,28995.0,2025-12-12 05:20:00
1765517100000,2025-12-12 05:25:00,1.706,1.709,1.705,1.707,11157.0,2025-12-12 05:25:00
1765517400000,2025-12-12 05:30:00,1.706,1.707,1.702,1.705,15481.0,2025-12-12 05:30:00
1765517700000,2025-12-12 05:35:00,1.704,1.715,1.704,1.715,7360.0,2025-12-12 05:35:00
1765518000000,2025-12-12 05:40:00,1.714,1.716,1.712,1.715,66567.0,2025-12-12 05:40:00
1765518300000,2025-12-12 05:45:00,1.716,1.72,1.712,1.714,44410.0,2025-12-12 05:45:00
1765518600000,2025-12-12 05:50:00,1.714,1.716,1.712,1.713,35959.0,2025-12-12 05:50:00
1765518900000,2025-12-12 05:55:00,1.713,1.718,1.713,1.717,11161.0,2025-12-12 05:55:00
1765519200000,2025-12-12 06:00:00,1.717,1.727,1.717,1.727,26878.0,2025-12-12 06:00:00
1765519500000,2025-12-12 06:05:00,1.727,1.73,1.724,1.726,53416.0,2025-12-12 06:05:00
1765519800000,2025-12-12 06:10:00,1.727,1.732,1.726,1.731,39086.0,2025-12-12 06:10:00
1765520100000,2025-12-12 06:15:00,1.731,1.732,1.726,1.727,32576.0,2025-12-12 06:15:00
1765520400000,2025-12-12 06:20:00,1.728,1.73,1.725,1.725,28037.0,2025-12-12 06:20:00
1765520700000,2025-12-12 06:25:00,1.725,1.727,1.72,1.721,7692.0,2025-12-12 06:25:00
1765521000000,2025-12-12 06:30:00,1.721,1.721,1.717,1.719,11179.0,2025-12-12 06:30:00
1765521300000,2025-12-12 06:35:00,1.719,1.72,1.717,1.717,17587.0,2025-12-12 06:35:00
1765521600000,2025-12-12 06:40:00,1.717,1.721,1.716,1.716,13953.0,2025-12-12 06:40:00
1765521900000,2025-12-12 06:45:00,1.717,1.718,1.71,1.711,16481.0,2025-12-12 06:45:00
1765522200000,2025-12-12 06:50:00,1.711,1.713,1.71,1.713,32038.0,2025-12-12 06:50:00
1765522500000,2025-12-12 06:55:00,1.713,1.714,1.711,1.714,7812.0,2025-12-12 06:55:00
1765522800000,2025-12-12 07:00:00,1.713,1.714,1.71,1.711,16217.0,2025-12-12 07:00:00
1765523100000,2025-12-12 07:05:00,1.711,1.713,1.709,1.71,12370.0,2025-12-12 07:05:00
1765523400000,2025-12-12 07:10:00,1.71,1.715,1.71,1.713,14589.0,2025-12-12 07:10:00
1765523700000,2025-12-12 07:15:00,1.712,1.714,1.711,1.714,18324.0,2025-12-12 07:15:00
1765524000000,2025-12-12 07:20:00,1.713,1.716,1.712,1.712,15955.0,2025-12-12 07:20:00
1765524300000,2025-12-12 07:25:00,1.712,1.714,1.711,1.712,7924.0,2025-12-12 07:25:00
1765524600000,2025-12-12 07:30:00,1.713,1.716,1.712,1.712,9078.0,2025-12-12 07:30:00
1765524900000,2025-12-12 07:35:00,1.713,1.715,1.708,1.71,10249.0,2025-12-12 07:35:00
1765525200000,2025-12-12 07:40:00,1.71,1.714,1.709,1.712,6154.0,2025-12-12 07:40:00
1765525500000,2025-12-12 07:45:00,1.711,1.712,1.709,1.71,1232.0,2025-12-12 07:45:00
1765525800000,2025-12-12 07:50:00,1.709,1.711,1.709,1.71,12081.0,2025-12-12 07:50:00
1765526100000,2025-12-12 07:55:00,1.709,1.71,1.707,1.708,8615.0,2025-12-12 07:55:00
1765526400000,2025-12-12 08:00:00,1.707,1.708,1.703,1.704,39326.0,2025-12-12 08:00:00
1765526700000,2025-12-12 08:05:00,1.705,1.707,1.703,1.706,34051.0,2025-12-12 08:05:00
1765527000000,2025-12-12 08:10:00,1.706,1.708,1.704,1.707,5465.0,2025-12-12 08:10:00
1765527300000,2025-12-12 08:15:00,1.707,1.708,1.703,1.704,29968.0,2025-12-12 08:15:00
1765527600000,2025-12-12 08:20:00,1.704,1.705,1.698,1.703,42811.0,2025-12-12 08:20:00
1765527900000,2025-12-12 08:25:00,1.702,1.703,1.698,1.699,14246.0,2025-12-12 08:25:00
1765528200000,2025-12-12 08:30:00,1.699,1.699,1.688,1.696,115334.0,2025-12-12 08:30:00
1765528500000,2025-12-12 08:35:00,1.696,1.696,1.691,1.694,55834.0,2025-12-12 08:35:00
1765528800000,2025-12-12 08:40:00,1.693,1.694,1.692,1.693,27334.0,2025-12-12 08:40:00
1765529100000,2025-12-12 08:45:00,1.692,1.694,1.689,1.693,41599.0,2025-12-12 08:45:00
1765529400000,2025-12-12 08:50:00,1.692,1.696,1.692,1.692,27918.0,2025-12-12 08:50:00
1765529700000,2025-12-12 08:55:00,1.693,1.695,1.691,1.695,65004.0,2025-12-12 08:55:00
1765530000000,2025-12-12 09:00:00,1.695,1.704,1.694,1.7,120217.0,2025-12-12 09:00:00
1765530300000,2025-12-12 09:05:00,1.701,1.701,1.695,1.698,128772.0,2025-12-12 09:05:00
1765530600000,2025-12-12 09:10:00,1.698,1.703,1.697,1.702,29882.0,2025-12-12 09:10:00
1765530900000,2025-12-12 09:15:00,1.702,1.705,1.701,1.701,39880.0,2025-12-12 09:15:00
1765531200000,2025-12-12 09:20:00,1.702,1.704,1.699,1.7,96071.0,2025-12-12 09:20:00
1765531500000,2025-12-12 09:25:00,1.701,1.704,1.699,1.699,26145.0,2025-12-12 09:25:00
1765531800000,2025-12-12 09:30:00,1.699,1.705,1.699,1.704,23383.0,2025-12-12 09:30:00
1765532100000,2025-12-12 09:35:00,1.705,1.707,1.7,1.7,30359.0,2025-12-12 09:35:00
1765532400000,2025-12-12 09:40:00,1.701,1.704,1.7,1.701,20474.0,2025-12-12 09:40:00
1765532700000,2025-12-12 09:45:00,1.702,1.709,1.701,1.707,34612.0,2025-12-12 09:45:00
1765533000000,2025-12-12 09:50:00,1.707,1.715,1.707,1.708,49008.0,2025-12-12 09:50:00
1765533300000,2025-12-12 09:55:00,1.708,1.718,1.708,1.715,44750.0,2025-12-12 09:55:00
1765533600000,2025-12-12 10:00:00,1.715,1.722,1.715,1.72,48698.0,2025-12-12 10:00:00
1765533900000,2025-12-12 10:05:00,1.72,1.726,1.72,1.725,28024.0,2025-12-12 10:05:00
1765534200000,2025-12-12 10:10:00,1.725,1.727,1.722,1.725,18063.0,2025-12-12 10:10:00
1765534500000,2025-12-12 10:15:00,1.725,1.726,1.717,1.718,50453.0,2025-12-12 10:15:00
1765534800000,2025-12-12 10:20:00,1.718,1.72,1.717,1.719,32351.0,2025-12-12 10:20:00
1765535100000,2025-12-12 10:25:00,1.72,1.722,1.719,1.72,23541.0,2025-12-12 10:25:00
1765535400000,2025-12-12 10:30:00,1.721,1.722,1.717,1.717,17456.0,2025-12-12 10:30:00
1765535700000,2025-12-12 10:35:00,1.717,1.718,1.709,1.71,47223.0,2025-12-12 10:35:00
1765536000000,2025-12-12 10:40:00,1.71,1.713,1.71,1.711,18187.0,2025-12-12 10:40:00
1765536300000,2025-12-12 10:45:00,1.711,1.713,1.708,1.713,6743.0,2025-12-12 10:45:00
1765536600000,2025-12-12 10:50:00,1.712,1.716,1.708,1.714,70813.0,2025-12-12 10:50:00
1765536900000,2025-12-12 10:55:00,1.714,1.716,1.707,1.71,134761.0,2025-12-12 10:55:00
1765537200000,2025-12-12 11:00:00,1.71,1.711,1.705,1.706,54845.0,2025-12-12 11:00:00
1765537500000,2025-12-12 11:05:00,1.705,1.708,1.698,1.701,40486.0,2025-12-12 11:05:00
1765537800000,2025-12-12 11:10:00,1.701,1.702,1.699,1.701,9381.0,2025-12-12 11:10:00
1765538100000,2025-12-12 11:15:00,1.701,1.702,1.696,1.698,71236.0,2025-12-12 11:15:00
1765538400000,2025-12-12 11:20:00,1.697,1.704,1.696,1.702,287944.0,2025-12-12 11:20:00
1765538700000,2025-12-12 11:25:00,1.702,1.706,1.702,1.704,26157.0,2025-12-12 11:25:00
1765539000000,2025-12-12 11:30:00,1.703,1.709,1.703,1.707,12790.0,2025-12-12 11:30:00
1765539300000,2025-12-12 11:35:00,1.708,1.709,1.706,1.707,11705.0,2025-12-12 11:35:00
1765539600000,2025-12-12 11:40:00,1.706,1.71,1.706,1.708,11960.0,2025-12-12 11:40:00
1765539900000,2025-12-12 11:45:00,1.709,1.709,1.707,1.709,12517.0,2025-12-12 11:45:00
1765540200000,2025-12-12 11:50:00,1.709,1.709,1.706,1.706,5790.0,2025-12-12 11:50:00
1765540500000,2025-12-12 11:55:00,1.707,1.709,1.705,1.708,14530.0,2025-12-12 11:55:00
1765540800000,2025-12-12 12:00:00,1.709,1.709,1.705,1.707,39259.0,2025-12-12 12:00:00
1765541100000,2025-12-12 12:05:00,1.707,1.708,1.704,1.707,20956.0,2025-12-12 12:05:00
1765541400000,2025-12-12 12:10:00,1.707,1.711,1.706,1.709,20929.0,2025-12-12 12:10:00
1765541700000,2025-12-12 12:15:00,1.709,1.71,1.706,1.706,19652.0,2025-12-12 12:15:00
1765542000000,2025-12-12 12:20:00,1.707,1.709,1.706,1.709,13188.0,2025-12-12 12:20:00
1765542300000,2025-12-12 12:25:00,1.709,1.709,1.703,1.705,18684.0,2025-12-12 12:25:00
1765542600000,2025-12-12 12:30:00,1.704,1.71,1.704,1.708,19760.0,2025-12-12 12:30:00
1765542900000,2025-12-12 12:35:00,1.707,1.71,1.705,1.708,33751.0,2025-12-12 12:35:00
1765543200000,2025-12-12 12:40:00,1.708,1.709,1.705,1.707,27058.0,2025-12-12 12:40:00
1765543500000,2025-12-12 12:45:00,1.708,1.71,1.706,1.709,20048.0,2025-12-12 12:45:00
1765543800000,2025-12-12 12:50:00,1.71,1.717,1.709,1.714,36523.0,2025-12-12 12:50:00
1765544100000,2025-12-12 12:55:00,1.714,1.714,1.709,1.709,19334.0,2025-12-12 12:55:00
1765544400000,2025-12-12 13:00:00,1.709,1.709,1.702,1.705,42965.0,2025-12-12 13:00:00
1765544700000,2025-12-12 13:05:00,1.705,1.706,1.701,1.703,30284.0,2025-12-12 13:05:00
1765545000000,2025-12-12 13:10:00,1.703,1.708,1.702,1.707,10333.0,2025-12-12 13:10:00
1765545300000,2025-12-12 13:15:00,1.707,1.708,1.704,1.708,13758.0,2025-12-12 13:15:00
1765545600000,2025-12-12 13:20:00,1.707,1.708,1.702,1.703,18197.0,2025-12-12 13:20:00
1765545900000,2025-12-12 13:25:00,1.702,1.704,1.699,1.7,12280.0,2025-12-12 13:25:00
1765546200000,2025-12-12 13:30:00,1.701,1.704,1.701,1.702,10521.0,2025-12-12 13:30:00
1765546500000,2025-12-12 13:35:00,1.701,1.703,1.7,1.701,28138.0,2025-12-12 13:35:00
1765546800000,2025-12-12 13:40:00,1.7,1.703,1.699,1.701,38355.0,2025-12-12 13:40:00
1765547100000,2025-12-12 13:45:00,1.701,1.707,1.7,1.705,15466.0,2025-12-12 13:45:00
1765547400000,2025-12-12 13:50:00,1.704,1.705,1.702,1.702,29012.0,2025-12-12 13:50:00
1765547700000,2025-12-12 13:55:00,1.702,1.704,1.701,1.704,9271.0,2025-12-12 13:55:00
1765548000000,2025-12-12 14:00:00,1.703,1.704,1.699,1.699,9349.0,2025-12-12 14:00:00
1765548300000,2025-12-12 14:05:00,1.699,1.7,1.695,1.696,16569.0,2025-12-12 14:05:00
1765548600000,2025-12-12 14:10:00,1.696,1.698,1.695,1.697,21022.0,2025-12-12 14:10:00
1765548900000,2025-12-12 14:15:00,1.697,1.702,1.696,1.702,20116.0,2025-12-12 14:15:00
1765549200000,2025-12-12 14:20:00,1.701,1.705,1.699,1.699,12805.0,2025-12-12 14:20:00
1765549500000,2025-12-12 14:25:00,1.699,1.7,1.691,1.692,68979.0,2025-12-12 14:25:00
1765549800000,2025-12-12 14:30:00,1.692,1.702,1.691,1.698,63965.0,2025-12-12 14:30:00
1765550100000,2025-12-12 14:35:00,1.698,1.703,1.695,1.698,45317.0,2025-12-12 14:35:00
1765550400000,2025-12-12 14:40:00,1.698,1.7,1.695,1.699,111264.0,2025-12-12 14:40:00
1765550700000,2025-12-12 14:45:00,1.698,1.7,1.69,1.691,51912.0,2025-12-12 14:45:00
1765551000000,2025-12-12 14:50:00,1.69,1.692,1.681,1.689,340578.0,2025-12-12 14:50:00
1765551300000,2025-12-12 14:55:00,1.688,1.691,1.683,1.687,103248.0,2025-12-12 14:55:00
1765551600000,2025-12-12 15:00:00,1.686,1.687,1.67,1.673,271795.0,2025-12-12 15:00:00
1765551900000,2025-12-12 15:05:00,1.673,1.68,1.672,1.676,217953.0,2025-12-12 15:05:00
1765552200000,2025-12-12 15:10:00,1.676,1.685,1.676,1.678,82320.0,2025-12-12 15:10:00
1765552500000,2025-12-12 15:15:00,1.678,1.684,1.674,1.682,71803.0,2025-12-12 15:15:00
1765552800000,2025-12-12 15:20:00,1.682,1.684,1.669,1.672,129496.0,2025-12-12 15:20:00
1765553100000,2025-12-12 15:25:00,1.672,1.672,1.653,1.655,439037.0,2025-12-12 15:25:00
1765553400000,2025-12-12 15:30:00,1.656,1.664,1.648,1.651,360980.0,2025-12-12 15:30:00
1765553700000,2025-12-12 15:35:00,1.652,1.653,1.634,1.644,667040.0,2025-12-12 15:35:00
1765554000000,2025-12-12 15:40:00,1.644,1.644,1.629,1.641,270709.0,2025-12-12 15:40:00
1765554300000,2025-12-12 15:45:00,1.641,1.647,1.635,1.644,252268.0,2025-12-12 15:45:00
1765554600000,2025-12-12 15:50:00,1.644,1.644,1.625,1.631,200214.0,2025-12-12 15:50:00
1765554900000,2025-12-12 15:55:00,1.631,1.631,1.611,1.621,629902.0,2025-12-12 15:55:00
1765555200000,2025-12-12 16:00:00,1.622,1.625,1.609,1.614,373482.0,2025-12-12 16:00:00
1765555500000,2025-12-12 16:05:00,1.613,1.623,1.61,1.618,266570.0,2025-12-12 16:05:00
1765555800000,2025-12-12 16:10:00,1.617,1.619,1.61,1.617,238766.0,2025-12-12 16:10:00
1765556100000,2025-12-12 16:15:00,1.616,1.619,1.609,1.614,152307.0,2025-12-12 16:15:00
1765556400000,2025-12-12 16:20:00,1.614,1.616,1.603,1.613,199117.0,2025-12-12 16:20:00
1765556700000,2025-12-12 16:25:00,1.613,1.629,1.607,1.626,196959.0,2025-12-12 16:25:00
1765557000000,2025-12-12 16:30:00,1.625,1.625,1.61,1.614,188462.0,2025-12-12 16:30:00
1765557300000,2025-12-12 16:35:00,1.614,1.617,1.604,1.607,180068.0,2025-12-12 16:35:00
1765557600000,2025-12-12 16:40:00,1.606,1.608,1.596,1.603,218818.0,2025-12-12 16:40:00
1765557900000,2025-12-12 16:45:00,1.603,1.606,1.601,1.603,68953.0,2025-12-12 16:45:00
1765558200000,2025-12-12 16:50:00,1.602,1.615,1.6,1.612,73762.0,2025-12-12 16:50:00
1765558500000,2025-12-12 16:55:00,1.611,1.616,1.608,1.61,58837.0,2025-12-12 16:55:00
1765558800000,2025-12-12 17:00:00,1.61,1.617,1.608,1.613,64985.0,2025-12-12 17:00:00
1765559100000,2025-12-12 17:05:00,1.613,1.63,1.613,1.626,106913.0,2025-12-12 17:05:00
1765559400000,2025-12-12 17:10:00,1.626,1.629,1.623,1.626,61711.0,2025-12-12 17:10:00
1765559700000,2025-12-12 17:15:00,1.626,1.634,1.623,1.625,129852.0,2025-12-12 17:15:00
1765560000000,2025-12-12 17:20:00,1.626,1.628,1.621,1.622,48278.0,2025-12-12 17:20:00
1765560300000,2025-12-12 17:25:00,1.623,1.623,1.615,1.615,39541.0,2025-12-12 17:25:00
1765560600000,2025-12-12 17:30:00,1.616,1.62,1.613,1.618,76606.0,2025-12-12 17:30:00
1765560900000,2025-12-12 17:35:00,1.618,1.62,1.613,1.62,29397.0,2025-12-12 17:35:00
1765561200000,2025-12-12 17:40:00,1.619,1.62,1.615,1.618,18370.0,2025-12-12 17:40:00
1765561500000,2025-12-12 17:45:00,1.618,1.622,1.617,1.619,13192.0,2025-12-12 17:45:00
1765561800000,2025-12-12 17:50:00,1.62,1.621,1.615,1.615,20359.0,2025-12-12 17:50:00
1765562100000,2025-12-12 17:55:00,1.616,1.617,1.611,1.611,16345.0,2025-12-12 17:55:00
1765562400000,2025-12-12 18:00:00,1.612,1.623,1.612,1.623,42885.0,2025-12-12 18:00:00
1765562700000,2025-12-12 18:05:00,1.623,1.628,1.621,1.626,29227.0,2025-12-12 18:05:00
1765563000000,2025-12-12 18:10:00,1.626,1.636,1.624,1.631,63772.0,2025-12-12 18:10:00
1765563300000,2025-12-12 18:15:00,1.631,1.639,1.631,1.631,38758.0,2025-12-12 18:15:00
1765563600000,2025-12-12 18:20:00,1.631,1.633,1.627,1.63,60157.0,2025-12-12 18:20:00
1765563900000,2025-12-12 18:25:00,1.63,1.639,1.63,1.636,39366.0,2025-12-12 18:25:00
1765564200000,2025-12-12 18:30:00,1.637,1.644,1.635,1.641,44080.0,2025-12-12 18:30:00
1765564500000,2025-12-12 18:35:00,1.641,1.644,1.64,1.644,13273.0,2025-12-12 18:35:00
1765564800000,2025-12-12 18:40:00,1.645,1.648,1.64,1.641,48046.0,2025-12-12 18:40:00
1765565100000,2025-12-12 18:45:00,1.641,1.642,1.636,1.639,10855.0,2025-12-12 18:45:00
1765565400000,2025-12-12 18:50:00,1.64,1.641,1.632,1.634,14961.0,2025-12-12 18:50:00
1765565700000,2025-12-12 18:55:00,1.634,1.635,1.627,1.629,32766.0,2025-12-12 18:55:00
1765566000000,2025-12-12 19:00:00,1.629,1.631,1.624,1.631,37472.0,2025-12-12 19:00:00
1765566300000,2025-12-12 19:05:00,1.63,1.631,1.622,1.625,16043.0,2025-12-12 19:05:00
1765566600000,2025-12-12 19:10:00,1.625,1.626,1.621,1.623,48389.0,2025-12-12 19:10:00
1765566900000,2025-12-12 19:15:00,1.622,1.626,1.622,1.624,34100.0,2025-12-12 19:15:00
1765567200000,2025-12-12 19:20:00,1.624,1.631,1.624,1.63,61828.0,2025-12-12 19:20:00
1765567500000,2025-12-12 19:25:00,1.631,1.631,1.62,1.623,37259.0,2025-12-12 19:25:00
1765567800000,2025-12-12 19:30:00,1.623,1.624,1.618,1.621,45165.0,2025-12-12 19:30:00
1765568100000,2025-12-12 19:35:00,1.621,1.623,1.619,1.622,13492.0,2025-12-12 19:35:00
1765568400000,2025-12-12 19:40:00,1.622,1.625,1.621,1.621,26994.0,2025-12-12 19:40:00
1765568700000,2025-12-12 19:45:00,1.621,1.621,1.619,1.621,24318.0,2025-12-12 19:45:00
1765569000000,2025-12-12 19:50:00,1.621,1.625,1.62,1.624,14367.0,2025-12-12 19:50:00
1765569300000,2025-12-12 19:55:00,1.624,1.624,1.618,1.622,8863.0,2025-12-12 19:55:00
1765569600000,2025-12-12 20:00:00,1.621,1.624,1.619,1.624,25348.0,2025-12-12 20:00:00
1765569900000,2025-12-12 20:05:00,1.623,1.624,1.621,1.623,16518.0,2025-12-12 20:05:00
1765570200000,2025-12-12 20:10:00,1.623,1.625,1.62,1.621,14862.0,2025-12-12 20:10:00
1765570500000,2025-12-12 20:15:00,1.622,1.628,1.62,1.625,34923.0,2025-12-12 20:15:00
1765570800000,2025-12-12 20:20:00,1.625,1.625,1.622,1.623,19465.0,2025-12-12 20:20:00
1765571100000,2025-12-12 20:25:00,1.624,1.624,1.62,1.62,9881.0,2025-12-12 20:25:00
1765571400000,2025-12-12 20:30:00,1.621,1.626,1.621,1.626,27069.0,2025-12-12 20:30:00
1765571700000,2025-12-12 20:35:00,1.626,1.626,1.621,1.623,12601.0,2025-12-12 20:35:00
1765572000000,2025-12-12 20:40:00,1.622,1.624,1.621,1.623,12298.0,2025-12-12 20:40:00
1765572300000,2025-12-12 20:45:00,1.624,1.629,1.622,1.624,43985.0,2025-12-12 20:45:00
1765572600000,2025-12-12 20:50:00,1.625,1.627,1.623,1.626,14625.0,2025-12-12 20:50:00
1765572900000,2025-12-12 20:55:00,1.626,1.627,1.624,1.624,29295.0,2025-12-12 20:55:00
1765573200000,2025-12-12 21:00:00,1.625,1.626,1.621,1.625,32529.0,2025-12-12 21:00:00
1765573500000,2025-12-12 21:05:00,1.625,1.628,1.624,1.627,10425.0,2025-12-12 21:05:00
1765573800000,2025-12-12 21:10:00,1.626,1.627,1.624,1.625,8943.0,2025-12-12 21:10:00
1765574100000,2025-12-12 21:15:00,1.625,1.628,1.625,1.628,5477.0,2025-12-12 21:15:00
1765574400000,2025-12-12 21:20:00,1.629,1.633,1.626,1.63,19272.0,2025-12-12 21:20:00
1765574700000,2025-12-12 21:25:00,1.63,1.632,1.628,1.63,36763.0,2025-12-12 21:25:00
1765575000000,2025-12-12 21:30:00,1.631,1.635,1.631,1.633,13670.0,2025-12-12 21:30:00
1765575300000,2025-12-12 21:35:00,1.633,1.633,1.631,1.632,18378.0,2025-12-12 21:35:00
1765575600000,2025-12-12 21:40:00,1.633,1.637,1.632,1.635,8075.0,2025-12-12 21:40:00
1765575900000,2025-12-12 21:45:00,1.636,1.637,1.634,1.634,7308.0,2025-12-12 21:45:00
1765576200000,2025-12-12 21:50:00,1.634,1.634,1.628,1.628,26599.0,2025-12-12 21:50:00
1765576500000,2025-12-12 21:55:00,1.628,1.63,1.627,1.629,5667.0,2025-12-12 21:55:00
1765576800000,2025-12-12 22:00:00,1.63,1.631,1.626,1.63,29632.0,2025-12-12 22:00:00
1765577100000,2025-12-12 22:05:00,1.631,1.632,1.63,1.631,15969.0,2025-12-12 22:05:00
1765577400000,2025-12-12 22:10:00,1.632,1.637,1.632,1.633,123083.0,2025-12-12 22:10:00
1765577700000,2025-12-12 22:15:00,1.634,1.635,1.632,1.635,9616.0,2025-12-12 22:15:00
1765578000000,2025-12-12 22:20:00,1.635,1.635,1.632,1.634,14459.0,2025-12-12 22:20:00
1765578300000,2025-12-12 22:25:00,1.634,1.635,1.632,1.633,5450.0,2025-12-12 22:25:00
1765578600000,2025-12-12 22:30:00,1.634,1.635,1.63,1.634,22019.0,2025-12-12 22:30:00
1765578900000,2025-12-12 22:35:00,1.634,1.636,1.633,1.635,11504.0,2025-12-12 22:35:00
1765579200000,2025-12-12 22:40:00,1.635,1.636,1.633,1.633,13027.0,2025-12-12 22:40:00
1765579500000,2025-12-12 22:45:00,1.633,1.637,1.632,1.635,26161.0,2025-12-12 22:45:00
1765579800000,2025-12-12 22:50:00,1.636,1.636,1.632,1.633,33093.0,2025-12-12 22:50:00
1765580100000,2025-12-12 22:55:00,1.634,1.634,1.632,1.634,12890.0,2025-12-12 22:55:00
1765580400000,2025-12-12 23:00:00,1.634,1.639,1.633,1.635,58212.0,2025-12-12 23:00:00
1765580700000,2025-12-12 23:05:00,1.636,1.637,1.633,1.634,16426.0,2025-12-12 23:05:00
1765581000000,2025-12-12 23:10:00,1.635,1.635,1.631,1.632,24148.0,2025-12-12 23:10:00
1765581300000,2025-12-12 23:15:00,1.632,1.633,1.63,1.63,8343.0,2025-12-12 23:15:00
1765581600000,2025-12-12 23:20:00,1.631,1.632,1.63,1.632,14915.0,2025-12-12 23:20:00
1765581900000,2025-12-12 23:25:00,1.631,1.632,1.629,1.63,19949.0,2025-12-12 23:25:00
1765582200000,2025-12-12 23:30:00,1.629,1.631,1.628,1.63,18022.0,2025-12-12 23:30:00
1765582500000,2025-12-12 23:35:00,1.63,1.631,1.628,1.63,4146.0,2025-12-12 23:35:00
1765582800000,2025-12-12 23:40:00,1.63,1.632,1.629,1.63,39989.0,2025-12-12 23:40:00
1765583100000,2025-12-12 23:45:00,1.631,1.631,1.629,1.629,3148.0,2025-12-12 23:45:00
1765583400000,2025-12-12 23:50:00,1.629,1.631,1.629,1.629,7921.0,2025-12-12 23:50:00
1765583700000,2025-12-12 23:55:00,1.63,1.631,1.628,1.63,6328.0,2025-12-12 23:55:00
1765584000000,2025-12-13 00:00:00,1.631,1.633,1.63,1.632,30562.0,2025-12-13 00:00:00
1765584300000,2025-12-13 00:05:00,1.632,1.635,1.63,1.633,51973.0,2025-12-13 00:05:00
1765584600000,2025-12-13 00:10:00,1.634,1.635,1.63,1.631,10568.0,2025-12-13 00:10:00
1765584900000,2025-12-13 00:15:00,1.631,1.631,1.628,1.629,6630.0,2025-12-13 00:15:00
1765585200000,2025-12-13 00:20:00,1.629,1.629,1.627,1.627,13192.0,2025-12-13 00:20:00
1765585500000,2025-12-13 00:25:00,1.627,1.627,1.623,1.625,10958.0,2025-12-13 00:25:00
1765585800000,2025-12-13 00:30:00,1.624,1.626,1.623,1.625,9698.0,2025-12-13 00:30:00
1765586100000,2025-12-13 00:35:00,1.625,1.627,1.625,1.627,27602.0,2025-12-13 00:35:00
1765586400000,2025-12-13 00:40:00,1.626,1.629,1.625,1.628,6743.0,2025-12-13 00:40:00
1765586700000,2025-12-13 00:45:00,1.628,1.629,1.625,1.626,17416.0,2025-12-13 00:45:00
1765587000000,2025-12-13 00:50:00,1.627,1.628,1.625,1.626,9888.0,2025-12-13 00:50:00
1765587300000,2025-12-13 00:55:00,1.626,1.63,1.626,1.629,56764.0,2025-12-13 00:55:00
1765587600000,2025-12-13 01:00:00,1.628,1.632,1.627,1.628,8989.0,2025-12-13 01:00:00
1765587900000,2025-12-13 01:05:00,1.629,1.63,1.627,1.629,14180.0,2025-12-13 01:05:00
1765588200000,2025-12-13 01:10:00,1.63,1.63,1.627,1.627,12355.0,2025-12-13 01:10:00
1765588500000,2025-12-13 01:15:00,1.628,1.63,1.627,1.629,11458.0,2025-12-13 01:15:00
1765588800000,2025-12-13 01:20:00,1.629,1.633,1.629,1.632,17622.0,2025-12-13 01:20:00
1765589100000,2025-12-13 01:25:00,1.633,1.633,1.631,1.631,6887.0,2025-12-13 01:25:00
1765589400000,2025-12-13 01:30:00,1.632,1.633,1.63,1.632,27116.0,2025-12-13 01:30:00
1765589700000,2025-12-13 01:35:00,1.633,1.633,1.627,1.627,33129.0,2025-12-13 01:35:00
1765590000000,2025-12-13 01:40:00,1.628,1.63,1.627,1.629,4807.0,2025-12-13 01:40:00
1765590300000,2025-12-13 01:45:00,1.629,1.633,1.628,1.632,32935.0,2025-12-13 01:45:00
1765590600000,2025-12-13 01:50:00,1.632,1.632,1.629,1.63,4132.0,2025-12-13 01:50:00
1765590900000,2025-12-13 01:55:00,1.63,1.634,1.63,1.632,13801.0,2025-12-13 01:55:00
1765591200000,2025-12-13 02:00:00,1.633,1.639,1.632,1.637,32547.0,2025-12-13 02:00:00
1765591500000,2025-12-13 02:05:00,1.636,1.641,1.636,1.639,17591.0,2025-12-13 02:05:00
1765591800000,2025-12-13 02:10:00,1.64,1.64,1.636,1.638,26166.0,2025-12-13 02:10:00
1765592100000,2025-12-13 02:15:00,1.638,1.641,1.637,1.64,17257.0,2025-12-13 02:15:00
1765592400000,2025-12-13 02:20:00,1.641,1.641,1.637,1.638,11658.0,2025-12-13 02:20:00
1765592700000,2025-12-13 02:25:00,1.638,1.639,1.635,1.636,1938.0,2025-12-13 02:25:00
1765593000000,2025-12-13 02:30:00,1.637,1.638,1.634,1.637,20950.0,2025-12-13 02:30:00
1765593300000,2025-12-13 02:35:00,1.636,1.638,1.636,1.637,3977.0,2025-12-13 02:35:00
1765593600000,2025-12-13 02:40:00,1.638,1.639,1.636,1.638,3759.0,2025-12-13 02:40:00
1765593900000,2025-12-13 02:45:00,1.638,1.64,1.637,1.639,10116.0,2025-12-13 02:45:00
1765594200000,2025-12-13 02:50:00,1.64,1.641,1.638,1.641,11107.0,2025-12-13 02:50:00
1765594500000,2025-12-13 02:55:00,1.641,1.643,1.641,1.641,15165.0,2025-12-13 02:55:00
1765594800000,2025-12-13 03:00:00,1.641,1.648,1.641,1.647,30951.0,2025-12-13 03:00:00
1765595100000,2025-12-13 03:05:00,1.647,1.649,1.643,1.646,44440.0,2025-12-13 03:05:00
1765595400000,2025-12-13 03:10:00,1.645,1.646,1.644,1.644,7408.0,2025-12-13 03:10:00
1765595700000,2025-12-13 03:15:00,1.644,1.652,1.644,1.65,31082.0,2025-12-13 03:15:00
1765596000000,2025-12-13 03:20:00,1.65,1.657,1.649,1.653,28362.0,2025-12-13 03:20:00
1765596300000,2025-12-13 03:25:00,1.654,1.655,1.652,1.653,45021.0,2025-12-13 03:25:00
1765596600000,2025-12-13 03:30:00,1.654,1.661,1.651,1.654,51672.0,2025-12-13 03:30:00
1765596900000,2025-12-13 03:35:00,1.654,1.661,1.654,1.66,14165.0,2025-12-13 03:35:00
1765597200000,2025-12-13 03:40:00,1.66,1.663,1.659,1.662,16660.0,2025-12-13 03:40:00
1765597500000,2025-12-13 03:45:00,1.662,1.665,1.661,1.662,26841.0,2025-12-13 03:45:00
1765597800000,2025-12-13 03:50:00,1.662,1.664,1.659,1.662,10911.0,2025-12-13 03:50:00
1765598100000,2025-12-13 03:55:00,1.662,1.664,1.661,1.663,4601.0,2025-12-13 03:55:00
1765598400000,2025-12-13 04:00:00,1.664,1.669,1.664,1.664,46777.0,2025-12-13 04:00:00
1765598700000,2025-12-13 04:05:00,1.664,1.666,1.661,1.664,28420.0,2025-12-13 04:05:00
1765599000000,2025-12-13 04:10:00,1.665,1.667,1.663,1.666,64049.0,2025-12-13 04:10:00
1765599300000,2025-12-13 04:15:00,1.666,1.672,1.666,1.666,41884.0,2025-12-13 04:15:00
1765599600000,2025-12-13 04:20:00,1.666,1.668,1.663,1.663,29416.0,2025-12-13 04:20:00
1765599900000,2025-12-13 04:25:00,1.663,1.664,1.657,1.658,36040.0,2025-12-13 04:25:00
1765600200000,2025-12-13 04:30:00,1.659,1.659,1.654,1.654,32222.0,2025-12-13 04:30:00
1765600500000,2025-12-13 04:35:00,1.655,1.661,1.654,1.659,31374.0,2025-12-13 04:35:00
1765600800000,2025-12-13 04:40:00,1.659,1.659,1.655,1.656,13210.0,2025-12-13 04:40:00
1765601100000,2025-12-13 04:45:00,1.656,1.66,1.655,1.657,14398.0,2025-12-13 04:45:00
1765601400000,2025-12-13 04:50:00,1.657,1.66,1.657,1.66,27844.0,2025-12-13 04:50:00
1765601700000,2025-12-13 04:55:00,1.66,1.663,1.659,1.661,6857.0,2025-12-13 04:55:00
1765602000000,2025-12-13 05:00:00,1.661,1.668,1.661,1.666,36657.0,2025-12-13 05:00:00
1765602300000,2025-12-13 05:05:00,1.666,1.667,1.664,1.665,14572.0,2025-12-13 05:05:00
1765602600000,2025-12-13 05:10:00,1.665,1.667,1.665,1.665,4453.0,2025-12-13 05:10:00
1765602900000,2025-12-13 05:15:00,1.665,1.667,1.663,1.663,5786.0,2025-12-13 05:15:00
1765603200000,2025-12-13 05:20:00,1.664,1.664,1.662,1.663,11973.0,2025-12-13 05:20:00
1765603500000,2025-12-13 05:25:00,1.663,1.663,1.66,1.66,12559.0,2025-12-13 05:25:00
1765603800000,2025-12-13 05:30:00,1.66,1.661,1.659,1.66,7269.0,2025-12-13 05:30:00
1765604100000,2025-12-13 05:35:00,1.659,1.662,1.657,1.659,35619.0,2025-12-13 05:35:00
1765604400000,2025-12-13 05:40:00,1.659,1.661,1.658,1.661,10196.0,2025-12-13 05:40:00
1765604700000,2025-12-13 05:45:00,1.66,1.661,1.657,1.659,23215.0,2025-12-13 05:45:00
1765605000000,2025-12-13 05:50:00,1.66,1.661,1.659,1.66,5147.0,2025-12-13 05:50:00
1765605300000,2025-12-13 05:55:00,1.66,1.663,1.66,1.661,8035.0,2025-12-13 05:55:00
1765605600000,2025-12-13 06:00:00,1.661,1.662,1.657,1.658,48226.0,2025-12-13 06:00:00
1765605900000,2025-12-13 06:05:00,1.658,1.659,1.651,1.652,24610.0,2025-12-13 06:05:00
1765606200000,2025-12-13 06:10:00,1.653,1.656,1.652,1.654,8206.0,2025-12-13 06:10:00
1765606500000,2025-12-13 06:15:00,1.655,1.655,1.651,1.652,5222.0,2025-12-13 06:15:00
1765606800000,2025-12-13 06:20:00,1.651,1.652,1.649,1.65,17574.0,2025-12-13 06:20:00
1765607100000,2025-12-13 06:25:00,1.65,1.651,1.648,1.649,11993.0,2025-12-13 06:25:00
1765607400000,2025-12-13 06:30:00,1.649,1.65,1.647,1.649,14244.0,2025-12-13 06:30:00
1765607700000,2025-12-13 06:35:00,1.649,1.65,1.641,1.645,97574.0,2025-12-13 06:35:00
1765608000000,2025-12-13 06:40:00,1.644,1.65,1.644,1.648,68485.0,2025-12-13 06:40:00
1765608300000,2025-12-13 06:45:00,1.648,1.649,1.646,1.649,46326.0,2025-12-13 06:45:00
1765608600000,2025-12-13 06:50:00,1.648,1.65,1.647,1.649,17974.0,2025-12-13 06:50:00
1765608900000,2025-12-13 06:55:00,1.649,1.651,1.648,1.651,17357.0,2025-12-13 06:55:00
1765609200000,2025-12-13 07:00:00,1.651,1.658,1.65,1.657,36496.0,2025-12-13 07:00:00
1765609500000,2025-12-13 07:05:00,1.657,1.658,1.656,1.656,8041.0,2025-12-13 07:05:00
1765609800000,2025-12-13 07:10:00,1.656,1.657,1.654,1.655,6520.0,2025-12-13 07:10:00
1765610100000,2025-12-13 07:15:00,1.655,1.658,1.653,1.656,6590.0,2025-12-13 07:15:00
1765610400000,2025-12-13 07:20:00,1.657,1.658,1.655,1.656,9028.0,2025-12-13 07:20:00
1765610700000,2025-12-13 07:25:00,1.656,1.657,1.655,1.655,11750.0,2025-12-13 07:25:00
1765611000000,2025-12-13 07:30:00,1.655,1.655,1.653,1.654,8696.0,2025-12-13 07:30:00
1765611300000,2025-12-13 07:35:00,1.654,1.655,1.65,1.65,60543.0,2025-12-13 07:35:00
1765611600000,2025-12-13 07:40:00,1.651,1.653,1.651,1.652,6281.0,2025-12-13 07:40:00
1765611900000,2025-12-13 07:45:00,1.651,1.656,1.65,1.656,37134.0,2025-12-13 07:45:00
1765612200000,2025-12-13 07:50:00,1.655,1.659,1.655,1.657,25723.0,2025-12-13 07:50:00
1765612500000,2025-12-13 07:55:00,1.657,1.659,1.657,1.658,26408.0,2025-12-13 07:55:00
1765612800000,2025-12-13 08:00:00,1.659,1.663,1.658,1.66,38261.0,2025-12-13 08:00:00
1765613100000,2025-12-13 08:05:00,1.66,1.661,1.658,1.661,13353.0,2025-12-13 08:05:00
1765613400000,2025-12-13 08:10:00,1.662,1.664,1.66,1.661,27890.0,2025-12-13 08:10:00
1765613700000,2025-12-13 08:15:00,1.662,1.667,1.66,1.666,33606.0,2025-12-13 08:15:00
1765614000000,2025-12-13 08:20:00,1.666,1.672,1.662,1.662,33211.0,2025-12-13 08:20:00
1765614300000,2025-12-13 08:25:00,1.662,1.664,1.661,1.663,35806.0,2025-12-13 08:25:00
1765614600000,2025-12-13 08:30:00,1.662,1.666,1.661,1.662,16233.0,2025-12-13 08:30:00
1765614900000,2025-12-13 08:35:00,1.662,1.662,1.66,1.66,42884.0,2025-12-13 08:35:00
1765615200000,2025-12-13 08:40:00,1.66,1.661,1.658,1.66,10919.0,2025-12-13 08:40:00
1765615500000,2025-12-13 08:45:00,1.66,1.662,1.659,1.661,7246.0,2025-12-13 08:45:00
1765615800000,2025-12-13 08:50:00,1.661,1.662,1.658,1.66,38768.0,2025-12-13 08:50:00
1765616100000,2025-12-13 08:55:00,1.66,1.66,1.656,1.656,34717.0,2025-12-13 08:55:00
1765616400000,2025-12-13 09:00:00,1.656,1.659,1.655,1.658,28828.0,2025-12-13 09:00:00
1765616700000,2025-12-13 09:05:00,1.658,1.658,1.654,1.654,11120.0,2025-12-13 09:05:00
1765617000000,2025-12-13 09:10:00,1.654,1.655,1.653,1.654,7161.0,2025-12-13 09:10:00
1765617300000,2025-12-13 09:15:00,1.654,1.655,1.652,1.654,12172.0,2025-12-13 09:15:00
1765617600000,2025-12-13 09:20:00,1.654,1.654,1.65,1.652,17333.0,2025-12-13 09:20:00
1765617900000,2025-12-13 09:25:00,1.652,1.653,1.651,1.652,13231.0,2025-12-13 09:25:00
1765618200000,2025-12-13 09:30:00,1.652,1.654,1.65,1.653,10999.0,2025-12-13 09:30:00
1765618500000,2025-12-13 09:35:00,1.653,1.658,1.653,1.657,18918.0,2025-12-13 09:35:00
1765618800000,2025-12-13 09:40:00,1.657,1.657,1.653,1.653,19544.0,2025-12-13 09:40:00
1765619100000,2025-12-13 09:45:00,1.653,1.656,1.653,1.656,5905.0,2025-12-13 09:45:00
1765619400000,2025-12-13 09:50:00,1.656,1.658,1.655,1.656,10141.0,2025-12-13 09:50:00
1765619700000,2025-12-13 09:55:00,1.655,1.657,1.652,1.653,20457.0,2025-12-13 09:55:00
1765620000000,2025-12-13 10:00:00,1.653,1.657,1.652,1.655,27102.0,2025-12-13 10:00:00
1765620300000,2025-12-13 10:05:00,1.656,1.657,1.653,1.653,4389.0,2025-12-13 10:05:00
1765620600000,2025-12-13 10:10:00,1.654,1.657,1.653,1.655,5895.0,2025-12-13 10:10:00
1765620900000,2025-12-13 10:15:00,1.656,1.66,1.654,1.658,15290.0,2025-12-13 10:15:00
1765621200000,2025-12-13 10:20:00,1.658,1.66,1.657,1.658,11702.0,2025-12-13 10:20:00
1765621500000,2025-12-13 10:25:00,1.658,1.66,1.658,1.659,6167.0,2025-12-13 10:25:00
1765621800000,2025-12-13 10:30:00,1.66,1.662,1.657,1.662,22621.0,2025-12-13 10:30:00
1765622100000,2025-12-13 10:35:00,1.661,1.663,1.659,1.661,17070.0,2025-12-13 10:35:00
1765622400000,2025-12-13 10:40:00,1.662,1.664,1.661,1.662,7554.0,2025-12-13 10:40:00
1765622700000,2025-12-13 10:45:00,1.662,1.664,1.661,1.663,14367.0,2025-12-13 10:45:00
1765623000000,2025-12-13 10:50:00,1.663,1.664,1.66,1.66,4775.0,2025-12-13 10:50:00
1765623300000,2025-12-13 10:55:00,1.661,1.663,1.66,1.662,6131.0,2025-12-13 10:55:00
1765623600000,2025-12-13 11:00:00,1.662,1.663,1.659,1.661,23021.0,2025-12-13 11:00:00
1765623900000,2025-12-13 11:05:00,1.661,1.675,1.659,1.674,171369.0,2025-12-13 11:05:00
1765624200000,2025-12-13 11:10:00,1.674,1.687,1.669,1.674,312192.0,2025-12-13 11:10:00
1765624500000,2025-12-13 11:15:00,1.674,1.676,1.672,1.673,49712.0,2025-12-13 11:15:00
1765624800000,2025-12-13 11:20:00,1.674,1.677,1.673,1.673,69738.0,2025-12-13 11:20:00
1765625100000,2025-12-13 11:25:00,1.673,1.674,1.672,1.673,5684.0,2025-12-13 11:25:00
1765625400000,2025-12-13 11:30:00,1.674,1.679,1.674,1.678,28188.0,2025-12-13 11:30:00
1765625700000,2025-12-13 11:35:00,1.678,1.679,1.675,1.677,41062.0,2025-12-13 11:35:00
1765626000000,2025-12-13 11:40:00,1.677,1.678,1.674,1.676,17121.0,2025-12-13 11:40:00
1765626300000,2025-12-13 11:45:00,1.676,1.68,1.675,1.679,34328.0,2025-12-13 11:45:00
1765626600000,2025-12-13 11:50:00,1.68,1.683,1.68,1.681,27218.0,2025-12-13 11:50:00
1765626900000,2025-12-13 11:55:00,1.681,1.683,1.678,1.68,16450.0,2025-12-13 11:55:00
1765627200000,2025-12-13 12:00:00,1.681,1.684,1.678,1.681,79199.0,2025-12-13 12:00:00
1765627500000,2025-12-13 12:05:00,1.68,1.681,1.676,1.676,29530.0,2025-12-13 12:05:00
1765627800000,2025-12-13 12:10:00,1.677,1.677,1.672,1.676,65711.0,2025-12-13 12:10:00
1765628100000,2025-12-13 12:15:00,1.676,1.677,1.673,1.675,31362.0,2025-12-13 12:15:00
1765628400000,2025-12-13 12:20:00,1.675,1.678,1.674,1.677,24761.0,2025-12-13 12:20:00
1765628700000,2025-12-13 12:25:00,1.677,1.68,1.676,1.678,6746.0,2025-12-13 12:25:00
1765629000000,2025-12-13 12:30:00,1.677,1.68,1.677,1.679,9657.0,2025-12-13 12:30:00
1765629300000,2025-12-13 12:35:00,1.68,1.681,1.678,1.678,38210.0,2025-12-13 12:35:00
1765629600000,2025-12-13 12:40:00,1.679,1.68,1.674,1.675,42617.0,2025-12-13 12:40:00
1765629900000,2025-12-13 12:45:00,1.675,1.68,1.674,1.68,21413.0,2025-12-13 12:45:00
1765630200000,2025-12-13 12:50:00,1.68,1.682,1.678,1.678,23391.0,2025-12-13 12:50:00
1765630500000,2025-12-13 12:55:00,1.678,1.687,1.678,1.682,105633.0,2025-12-13 12:55:00
1765630800000,2025-12-13 13:00:00,1.683,1.686,1.681,1.683,53711.0,2025-12-13 13:00:00
1765631100000,2025-12-13 13:05:00,1.682,1.685,1.68,1.682,29789.0,2025-12-13 13:05:00
1765631400000,2025-12-13 13:10:00,1.681,1.682,1.672,1.673,60370.0,2025-12-13 13:10:00
1765631700000,2025-12-13 13:15:00,1.672,1.676,1.669,1.673,72273.0,2025-12-13 13:15:00
1765632000000,2025-12-13 13:20:00,1.672,1.674,1.663,1.665,102411.0,2025-12-13 13:20:00
1765632300000,2025-12-13 13:25:00,1.665,1.667,1.662,1.664,33771.0,2025-12-13 13:25:00
1765632600000,2025-12-13 13:30:00,1.663,1.673,1.663,1.666,128067.0,2025-12-13 13:30:00
1765632900000,2025-12-13 13:35:00,1.666,1.669,1.656,1.659,368900.0,2025-12-13 13:35:00
1765633200000,2025-12-13 13:40:00,1.659,1.674,1.654,1.661,488131.0,2025-12-13 13:40:00
1765633500000,2025-12-13 13:45:00,1.66,1.665,1.658,1.664,59965.0,2025-12-13 13:45:00
1765633800000,2025-12-13 13:50:00,1.664,1.665,1.661,1.662,23478.0,2025-12-13 13:50:00
1765634100000,2025-12-13 13:55:00,1.662,1.664,1.66,1.661,27034.0,2025-12-13 13:55:00
1765634400000,2025-12-13 14:00:00,1.662,1.663,1.66,1.662,49487.0,2025-12-13 14:00:00
1765634700000,2025-12-13 14:05:00,1.662,1.663,1.659,1.661,31873.0,2025-12-13 14:05:00
1765635000000,2025-12-13 14:10:00,1.66,1.664,1.66,1.663,15573.0,2025-12-13 14:10:00
1765635300000,2025-12-13 14:15:00,1.663,1.664,1.66,1.661,10138.0,2025-12-13 14:15:00
1765635600000,2025-12-13 14:20:00,1.66,1.662,1.658,1.659,19214.0,2025-12-13 14:20:00
1765635900000,2025-12-13 14:25:00,1.659,1.659,1.653,1.654,39264.0,2025-12-13 14:25:00
1765636200000,2025-12-13 14:30:00,1.655,1.657,1.653,1.655,16064.0,2025-12-13 14:30:00
1765636500000,2025-12-13 14:35:00,1.655,1.658,1.652,1.658,38422.0,2025-12-13 14:35:00
1765636800000,2025-12-13 14:40:00,1.657,1.659,1.653,1.654,18367.0,2025-12-13 14:40:00
1765637100000,2025-12-13 14:45:00,1.654,1.657,1.652,1.656,12436.0,2025-12-13 14:45:00
1765637400000,2025-12-13 14:50:00,1.656,1.66,1.655,1.657,39143.0,2025-12-13 14:50:00
1765637700000,2025-12-13 14:55:00,1.657,1.672,1.656,1.659,329029.0,2025-12-13 14:55:00
1765638000000,2025-12-13 15:00:00,1.659,1.667,1.658,1.667,38784.0,2025-12-13 15:00:00
1765638300000,2025-12-13 15:05:00,1.667,1.673,1.667,1.672,30229.0,2025-12-13 15:05:00
1765638600000,2025-12-13 15:10:00,1.671,1.672,1.669,1.669,27879.0,2025-12-13 15:10:00
1765638900000,2025-12-13 15:15:00,1.669,1.672,1.669,1.67,6171.0,2025-12-13 15:15:00
1765639200000,2025-12-13 15:20:00,1.671,1.677,1.67,1.677,36973.0,2025-12-13 15:20:00
1765639500000,2025-12-13 15:25:00,1.677,1.682,1.676,1.68,38644.0,2025-12-13 15:25:00
1765639800000,2025-12-13 15:30:00,1.681,1.683,1.68,1.682,20867.0,2025-12-13 15:30:00
1765640100000,2025-12-13 15:35:00,1.682,1.684,1.681,1.683,20459.0,2025-12-13 15:35:00
1765640400000,2025-12-13 15:40:00,1.683,1.684,1.68,1.681,20117.0,2025-12-13 15:40:00
1765640700000,2025-12-13 15:45:00,1.681,1.684,1.68,1.682,26829.0,2025-12-13 15:45:00
1765641000000,2025-12-13 15:50:00,1.682,1.683,1.679,1.681,25172.0,2025-12-13 15:50:00
1765641300000,2025-12-13 15:55:00,1.682,1.687,1.681,1.687,30120.0,2025-12-13 15:55:00
1765641600000,2025-12-13 16:00:00,1.686,1.694,1.684,1.694,147087.0,2025-12-13 16:00:00
1765641900000,2025-12-13 16:05:00,1.694,1.698,1.687,1.693,64099.0,2025-12-13 16:05:00
1765642200000,2025-12-13 16:10:00,1.694,1.696,1.689,1.692,35078.0,2025-12-13 16:10:00
1765642500000,2025-12-13 16:15:00,1.691,1.694,1.688,1.69,66140.0,2025-12-13 16:15:00
1765642800000,2025-12-13 16:20:00,1.69,1.691,1.688,1.691,59155.0,2025-12-13 16:20:00
1765643100000,2025-12-13 16:25:00,1.691,1.691,1.688,1.688,12318.0,2025-12-13 16:25:00
1765643400000,2025-12-13 16:30:00,1.688,1.689,1.682,1.688,55940.0,2025-12-13 16:30:00
1765643700000,2025-12-13 16:35:00,1.687,1.696,1.687,1.693,57236.0,2025-12-13 16:35:00
1765644000000,2025-12-13 16:40:00,1.693,1.696,1.692,1.694,29097.0,2025-12-13 16:40:00
1765644300000,2025-12-13 16:45:00,1.694,1.699,1.693,1.698,14093.0,2025-12-13 16:45:00
1765644600000,2025-12-13 16:50:00,1.698,1.702,1.696,1.702,45987.0,2025-12-13 16:50:00
1765644900000,2025-12-13 16:55:00,1.702,1.704,1.698,1.698,60369.0,2025-12-13 16:55:00
1765645200000,2025-12-13 17:00:00,1.698,1.701,1.694,1.696,59574.0,2025-12-13 17:00:00
1765645500000,2025-12-13 17:05:00,1.695,1.698,1.694,1.694,59139.0,2025-12-13 17:05:00
1765645800000,2025-12-13 17:10:00,1.694,1.698,1.692,1.697,40563.0,2025-12-13 17:10:00
1765646100000,2025-12-13 17:15:00,1.697,1.699,1.693,1.694,19090.0,2025-12-13 17:15:00
1765646400000,2025-12-13 17:20:00,1.693,1.695,1.692,1.693,26151.0,2025-12-13 17:20:00
1765646700000,2025-12-13 17:25:00,1.693,1.699,1.692,1.695,96280.0,2025-12-13 17:25:00
1765647000000,2025-12-13 17:30:00,1.695,1.695,1.691,1.692,9471.0,2025-12-13 17:30:00
1765647300000,2025-12-13 17:35:00,1.691,1.696,1.691,1.696,48455.0,2025-12-13 17:35:00
1765647600000,2025-12-13 17:40:00,1.696,1.698,1.694,1.698,21212.0,2025-12-13 17:40:00
1765647900000,2025-12-13 17:45:00,1.698,1.702,1.697,1.699,26815.0,2025-12-13 17:45:00
1765648200000,2025-12-13 17:50:00,1.699,1.701,1.697,1.697,9010.0,2025-12-13 17:50:00
1765648500000,2025-12-13 17:55:00,1.698,1.699,1.694,1.694,7972.0,2025-12-13 17:55:00
1765648800000,2025-12-13 18:00:00,1.695,1.696,1.688,1.69,53347.0,2025-12-13 18:00:00
1765649100000,2025-12-13 18:05:00,1.69,1.694,1.689,1.692,8576.0,2025-12-13 18:05:00
1765649400000,2025-12-13 18:10:00,1.692,1.694,1.691,1.694,3444.0,2025-12-13 18:10:00
1765649700000,2025-12-13 18:15:00,1.694,1.695,1.691,1.693,7468.0,2025-12-13 18:15:00
1765650000000,2025-12-13 18:20:00,1.693,1.695,1.69,1.695,21603.0,2025-12-13 18:20:00
1765650300000,2025-12-13 18:25:00,1.695,1.695,1.691,1.693,7200.0,2025-12-13 18:25:00
1765650600000,2025-12-13 18:30:00,1.693,1.695,1.691,1.694,4607.0,2025-12-13 18:30:00
1765650900000,2025-12-13 18:35:00,1.694,1.696,1.693,1.695,6413.0,2025-12-13 18:35:00
1765651200000,2025-12-13 18:40:00,1.695,1.697,1.694,1.696,10025.0,2025-12-13 18:40:00
1765651500000,2025-12-13 18:45:00,1.696,1.7,1.694,1.698,33781.0,2025-12-13 18:45:00
1765651800000,2025-12-13 18:50:00,1.698,1.699,1.696,1.697,28906.0,2025-12-13 18:50:00
1765652100000,2025-12-13 18:55:00,1.698,1.698,1.694,1.696,7487.0,2025-12-13 18:55:00
1765652400000,2025-12-13 19:00:00,1.697,1.703,1.696,1.7,37459.0,2025-12-13 19:00:00
1765652700000,2025-12-13 19:05:00,1.699,1.706,1.698,1.705,87634.0,2025-12-13 19:05:00
1765653000000,2025-12-13 19:10:00,1.704,1.707,1.701,1.703,22327.0,2025-12-13 19:10:00
1765653300000,2025-12-13 19:15:00,1.703,1.706,1.702,1.706,15456.0,2025-12-13 19:15:00
1765653600000,2025-12-13 19:20:00,1.705,1.708,1.704,1.704,16816.0,2025-12-13 19:20:00
1765653900000,2025-12-13 19:25:00,1.705,1.706,1.696,1.696,16631.0,2025-12-13 19:25:00
1765654200000,2025-12-13 19:30:00,1.697,1.703,1.696,1.701,16290.0,2025-12-13 19:30:00
1765654500000,2025-12-13 19:35:00,1.701,1.701,1.697,1.698,12230.0,2025-12-13 19:35:00
1765654800000,2025-12-13 19:40:00,1.698,1.703,1.698,1.703,8515.0,2025-12-13 19:40:00
1765655100000,2025-12-13 19:45:00,1.703,1.703,1.7,1.701,9517.0,2025-12-13 19:45:00
1765655400000,2025-12-13 19:50:00,1.701,1.701,1.696,1.696,11769.0,2025-12-13 19:50:00
1765655700000,2025-12-13 19:55:00,1.696,1.697,1.694,1.695,3089.0,2025-12-13 19:55:00
1765656000000,2025-12-13 20:00:00,1.696,1.701,1.695,1.701,33433.0,2025-12-13 20:00:00
1765656300000,2025-12-13 20:05:00,1.7,1.703,1.7,1.7,9724.0,2025-12-13 20:05:00
1765656600000,2025-12-13 20:10:00,1.7,1.704,1.699,1.701,19853.0,2025-12-13 20:10:00
1765656900000,2025-12-13 20:15:00,1.7,1.703,1.7,1.7,1776.0,2025-12-13 20:15:00
1765657200000,2025-12-13 20:20:00,1.701,1.701,1.696,1.697,36867.0,2025-12-13 20:20:00
1765657500000,2025-12-13 20:25:00,1.698,1.698,1.695,1.697,5490.0,2025-12-13 20:25:00
1765657800000,2025-12-13 20:30:00,1.697,1.699,1.694,1.695,13129.0,2025-12-13 20:30:00
1765658100000,2025-12-13 20:35:00,1.695,1.699,1.695,1.699,5631.0,2025-12-13 20:35:00
1765658400000,2025-12-13 20:40:00,1.698,1.699,1.696,1.696,1977.0,2025-12-13 20:40:00
1765658700000,2025-12-13 20:45:00,1.697,1.698,1.695,1.695,13326.0,2025-12-13 20:45:00
1765659000000,2025-12-13 20:50:00,1.695,1.695,1.693,1.693,3035.0,2025-12-13 20:50:00
1765659300000,2025-12-13 20:55:00,1.693,1.693,1.688,1.692,27080.0,2025-12-13 20:55:00
1765659600000,2025-12-13 21:00:00,1.692,1.693,1.69,1.692,12234.0,2025-12-13 21:00:00
1765659900000,2025-12-13 21:05:00,1.692,1.692,1.688,1.69,17086.0,2025-12-13 21:05:00
1765660200000,2025-12-13 21:10:00,1.689,1.69,1.686,1.687,16383.0,2025-12-13 21:10:00
1765660500000,2025-12-13 21:15:00,1.687,1.688,1.684,1.686,20724.0,2025-12-13 21:15:00
1765660800000,2025-12-13 21:20:00,1.686,1.687,1.683,1.687,8163.0,2025-12-13 21:20:00
1765661100000,2025-12-13 21:25:00,1.686,1.687,1.684,1.686,16790.0,2025-12-13 21:25:00
1765661400000,2025-12-13 21:30:00,1.686,1.686,1.673,1.68,119706.0,2025-12-13 21:30:00
1765661700000,2025-12-13 21:35:00,1.679,1.682,1.679,1.68,12043.0,2025-12-13 21:35:00
1765662000000,2025-12-13 21:40:00,1.68,1.682,1.679,1.682,14526.0,2025-12-13 21:40:00
1765662300000,2025-12-13 21:45:00,1.681,1.684,1.68,1.682,7693.0,2025-12-13 21:45:00
1765662600000,2025-12-13 21:50:00,1.682,1.686,1.681,1.684,6099.0,2025-12-13 21:50:00
1765662900000,2025-12-13 21:55:00,1.684,1.692,1.684,1.692,23484.0,2025-12-13 21:55:00
1765663200000,2025-12-13 22:00:00,1.692,1.695,1.691,1.691,32417.0,2025-12-13 22:00:00
1765663500000,2025-12-13 22:05:00,1.691,1.694,1.691,1.692,6177.0,2025-12-13 22:05:00
1765663800000,2025-12-13 22:10:00,1.693,1.693,1.682,1.684,90810.0,2025-12-13 22:10:00
1765664100000,2025-12-13 22:15:00,1.684,1.689,1.684,1.687,9734.0,2025-12-13 22:15:00
1765664400000,2025-12-13 22:20:00,1.688,1.69,1.686,1.686,6823.0,2025-12-13 22:20:00
1765664700000,2025-12-13 22:25:00,1.687,1.688,1.685,1.688,6099.0,2025-12-13 22:25:00
1765665000000,2025-12-13 22:30:00,1.687,1.689,1.683,1.684,2679.0,2025-12-13 22:30:00
1765665300000,2025-12-13 22:35:00,1.685,1.688,1.684,1.686,20906.0,2025-12-13 22:35:00
1765665600000,2025-12-13 22:40:00,1.686,1.688,1.684,1.688,8370.0,2025-12-13 22:40:00
1765665900000,2025-12-13 22:45:00,1.687,1.688,1.685,1.686,6894.0,2025-12-13 22:45:00
1765666200000,2025-12-13 22:50:00,1.686,1.687,1.685,1.686,1655.0,2025-12-13 22:50:00
1765666500000,2025-12-13 22:55:00,1.687,1.688,1.683,1.688,7841.0,2025-12-13 22:55:00
1765666800000,2025-12-13 23:00:00,1.688,1.691,1.684,1.686,15553.0,2025-12-13 23:00:00
1765667100000,2025-12-13 23:05:00,1.687,1.69,1.686,1.688,8059.0,2025-12-13 23:05:00
1765667400000,2025-12-13 23:10:00,1.688,1.69,1.687,1.689,8587.0,2025-12-13 23:10:00
1765667700000,2025-12-13 23:15:00,1.689,1.691,1.688,1.69,10837.0,2025-12-13 23:15:00
1765668000000,2025-12-13 23:20:00,1.691,1.698,1.69,1.696,25378.0,2025-12-13 23:20:00
1765668300000,2025-12-13 23:25:00,1.696,1.699,1.696,1.697,4744.0,2025-12-13 23:25:00
1765668600000,2025-12-13 23:30:00,1.698,1.701,1.697,1.699,12323.0,2025-12-13 23:30:00
1765668900000,2025-12-13 23:35:00,1.699,1.702,1.698,1.701,19926.0,2025-12-13 23:35:00
1765669200000,2025-12-13 23:40:00,1.702,1.703,1.697,1.698,20930.0,2025-12-13 23:40:00
1765669500000,2025-12-13 23:45:00,1.698,1.699,1.696,1.697,7169.0,2025-12-13 23:45:00
1765669800000,2025-12-13 23:50:00,1.698,1.7,1.697,1.698,8498.0,2025-12-13 23:50:00
1765670100000,2025-12-13 23:55:00,1.697,1.699,1.695,1.697,22780.0,2025-12-13 23:55:00
1765670400000,2025-12-14 00:00:00,1.697,1.7,1.688,1.69,73501.0,2025-12-14 00:00:00
1765670700000,2025-12-14 00:05:00,1.69,1.691,1.687,1.687,10130.0,2025-12-14 00:05:00
1765671000000,2025-12-14 00:10:00,1.688,1.691,1.687,1.691,15752.0,2025-12-14 00:10:00
1765671300000,2025-12-14 00:15:00,1.691,1.692,1.688,1.69,15337.0,2025-12-14 00:15:00
1765671600000,2025-12-14 00:20:00,1.69,1.69,1.683,1.685,15486.0,2025-12-14 00:20:00
1765671900000,2025-12-14 00:25:00,1.685,1.687,1.684,1.685,38642.0,2025-12-14 00:25:00
1765672200000,2025-12-14 00:30:00,1.686,1.687,1.682,1.686,20031.0,2025-12-14 00:30:00
1765672500000,2025-12-14 00:35:00,1.686,1.689,1.686,1.686,35375.0,2025-12-14 00:35:00
1765672800000,2025-12-14 00:40:00,1.686,1.687,1.682,1.686,48481.0,2025-12-14 00:40:00
1765673100000,2025-12-14 00:45:00,1.686,1.688,1.683,1.683,25049.0,2025-12-14 00:45:00
1765673400000,2025-12-14 00:50:00,1.684,1.685,1.682,1.683,3266.0,2025-12-14 00:50:00
1765673700000,2025-12-14 00:55:00,1.683,1.687,1.683,1.686,5214.0,2025-12-14 00:55:00
1765674000000,2025-12-14 01:00:00,1.687,1.69,1.686,1.687,12105.0,2025-12-14 01:00:00
1765674300000,2025-12-14 01:05:00,1.687,1.688,1.687,1.688,4987.0,2025-12-14 01:05:00
1765674600000,2025-12-14 01:10:00,1.688,1.689,1.686,1.686,23085.0,2025-12-14 01:10:00
1765674900000,2025-12-14 01:15:00,1.686,1.689,1.685,1.688,19837.0,2025-12-14 01:15:00
1765675200000,2025-12-14 01:20:00,1.688,1.688,1.684,1.684,8337.0,2025-12-14 01:20:00
1765675500000,2025-12-14 01:25:00,1.684,1.689,1.684,1.686,18784.0,2025-12-14 01:25:00
1765675800000,2025-12-14 01:30:00,1.687,1.688,1.682,1.683,22745.0,2025-12-14 01:30:00
1765676100000,2025-12-14 01:35:00,1.683,1.684,1.679,1.683,23147.0,2025-12-14 01:35:00
1765676400000,2025-12-14 01:40:00,1.684,1.686,1.682,1.685,11144.0,2025-12-14 01:40:00
1765676700000,2025-12-14 01:45:00,1.686,1.687,1.684,1.684,7647.0,2025-12-14 01:45:00
1765677000000,2025-12-14 01:50:00,1.685,1.685,1.683,1.683,10495.0,2025-12-14 01:50:00
1765677300000,2025-12-14 01:55:00,1.684,1.685,1.683,1.683,8000.0,2025-12-14 01:55:00
1765677600000,2025-12-14 02:00:00,1.684,1.689,1.683,1.687,10114.0,2025-12-14 02:00:00
1765677900000,2025-12-14 02:05:00,1.687,1.687,1.684,1.684,11508.0,2025-12-14 02:05:00
1765678200000,2025-12-14 02:10:00,1.685,1.686,1.683,1.684,20022.0,2025-12-14 02:10:00
1765678500000,2025-12-14 02:15:00,1.684,1.685,1.682,1.683,14661.0,2025-12-14 02:15:00
1765678800000,2025-12-14 02:20:00,1.684,1.686,1.682,1.684,9692.0,2025-12-14 02:20:00
1765679100000,2025-12-14 02:25:00,1.685,1.689,1.684,1.688,8600.0,2025-12-14 02:25:00
1765679400000,2025-12-14 02:30:00,1.688,1.69,1.687,1.689,18124.0,2025-12-14 02:30:00
1765679700000,2025-12-14 02:35:00,1.69,1.69,1.683,1.686,24501.0,2025-12-14 02:35:00
1765680000000,2025-12-14 02:40:00,1.687,1.689,1.685,1.685,11180.0,2025-12-14 02:40:00
1765680300000,2025-12-14 02:45:00,1.685,1.691,1.684,1.69,6884.0,2025-12-14 02:45:00
1765680600000,2025-12-14 02:50:00,1.691,1.692,1.687,1.688,10442.0,2025-12-14 02:50:00
1765680900000,2025-12-14 02:55:00,1.688,1.692,1.687,1.692,5249.0,2025-12-14 02:55:00
1765681200000,2025-12-14 03:00:00,1.693,1.693,1.688,1.693,11398.0,2025-12-14 03:00:00
1765681500000,2025-12-14 03:05:00,1.692,1.694,1.691,1.691,13078.0,2025-12-14 03:05:00
1765681800000,2025-12-14 03:10:00,1.691,1.692,1.686,1.686,47335.0,2025-12-14 03:10:00
1765682100000,2025-12-14 03:15:00,1.686,1.688,1.682,1.687,31366.0,2025-12-14 03:15:00
1765682400000,2025-12-14 03:20:00,1.686,1.688,1.685,1.687,10824.0,2025-12-14 03:20:00
1765682700000,2025-12-14 03:25:00,1.688,1.688,1.686,1.687,5333.0,2025-12-14 03:25:00
1765683000000,2025-12-14 03:30:00,1.687,1.687,1.682,1.683,9800.0,2025-12-14 03:30:00
1765683300000,2025-12-14 03:35:00,1.682,1.686,1.682,1.684,14398.0,2025-12-14 03:35:00
1765683600000,2025-12-14 03:40:00,1.685,1.686,1.683,1.686,14252.0,2025-12-14 03:40:00
1765683900000,2025-12-14 03:45:00,1.687,1.688,1.686,1.687,2790.0,2025-12-14 03:45:00
1765684200000,2025-12-14 03:50:00,1.688,1.688,1.684,1.685,7071.0,2025-12-14 03:50:00
1765684500000,2025-12-14 03:55:00,1.685,1.687,1.685,1.686,1860.0,2025-12-14 03:55:00
1765684800000,2025-12-14 04:00:00,1.687,1.687,1.685,1.685,21372.0,2025-12-14 04:00:00
1765685100000,2025-12-14 04:05:00,1.685,1.688,1.685,1.686,4883.0,2025-12-14 04:05:00
1765685400000,2025-12-14 04:10:00,1.685,1.687,1.684,1.686,3853.0,2025-12-14 04:10:00
1765685700000,2025-12-14 04:15:00,1.686,1.687,1.684,1.685,18088.0,2025-12-14 04:15:00
1765686000000,2025-12-14 04:20:00,1.686,1.686,1.683,1.683,3526.0,2025-12-14 04:20:00
1765686300000,2025-12-14 04:25:00,1.683,1.684,1.679,1.68,9690.0,2025-12-14 04:25:00
1765686600000,2025-12-14 04:30:00,1.681,1.684,1.68,1.684,7672.0,2025-12-14 04:30:00
1765686900000,2025-12-14 04:35:00,1.684,1.684,1.681,1.682,7908.0,2025-12-14 04:35:00
1765687200000,2025-12-14 04:40:00,1.682,1.682,1.678,1.68,5584.0,2025-12-14 04:40:00
1765687500000,2025-12-14 04:45:00,1.68,1.683,1.678,1.681,4718.0,2025-12-14 04:45:00
1765687800000,2025-12-14 04:50:00,1.682,1.682,1.68,1.681,7693.0,2025-12-14 04:50:00
1765688100000,2025-12-14 04:55:00,1.681,1.682,1.68,1.681,2660.0,2025-12-14 04:55:00
1765688400000,2025-12-14 05:00:00,1.681,1.684,1.679,1.684,11006.0,2025-12-14 05:00:00
1765688700000,2025-12-14 05:05:00,1.684,1.685,1.676,1.678,28397.0,2025-12-14 05:05:00
1765689000000,2025-12-14 05:10:00,1.677,1.678,1.673,1.674,13462.0,2025-12-14 05:10:00
1765689300000,2025-12-14 05:15:00,1.674,1.674,1.668,1.67,73943.0,2025-12-14 05:15:00
1765689600000,2025-12-14 05:20:00,1.671,1.672,1.667,1.67,22521.0,2025-12-14 05:20:00
1765689900000,2025-12-14 05:25:00,1.669,1.67,1.662,1.665,81590.0,2025-12-14 05:25:00
1765690200000,2025-12-14 05:30:00,1.664,1.666,1.663,1.665,16511.0,2025-12-14 05:30:00
1765690500000,2025-12-14 05:35:00,1.665,1.669,1.664,1.668,16315.0,2025-12-14 05:35:00
1765690800000,2025-12-14 05:40:00,1.667,1.671,1.667,1.67,8374.0,2025-12-14 05:40:00
1765691100000,2025-12-14 05:45:00,1.67,1.671,1.668,1.668,6557.0,2025-12-14 05:45:00
1765691400000,2025-12-14 05:50:00,1.669,1.67,1.666,1.667,7063.0,2025-12-14 05:50:00
1765691700000,2025-12-14 05:55:00,1.667,1.671,1.667,1.671,5308.0,2025-12-14 05:55:00
1765692000000,2025-12-14 06:00:00,1.67,1.671,1.663,1.664,39503.0,2025-12-14 06:00:00
1765692300000,2025-12-14 06:05:00,1.665,1.666,1.663,1.665,46432.0,2025-12-14 06:05:00
1765692600000,2025-12-14 06:10:00,1.665,1.67,1.665,1.67,12999.0,2025-12-14 06:10:00
1765692900000,2025-12-14 06:15:00,1.67,1.672,1.669,1.67,15987.0,2025-12-14 06:15:00
1765693200000,2025-12-14 06:20:00,1.669,1.67,1.665,1.666,15339.0,2025-12-14 06:20:00
1765693500000,2025-12-14 06:25:00,1.666,1.668,1.665,1.666,14157.0,2025-12-14 06:25:00
1765693800000,2025-12-14 06:30:00,1.667,1.667,1.664,1.666,7407.0,2025-12-14 06:30:00
1765694100000,2025-12-14 06:35:00,1.667,1.668,1.665,1.668,14208.0,2025-12-14 06:35:00
1765694400000,2025-12-14 06:40:00,1.668,1.67,1.665,1.669,17961.0,2025-12-14 06:40:00
1765694700000,2025-12-14 06:45:00,1.668,1.669,1.666,1.668,6945.0,2025-12-14 06:45:00
1765695000000,2025-12-14 06:50:00,1.667,1.668,1.666,1.668,15146.0,2025-12-14 06:50:00
1765695300000,2025-12-14 06:55:00,1.668,1.669,1.666,1.669,7796.0,2025-12-14 06:55:00
1765695600000,2025-12-14 07:00:00,1.669,1.674,1.668,1.674,10685.0,2025-12-14 07:00:00
1765695900000,2025-12-14 07:05:00,1.674,1.674,1.67,1.671,6972.0,2025-12-14 07:05:00
1765696200000,2025-12-14 07:10:00,1.67,1.675,1.67,1.673,5105.0,2025-12-14 07:10:00
1765696500000,2025-12-14 07:15:00,1.673,1.678,1.673,1.677,9195.0,2025-12-14 07:15:00
1765696800000,2025-12-14 07:20:00,1.677,1.677,1.675,1.675,9738.0,2025-12-14 07:20:00
1765697100000,2025-12-14 07:25:00,1.675,1.679,1.675,1.676,17185.0,2025-12-14 07:25:00
1765697400000,2025-12-14 07:30:00,1.677,1.678,1.672,1.672,16497.0,2025-12-14 07:30:00
1765697700000,2025-12-14 07:35:00,1.673,1.676,1.672,1.674,17591.0,2025-12-14 07:35:00
1765698000000,2025-12-14 07:40:00,1.675,1.675,1.673,1.675,4190.0,2025-12-14 07:40:00
1765698300000,2025-12-14 07:45:00,1.675,1.678,1.674,1.678,17499.0,2025-12-14 07:45:00
1765698600000,2025-12-14 07:50:00,1.678,1.678,1.672,1.672,10307.0,2025-12-14 07:50:00
1765698900000,2025-12-14 07:55:00,1.672,1.677,1.672,1.675,3907.0,2025-12-14 07:55:00
1765699200000,2025-12-14 08:00:00,1.675,1.676,1.675,1.676,3561.0,2025-12-14 08:00:00
