timestamp,datetime,open,high,low,close,volume,created_at
1765267500000,2025-12-09 08:05:00,573.4,573.5,572.7,572.7,5223.7,2025-12-09 08:05:00
1765267800000,2025-12-09 08:10:00,572.7,573.3,572.6,573.0,1973.9,2025-12-09 08:10:00
1765268100000,2025-12-09 08:15:00,573.0,573.4,572.9,573.3,2216.9,2025-12-09 08:15:00
1765268400000,2025-12-09 08:20:00,573.2,574.1,572.7,573.9,4528.1,2025-12-09 08:20:00
1765268700000,2025-12-09 08:25:00,573.9,574.4,573.6,574.3,1551.9,2025-12-09 08:25:00
1765269000000,2025-12-09 08:30:00,574.2,574.3,573.6,574.0,2089.2,2025-12-09 08:30:00
1765269300000,2025-12-09 08:35:00,574.0,574.1,573.6,573.9,1718.3,2025-12-09 08:35:00
1765269600000,2025-12-09 08:40:00,573.9,574.1,573.3,573.3,1087.5,2025-12-09 08:40:00
1765269900000,2025-12-09 08:45:00,573.3,574.3,573.2,573.7,1804.7,2025-12-09 08:45:00
1765270200000,2025-12-09 08:50:00,573.7,574.1,572.5,573.1,3057.5,2025-12-09 08:50:00
1765270500000,2025-12-09 08:55:00,573.1,573.2,572.5,572.5,677.4,2025-12-09 08:55:00
1765270800000,2025-12-09 09:00:00,572.5,572.7,571.8,572.2,3233.6,2025-12-09 09:00:00
1765271100000,2025-12-09 09:05:00,572.2,572.3,571.6,571.9,2973.4,2025-12-09 09:05:00
1765271400000,2025-12-09 09:10:00,571.9,572.3,571.6,571.9,1099.0,2025-12-09 09:10:00
1765271700000,2025-12-09 09:15:00,571.9,572.5,571.9,572.0,508.4,2025-12-09 09:15:00
1765272000000,2025-12-09 09:20:00,572.0,572.6,572.0,572.2,452.8,2025-12-09 09:20:00
1765272300000,2025-12-09 09:25:00,572.2,572.3,571.7,571.8,1160.3,2025-12-09 09:25:00
1765272600000,2025-12-09 09:30:00,571.7,571.9,569.8,570.5,14942.8,2025-12-09 09:30:00
1765272900000,2025-12-09 09:35:00,570.6,570.9,570.3,570.5,2288.1,2025-12-09 09:35:00
1765273200000,2025-12-09 09:40:00,570.6,570.7,570.0,570.3,3449.0,2025-12-09 09:40:00
1765273500000,2025-12-09 09:45:00,570.3,570.9,570.3,570.5,1664.7,2025-12-09 09:45:00
1765273800000,2025-12-09 09:50:00,570.6,571.8,570.5,571.6,3845.7,2025-12-09 09:50:00
1765274100000,2025-12-09 09:55:00,571.6,571.7,571.5,571.6,983.4,2025-12-09 09:55:00
1765274400000,2025-12-09 10:00:00,571.7,572.0,571.1,571.1,2347.0,2025-12-09 10:00:00
1765274700000,2025-12-09 10:05:00,571.1,571.2,570.5,570.6,2566.5,2025-12-09 10:05:00
1765275000000,2025-12-09 10:10:00,570.7,571.6,570.7,571.4,2504.6,2025-12-09 10:10:00
1765275300000,2025-12-09 10:15:00,571.4,571.6,571.2,571.3,709.2,2025-12-09 10:15:00
1765275600000,2025-12-09 10:20:00,571.3,572.9,571.1,572.9,3486.2,2025-12-09 10:20:00
1765275900000,2025-12-09 10:25:00,572.8,572.9,571.9,572.6,2725.3,2025-12-09 10:25:00
1765276200000,2025-12-09 10:30:00,572.6,574.2,572.6,573.7,2371.8,2025-12-09 10:30:00
1765276500000,2025-12-09 10:35:00,573.7,574.7,572.8,573.1,8989.2,2025-12-09 10:35:00
1765276800000,2025-12-09 10:40:00,573.1,574.2,572.6,574.0,3627.8,2025-12-09 10:40:00
1765277100000,2025-12-09 10:45:00,574.1,574.4,573.7,574.3,2422.2,2025-12-09 10:45:00
1765277400000,2025-12-09 10:50:00,574.4,574.7,574.0,574.5,1887.9,2025-12-09 10:50:00
1765277700000,2025-12-09 10:55:00,574.5,574.7,574.3,574.4,1092.4,2025-12-09 10:55:00
1765278000000,2025-12-09 11:00:00,574.5,574.5,573.8,573.9,3416.1,2025-12-09 11:00:00
1765278300000,2025-12-09 11:05:00,574.0,574.0,573.0,573.4,2139.4,2025-12-09 11:05:00
1765278600000,2025-12-09 11:10:00,573.5,573.9,572.9,573.8,1625.4,2025-12-09 11:10:00
1765278900000,2025-12-09 11:15:00,573.8,574.2,573.3,573.5,2733.0,2025-12-09 11:15:00
1765279200000,2025-12-09 11:20:00,573.5,573.5,572.2,572.7,4070.5,2025-12-09 11:20:00
1765279500000,2025-12-09 11:25:00,572.7,572.7,571.8,572.0,5628.4,2025-12-09 11:25:00
1765279800000,2025-12-09 11:30:00,572.0,572.6,572.0,572.3,1268.5,2025-12-09 11:30:00
1765280100000,2025-12-09 11:35:00,572.2,572.8,572.2,572.4,1283.6,2025-12-09 11:35:00
1765280400000,2025-12-09 11:40:00,572.4,572.5,572.1,572.3,202.7,2025-12-09 11:40:00
1765280700000,2025-12-09 11:45:00,572.3,573.0,572.3,572.6,1135.6,2025-12-09 11:45:00
1765281000000,2025-12-09 11:50:00,572.6,572.9,572.4,572.9,773.2,2025-12-09 11:50:00
1765281300000,2025-12-09 11:55:00,572.9,572.9,572.1,572.3,754.4,2025-12-09 11:55:00
1765281600000,2025-12-09 12:00:00,572.4,573.9,571.9,573.5,2949.1,2025-12-09 12:00:00
1765281900000,2025-12-09 12:05:00,573.5,573.6,573.2,573.6,1145.7,2025-12-09 12:05:00
1765282200000,2025-12-09 12:10:00,573.5,573.6,572.5,572.7,1034.7,2025-12-09 12:10:00
1765282500000,2025-12-09 12:15:00,572.7,574.7,572.7,574.5,5303.7,2025-12-09 12:15:00
1765282800000,2025-12-09 12:20:00,574.5,575.0,574.0,574.4,6514.1,2025-12-09 12:20:00
1765283100000,2025-12-09 12:25:00,574.5,574.5,573.8,574.3,4372.0,2025-12-09 12:25:00
1765283400000,2025-12-09 12:30:00,574.4,574.6,574.0,574.6,1729.0,2025-12-09 12:30:00
1765283700000,2025-12-09 12:35:00,574.7,574.8,574.3,574.4,3960.1,2025-12-09 12:35:00
1765284000000,2025-12-09 12:40:00,574.5,574.9,574.1,574.9,2467.7,2025-12-09 12:40:00
1765284300000,2025-12-09 12:45:00,574.9,575.3,574.1,575.3,3755.6,2025-12-09 12:45:00
1765284600000,2025-12-09 12:50:00,575.3,580.8,574.9,580.4,38891.5,2025-12-09 12:50:00
1765284900000,2025-12-09 12:55:00,580.5,581.5,579.8,580.0,18800.1,2025-12-09 12:55:00
1765285200000,2025-12-09 13:00:00,580.1,580.5,578.6,578.8,5672.2,2025-12-09 13:00:00
1765285500000,2025-12-09 13:05:00,578.8,580.9,578.7,579.9,4465.6,2025-12-09 13:05:00
1765285800000,2025-12-09 13:10:00,579.9,585.9,579.7,584.7,46821.0,2025-12-09 13:10:00
1765286100000,2025-12-09 13:15:00,584.6,588.0,583.6,586.2,49813.1,2025-12-09 13:15:00
1765286400000,2025-12-09 13:20:00,586.2,586.5,583.9,584.1,10300.5,2025-12-09 13:20:00
1765286700000,2025-12-09 13:25:00,584.1,584.2,583.4,583.4,6900.8,2025-12-09 13:25:00
1765287000000,2025-12-09 13:30:00,583.5,584.1,581.6,581.7,10070.4,2025-12-09 13:30:00
1765287300000,2025-12-09 13:35:00,581.8,581.8,580.2,580.5,13183.5,2025-12-09 13:35:00
1765287600000,2025-12-09 13:40:00,580.5,581.4,580.0,581.2,5338.3,2025-12-09 13:40:00
1765287900000,2025-12-09 13:45:00,581.3,581.6,580.6,580.9,3926.1,2025-12-09 13:45:00
1765288200000,2025-12-09 13:50:00,580.9,581.7,580.7,580.8,2172.8,2025-12-09 13:50:00
1765288500000,2025-12-09 13:55:00,580.9,581.7,580.8,581.6,1446.9,2025-12-09 13:55:00
1765288800000,2025-12-09 14:00:00,581.7,582.7,581.0,581.5,3749.1,2025-12-09 14:00:00
1765289100000,2025-12-09 14:05:00,581.6,581.8,580.3,580.5,3130.4,2025-12-09 14:05:00
1765289400000,2025-12-09 14:10:00,580.5,581.4,580.3,580.5,4090.2,2025-12-09 14:10:00
1765289700000,2025-12-09 14:15:00,580.5,580.5,579.3,579.3,3560.4,2025-12-09 14:15:00
1765290000000,2025-12-09 14:20:00,579.4,580.4,579.3,580.2,2057.0,2025-12-09 14:20:00
1765290300000,2025-12-09 14:25:00,580.2,580.2,579.0,579.9,6516.3,2025-12-09 14:25:00
1765290600000,2025-12-09 14:30:00,580.0,581.1,579.0,580.7,3135.8,2025-12-09 14:30:00
1765290900000,2025-12-09 14:35:00,580.6,581.9,580.5,581.0,6721.0,2025-12-09 14:35:00
1765291200000,2025-12-09 14:40:00,581.0,581.0,579.8,579.9,6191.4,2025-12-09 14:40:00
1765291500000,2025-12-09 14:45:00,579.9,580.0,579.4,579.6,2207.6,2025-12-09 14:45:00
1765291800000,2025-12-09 14:50:00,579.7,580.4,579.3,580.2,1412.9,2025-12-09 14:50:00
1765292100000,2025-12-09 14:55:00,580.2,580.3,579.1,579.3,1066.4,2025-12-09 14:55:00
1765292400000,2025-12-09 15:00:00,579.4,584.5,579.2,582.4,19431.7,2025-12-09 15:00:00
1765292700000,2025-12-09 15:05:00,582.3,585.6,582.3,583.2,11174.0,2025-12-09 15:05:00
1765293000000,2025-12-09 15:10:00,583.1,583.1,580.9,580.9,4050.9,2025-12-09 15:10:00
1765293300000,2025-12-09 15:15:00,580.9,582.0,580.3,581.5,4752.3,2025-12-09 15:15:00
1765293600000,2025-12-09 15:20:00,581.5,582.7,581.4,581.6,9876.1,2025-12-09 15:20:00
1765293900000,2025-12-09 15:25:00,581.6,584.2,581.1,583.0,12454.9,2025-12-09 15:25:00
1765294200000,2025-12-09 15:30:00,582.9,584.2,581.7,581.7,16544.7,2025-12-09 15:30:00
1765294500000,2025-12-09 15:35:00,581.7,583.9,581.4,583.1,7654.6,2025-12-09 15:35:00
1765294800000,2025-12-09 15:40:00,583.0,585.5,582.4,585.2,11157.5,2025-12-09 15:40:00
1765295100000,2025-12-09 15:45:00,585.2,585.5,582.6,583.6,18383.3,2025-12-09 15:45:00
1765295400000,2025-12-09 15:50:00,583.6,588.3,583.6,584.1,35573.2,2025-12-09 15:50:00
1765295700000,2025-12-09 15:55:00,584.1,586.3,583.4,585.9,18224.9,2025-12-09 15:55:00
1765296000000,2025-12-09 16:00:00,585.8,591.1,585.8,586.8,37345.2,2025-12-09 16:00:00
1765296300000,2025-12-09 16:05:00,586.8,588.6,586.5,587.6,15911.6,2025-12-09 16:05:00
1765296600000,2025-12-09 16:10:00,587.6,589.9,587.5,589.5,14506.4,2025-12-09 16:10:00
1765296900000,2025-12-09 16:15:00,589.6,590.2,586.2,586.4,15012.6,2025-12-09 16:15:00
1765297200000,2025-12-09 16:20:00,586.4,587.8,585.6,587.8,19856.6,2025-12-09 16:20:00
1765297500000,2025-12-09 16:25:00,587.8,589.7,587.7,587.9,11111.2,2025-12-09 16:25:00
1765297800000,2025-12-09 16:30:00,588.0,591.0,587.3,589.8,14456.3,2025-12-09 16:30:00
1765298100000,2025-12-09 16:35:00,589.9,590.7,589.1,589.2,21185.2,2025-12-09 16:35:00
1765298400000,2025-12-09 16:40:00,589.1,590.0,588.5,589.6,19152.1,2025-12-09 16:40:00
1765298700000,2025-12-09 16:45:00,589.7,589.7,587.9,589.3,10529.9,2025-12-09 16:45:00
1765299000000,2025-12-09 16:50:00,589.4,590.0,588.3,589.4,9418.4,2025-12-09 16:50:00
1765299300000,2025-12-09 16:55:00,589.4,589.6,588.2,588.9,5067.4,2025-12-09 16:55:00
1765299600000,2025-12-09 17:00:00,588.9,590.5,587.6,590.1,14681.3,2025-12-09 17:00:00
1765299900000,2025-12-09 17:05:00,590.1,590.9,588.4,588.7,7377.2,2025-12-09 17:05:00
1765300200000,2025-12-09 17:10:00,588.6,588.7,586.9,587.4,17470.0,2025-12-09 17:10:00
1765300500000,2025-12-09 17:15:00,587.4,588.2,586.1,586.7,9240.9,2025-12-09 17:15:00
1765300800000,2025-12-09 17:20:00,586.6,587.7,585.1,586.2,12467.5,2025-12-09 17:20:00
1765301100000,2025-12-09 17:25:00,586.2,587.6,585.7,587.2,11721.6,2025-12-09 17:25:00
1765301400000,2025-12-09 17:30:00,587.1,587.3,581.5,581.6,29268.1,2025-12-09 17:30:00
1765301700000,2025-12-09 17:35:00,581.7,583.1,581.5,582.5,5594.0,2025-12-09 17:35:00
1765302000000,2025-12-09 17:40:00,582.6,583.7,582.5,583.1,3022.7,2025-12-09 17:40:00
1765302300000,2025-12-09 17:45:00,583.1,583.9,582.9,583.3,2710.1,2025-12-09 17:45:00
1765302600000,2025-12-09 17:50:00,583.2,583.3,581.7,582.3,2926.7,2025-12-09 17:50:00
1765302900000,2025-12-09 17:55:00,582.4,582.4,580.7,581.4,6558.8,2025-12-09 17:55:00
1765303200000,2025-12-09 18:00:00,581.4,581.6,580.5,580.5,3016.9,2025-12-09 18:00:00
1765303500000,2025-12-09 18:05:00,580.5,580.9,579.6,579.9,8947.8,2025-12-09 18:05:00
1765303800000,2025-12-09 18:10:00,579.9,581.4,579.9,581.4,3158.7,2025-12-09 18:10:00
1765304100000,2025-12-09 18:15:00,581.4,581.6,580.2,581.1,4688.3,2025-12-09 18:15:00
1765304400000,2025-12-09 18:20:00,581.1,581.5,580.5,580.8,4361.2,2025-12-09 18:20:00
1765304700000,2025-12-09 18:25:00,580.8,582.0,580.8,581.9,5905.0,2025-12-09 18:25:00
1765305000000,2025-12-09 18:30:00,581.9,582.4,581.3,581.6,6510.7,2025-12-09 18:30:00
1765305300000,2025-12-09 18:35:00,581.6,581.7,580.5,580.9,3438.8,2025-12-09 18:35:00
1765305600000,2025-12-09 18:40:00,581.0,581.2,579.6,579.6,3304.0,2025-12-09 18:40:00
1765305900000,2025-12-09 18:45:00,579.7,581.2,579.6,581.1,3376.0,2025-12-09 18:45:00
1765306200000,2025-12-09 18:50:00,581.1,581.5,580.6,581.3,2002.6,2025-12-09 18:50:00
1765306500000,2025-12-09 18:55:00,581.3,581.4,580.0,580.1,1646.0,2025-12-09 18:55:00
1765306800000,2025-12-09 19:00:00,580.2,580.3,579.3,579.4,6251.7,2025-12-09 19:00:00
1765307100000,2025-12-09 19:05:00,579.3,581.0,579.3,580.8,8049.3,2025-12-09 19:05:00
1765307400000,2025-12-09 19:10:00,580.8,581.1,580.3,580.3,1841.7,2025-12-09 19:10:00
1765307700000,2025-12-09 19:15:00,580.3,581.3,580.1,581.1,1395.2,2025-12-09 19:15:00
1765308000000,2025-12-09 19:20:00,581.1,582.0,580.9,581.3,3062.4,2025-12-09 19:20:00
1765308300000,2025-12-09 19:25:00,581.3,582.8,581.3,582.7,1540.4,2025-12-09 19:25:00
1765308600000,2025-12-09 19:30:00,582.7,583.0,582.5,582.9,2968.2,2025-12-09 19:30:00
1765308900000,2025-12-09 19:35:00,582.9,583.4,582.9,583.2,2311.4,2025-12-09 19:35:00
1765309200000,2025-12-09 19:40:00,583.3,584.1,582.3,582.5,9454.0,2025-12-09 19:40:00
1765309500000,2025-12-09 19:45:00,582.5,583.9,582.5,583.5,2382.6,2025-12-09 19:45:00
1765309800000,2025-12-09 19:50:00,583.5,584.0,583.0,583.1,5338.0,2025-12-09 19:50:00
1765310100000,2025-12-09 19:55:00,583.1,584.1,582.7,583.9,6465.1,2025-12-09 19:55:00
1765310400000,2025-12-09 20:00:00,583.9,583.9,582.1,582.1,1638.0,2025-12-09 20:00:00
1765310700000,2025-12-09 20:05:00,582.1,584.2,582.1,583.6,3969.7,2025-12-09 20:05:00
1765311000000,2025-12-09 20:10:00,583.6,583.8,583.3,583.6,1626.6,2025-12-09 20:10:00
1765311300000,2025-12-09 20:15:00,583.7,584.1,582.1,582.9,1624.3,2025-12-09 20:15:00
1765311600000,2025-12-09 20:20:00,582.9,583.1,581.8,581.8,5545.7,2025-12-09 20:20:00
1765311900000,2025-12-09 20:25:00,581.9,582.4,580.8,582.1,4179.7,2025-12-09 20:25:00
1765312200000,2025-12-09 20:30:00,582.2,582.4,580.9,581.1,3007.4,2025-12-09 20:30:00
1765312500000,2025-12-09 20:35:00,581.2,583.1,581.1,582.4,3138.0,2025-12-09 20:35:00
1765312800000,2025-12-09 20:40:00,582.4,582.6,580.6,580.9,11695.4,2025-12-09 20:40:00
1765313100000,2025-12-09 20:45:00,580.9,581.7,580.8,581.1,1928.2,2025-12-09 20:45:00
1765313400000,2025-12-09 20:50:00,581.2,581.5,580.7,581.1,1050.2,2025-12-09 20:50:00
1765313700000,2025-12-09 20:55:00,581.1,581.3,580.3,580.5,2447.9,2025-12-09 20:55:00
1765314000000,2025-12-09 21:00:00,580.5,581.4,580.3,581.0,2899.2,2025-12-09 21:00:00
1765314300000,2025-12-09 21:05:00,581.1,581.7,580.9,580.9,1112.9,2025-12-09 21:05:00
1765314600000,2025-12-09 21:10:00,581.0,581.4,580.5,580.8,2057.0,2025-12-09 21:10:00
1765314900000,2025-12-09 21:15:00,580.8,581.8,580.4,580.4,831.4,2025-12-09 21:15:00
1765315200000,2025-12-09 21:20:00,580.4,581.1,580.2,581.1,5237.0,2025-12-09 21:20:00
1765315500000,2025-12-09 21:25:00,581.2,581.3,580.2,580.2,2727.1,2025-12-09 21:25:00
1765315800000,2025-12-09 21:30:00,580.3,580.4,579.2,579.7,4078.7,2025-12-09 21:30:00
1765316100000,2025-12-09 21:35:00,579.7,579.8,579.4,579.7,648.9,2025-12-09 21:35:00
1765316400000,2025-12-09 21:40:00,579.6,579.9,578.8,578.9,1990.5,2025-12-09 21:40:00
1765316700000,2025-12-09 21:45:00,578.8,579.1,578.2,578.6,11336.3,2025-12-09 21:45:00
1765317000000,2025-12-09 21:50:00,578.6,578.7,573.6,574.6,24320.9,2025-12-09 21:50:00
1765317300000,2025-12-09 21:55:00,574.5,578.2,573.9,578.0,7951.6,2025-12-09 21:55:00
1765317600000,2025-12-09 22:00:00,578.0,578.5,577.0,577.2,3291.5,2025-12-09 22:00:00
1765317900000,2025-12-09 22:05:00,577.2,578.3,576.8,578.1,4137.4,2025-12-09 22:05:00
1765318200000,2025-12-09 22:10:00,578.1,579.4,577.5,578.6,7434.0,2025-12-09 22:10:00
1765318500000,2025-12-09 22:15:00,578.6,580.1,578.5,580.1,2123.2,2025-12-09 22:15:00
1765318800000,2025-12-09 22:20:00,580.1,581.5,579.9,580.2,3230.4,2025-12-09 22:20:00
1765319100000,2025-12-09 22:25:00,580.2,580.4,579.6,579.7,1415.9,2025-12-09 22:25:00
1765319400000,2025-12-09 22:30:00,579.8,580.6,579.3,579.3,3877.4,2025-12-09 22:30:00
1765319700000,2025-12-09 22:35:00,579.3,581.0,579.2,580.0,3163.2,2025-12-09 22:35:00
1765320000000,2025-12-09 22:40:00,580.0,581.0,579.4,581.0,2999.4,2025-12-09 22:40:00
1765320300000,2025-12-09 22:45:00,581.0,585.8,580.9,584.3,12175.4,2025-12-09 22:45:00
1765320600000,2025-12-09 22:50:00,584.4,584.4,582.4,582.4,6954.6,2025-12-09 22:50:00
1765320900000,2025-12-09 22:55:00,582.5,583.4,582.3,582.8,4715.9,2025-12-09 22:55:00
1765321200000,2025-12-09 23:00:00,582.9,583.1,581.4,582.5,3782.2,2025-12-09 23:00:00
1765321500000,2025-12-09 23:05:00,582.6,582.9,581.5,581.5,2392.1,2025-12-09 23:05:00
1765321800000,2025-12-09 23:10:00,581.5,582.0,580.8,580.9,1686.1,2025-12-09 23:10:00
1765322100000,2025-12-09 23:15:00,580.9,582.1,580.9,582.1,951.3,2025-12-09 23:15:00
1765322400000,2025-12-09 23:20:00,582.1,583.7,582.1,583.5,2840.4,2025-12-09 23:20:00
1765322700000,2025-12-09 23:25:00,583.6,584.0,583.0,583.9,2773.7,2025-12-09 23:25:00
1765323000000,2025-12-09 23:30:00,584.0,584.3,583.2,583.6,1711.5,2025-12-09 23:30:00
1765323300000,2025-12-09 23:35:00,583.6,584.0,583.4,583.7,2482.7,2025-12-09 23:35:00
1765323600000,2025-12-09 23:40:00,583.7,584.9,583.4,584.9,4039.7,2025-12-09 23:40:00
1765323900000,2025-12-09 23:45:00,584.9,585.0,584.3,584.6,1879.2,2025-12-09 23:45:00
1765324200000,2025-12-09 23:50:00,584.7,585.4,584.4,584.9,4881.5,2025-12-09 23:50:00
1765324500000,2025-12-09 23:55:00,584.9,585.2,583.7,584.3,3589.8,2025-12-09 23:55:00
1765324800000,2025-12-10 00:00:00,584.4,586.9,584.2,586.6,5272.3,2025-12-10 00:00:00
1765325100000,2025-12-10 00:05:00,586.7,587.7,586.7,587.2,7525.6,2025-12-10 00:05:00
1765325400000,2025-12-10 00:10:00,587.3,588.2,586.7,586.7,5544.9,2025-12-10 00:10:00
1765325700000,2025-12-10 00:15:00,586.7,586.8,584.7,585.7,7607.1,2025-12-10 00:15:00
1765326000000,2025-12-10 00:20:00,585.7,587.4,585.5,587.3,6141.1,2025-12-10 00:20:00
1765326300000,2025-12-10 00:25:00,587.3,588.3,586.1,586.7,5796.4,2025-12-10 00:25:00
1765326600000,2025-12-10 00:30:00,586.6,588.2,586.6,586.9,4603.7,2025-12-10 00:30:00
1765326900000,2025-12-10 00:35:00,587.0,587.5,586.7,586.8,4950.5,2025-12-10 00:35:00
1765327200000,2025-12-10 00:40:00,586.8,587.2,586.3,586.7,2782.3,2025-12-10 00:40:00
1765327500000,2025-12-10 00:45:00,586.7,586.8,583.7,584.7,11358.9,2025-12-10 00:45:00
1765327800000,2025-12-10 00:50:00,584.6,585.4,584.1,585.0,3448.3,2025-12-10 00:50:00
1765328100000,2025-12-10 00:55:00,584.9,585.1,583.4,583.4,1416.7,2025-12-10 00:55:00
1765328400000,2025-12-10 01:00:00,583.5,584.5,582.9,584.3,3885.5,2025-12-10 01:00:00
1765328700000,2025-12-10 01:05:00,584.3,584.4,574.3,575.9,76202.3,2025-12-10 01:05:00
1765329000000,2025-12-10 01:10:00,575.9,577.6,574.6,576.2,17874.0,2025-12-10 01:10:00
1765329300000,2025-12-10 01:15:00,576.1,578.1,574.3,577.5,18034.5,2025-12-10 01:15:00
1765329600000,2025-12-10 01:20:00,577.4,578.1,577.0,577.9,3135.6,2025-12-10 01:20:00
1765329900000,2025-12-10 01:25:00,577.9,578.6,577.1,577.4,2368.7,2025-12-10 01:25:00
1765330200000,2025-12-10 01:30:00,577.3,577.4,575.5,576.0,9224.3,2025-12-10 01:30:00
1765330500000,2025-12-10 01:35:00,576.0,577.0,575.4,576.5,6179.5,2025-12-10 01:35:00
1765330800000,2025-12-10 01:40:00,576.4,576.6,576.0,576.5,1210.4,2025-12-10 01:40:00
1765331100000,2025-12-10 01:45:00,576.5,576.9,575.6,576.3,6603.3,2025-12-10 01:45:00
1765331400000,2025-12-10 01:50:00,576.3,578.1,576.3,577.8,13533.0,2025-12-10 01:50:00
1765331700000,2025-12-10 01:55:00,577.8,578.3,577.1,577.1,2421.6,2025-12-10 01:55:00
1765332000000,2025-12-10 02:00:00,577.0,577.0,575.2,575.3,8150.6,2025-12-10 02:00:00
1765332300000,2025-12-10 02:05:00,575.3,576.3,574.8,576.2,3758.2,2025-12-10 02:05:00
1765332600000,2025-12-10 02:10:00,576.2,576.9,576.1,576.6,1968.7,2025-12-10 02:10:00
1765332900000,2025-12-10 02:15:00,576.6,577.9,576.5,577.9,2456.5,2025-12-10 02:15:00
1765333200000,2025-12-10 02:20:00,578.0,578.3,577.4,577.6,3549.9,2025-12-10 02:20:00
1765333500000,2025-12-10 02:25:00,577.6,577.9,577.1,577.1,2208.0,2025-12-10 02:25:00
1765333800000,2025-12-10 02:30:00,577.2,578.1,576.7,577.7,2505.7,2025-12-10 02:30:00
1765334100000,2025-12-10 02:35:00,577.7,577.9,577.3,577.5,1403.8,2025-12-10 02:35:00
1765334400000,2025-12-10 02:40:00,577.6,577.9,576.8,577.9,3497.6,2025-12-10 02:40:00
1765334700000,2025-12-10 02:45:00,578.0,578.0,577.3,577.5,2043.0,2025-12-10 02:45:00
1765335000000,2025-12-10 02:50:00,577.6,577.8,577.1,577.4,1003.9,2025-12-10 02:50:00
1765335300000,2025-12-10 02:55:00,577.4,578.0,577.2,577.8,1223.0,2025-12-10 02:55:00
1765335600000,2025-12-10 03:00:00,577.9,577.9,576.7,576.9,1597.8,2025-12-10 03:00:00
1765335900000,2025-12-10 03:05:00,576.9,577.0,575.6,576.0,7383.8,2025-12-10 03:05:00
1765336200000,2025-12-10 03:10:00,576.1,577.0,576.0,576.6,1293.2,2025-12-10 03:10:00
1765336500000,2025-12-10 03:15:00,576.6,576.6,570.0,572.0,30095.6,2025-12-10 03:15:00
1765336800000,2025-12-10 03:20:00,572.0,572.3,558.6,559.4,188706.9,2025-12-10 03:20:00
1765337100000,2025-12-10 03:25:00,559.4,560.8,559.3,560.1,39566.4,2025-12-10 03:25:00
1765337400000,2025-12-10 03:30:00,560.1,560.6,558.1,560.5,84305.7,2025-12-10 03:30:00
1765337700000,2025-12-10 03:35:00,560.5,562.0,560.0,561.1,21992.0,2025-12-10 03:35:00
1765338000000,2025-12-10 03:40:00,561.1,561.4,559.3,559.6,19998.9,2025-12-10 03:40:00
1765338300000,2025-12-10 03:45:00,559.5,561.2,559.0,561.0,14642.2,2025-12-10 03:45:00
1765338600000,2025-12-10 03:50:00,561.0,561.3,560.2,560.8,10790.0,2025-12-10 03:50:00
1765338900000,2025-12-10 03:55:00,560.7,561.2,560.7,561.0,4133.0,2025-12-10 03:55:00
1765339200000,2025-12-10 04:00:00,561.1,562.0,559.7,561.9,15125.4,2025-12-10 04:00:00
1765339500000,2025-12-10 04:05:00,561.8,562.8,560.7,561.3,14234.1,2025-12-10 04:05:00
1765339800000,2025-12-10 04:10:00,561.2,562.2,561.1,561.7,3450.5,2025-12-10 04:10:00
1765340100000,2025-12-10 04:15:00,561.6,562.1,560.4,561.9,7391.0,2025-12-10 04:15:00
1765340400000,2025-12-10 04:20:00,561.9,561.9,560.5,561.3,8125.3,2025-12-10 04:20:00
1765340700000,2025-12-10 04:25:00,561.4,561.4,560.6,561.1,3684.9,2025-12-10 04:25:00
1765341000000,2025-12-10 04:30:00,561.1,561.5,560.8,561.3,5083.5,2025-12-10 04:30:00
1765341300000,2025-12-10 04:35:00,561.2,562.2,561.1,562.2,8731.7,2025-12-10 04:35:00
1765341600000,2025-12-10 04:40:00,562.2,562.3,561.1,561.1,3624.2,2025-12-10 04:40:00
1765341900000,2025-12-10 04:45:00,561.1,562.3,560.3,561.0,16626.4,2025-12-10 04:45:00
1765342200000,2025-12-10 04:50:00,561.0,561.9,560.9,561.9,3462.6,2025-12-10 04:50:00
1765342500000,2025-12-10 04:55:00,561.8,562.1,561.5,561.6,3647.7,2025-12-10 04:55:00
1765342800000,2025-12-10 05:00:00,561.5,562.0,561.4,561.8,2470.9,2025-12-10 05:00:00
1765343100000,2025-12-10 05:05:00,561.8,562.1,561.3,561.5,4201.5,2025-12-10 05:05:00
1765343400000,2025-12-10 05:10:00,561.5,562.0,561.2,561.9,2754.1,2025-12-10 05:10:00
1765343700000,2025-12-10 05:15:00,561.9,562.6,561.8,562.1,7609.6,2025-12-10 05:15:00
1765344000000,2025-12-10 05:20:00,562.1,562.4,561.5,562.0,5831.8,2025-12-10 05:20:00
1765344300000,2025-12-10 05:25:00,562.0,562.2,561.8,562.1,1602.6,2025-12-10 05:25:00
1765344600000,2025-12-10 05:30:00,562.2,562.2,561.7,561.8,2234.8,2025-12-10 05:30:00
1765344900000,2025-12-10 05:35:00,561.9,564.8,561.8,564.2,10079.7,2025-12-10 05:35:00
1765345200000,2025-12-10 05:40:00,564.2,565.3,563.6,564.7,9950.9,2025-12-10 05:40:00
1765345500000,2025-12-10 05:45:00,564.8,566.0,564.6,565.3,5206.9,2025-12-10 05:45:00
1765345800000,2025-12-10 05:50:00,565.2,565.5,564.8,565.4,3078.8,2025-12-10 05:50:00
1765346100000,2025-12-10 05:55:00,565.4,566.0,565.1,565.2,7888.4,2025-12-10 05:55:00
1765346400000,2025-12-10 06:00:00,565.3,565.5,564.4,564.5,4992.2,2025-12-10 06:00:00
1765346700000,2025-12-10 06:05:00,564.5,564.9,563.4,564.9,4601.2,2025-12-10 06:05:00
1765347000000,2025-12-10 06:10:00,564.9,566.2,564.6,565.2,10358.4,2025-12-10 06:10:00
1765347300000,2025-12-10 06:15:00,565.3,565.4,564.5,564.7,3714.4,2025-12-10 06:15:00
1765347600000,2025-12-10 06:20:00,564.7,565.0,564.4,564.4,1371.8,2025-12-10 06:20:00
1765347900000,2025-12-10 06:25:00,564.4,564.8,563.9,564.0,2469.1,2025-12-10 06:25:00
1765348200000,2025-12-10 06:30:00,564.1,565.2,563.8,565.1,2275.2,2025-12-10 06:30:00
1765348500000,2025-12-10 06:35:00,565.1,567.0,564.8,566.3,7541.4,2025-12-10 06:35:00
1765348800000,2025-12-10 06:40:00,566.3,566.7,565.6,566.4,5120.0,2025-12-10 06:40:00
1765349100000,2025-12-10 06:45:00,566.4,567.1,566.4,566.8,4681.3,2025-12-10 06:45:00
1765349400000,2025-12-10 06:50:00,566.8,566.9,565.9,566.8,3156.9,2025-12-10 06:50:00
1765349700000,2025-12-10 06:55:00,566.8,567.1,566.5,566.9,1611.2,2025-12-10 06:55:00
1765350000000,2025-12-10 07:00:00,566.9,567.1,566.3,566.8,3909.5,2025-12-10 07:00:00
1765350300000,2025-12-10 07:05:00,566.8,566.9,563.6,564.2,8420.5,2025-12-10 07:05:00
1765350600000,2025-12-10 07:10:00,564.2,565.1,563.7,565.0,2652.2,2025-12-10 07:10:00
1765350900000,2025-12-10 07:15:00,565.0,565.3,564.2,564.4,5326.6,2025-12-10 07:15:00
1765351200000,2025-12-10 07:20:00,564.5,565.2,564.1,564.8,4810.2,2025-12-10 07:20:00
1765351500000,2025-12-10 07:25:00,564.8,565.3,564.6,565.1,3481.3,2025-12-10 07:25:00
1765351800000,2025-12-10 07:30:00,565.2,565.2,563.8,564.1,4505.5,2025-12-10 07:30:00
1765352100000,2025-12-10 07:35:00,564.2,564.3,563.1,563.9,4332.0,2025-12-10 07:35:00
1765352400000,2025-12-10 07:40:00,564.0,564.1,563.1,563.4,2309.9,2025-12-10 07:40:00
1765352700000,2025-12-10 07:45:00,563.4,563.9,563.3,563.8,1956.1,2025-12-10 07:45:00
1765353000000,2025-12-10 07:50:00,563.9,564.6,563.8,564.2,2824.1,2025-12-10 07:50:00
1765353300000,2025-12-10 07:55:00,564.1,564.2,563.3,563.9,2101.2,2025-12-10 07:55:00
1765353600000,2025-12-10 08:00:00,564.0,564.0,561.0,562.4,12351.5,2025-12-10 08:00:00
1765353900000,2025-12-10 08:05:00,562.5,563.3,562.1,563.1,3871.5,2025-12-10 08:05:00
1765354200000,2025-12-10 08:10:00,563.1,563.2,562.3,562.8,2766.1,2025-12-10 08:10:00
1765354500000,2025-12-10 08:15:00,562.8,563.5,562.5,563.0,3239.2,2025-12-10 08:15:00
1765354800000,2025-12-10 08:20:00,563.0,563.4,562.7,563.2,1759.1,2025-12-10 08:20:00
1765355100000,2025-12-10 08:25:00,563.2,563.5,562.5,562.8,1678.7,2025-12-10 08:25:00
1765355400000,2025-12-10 08:30:00,562.8,564.6,561.3,563.4,17729.0,2025-12-10 08:30:00
1765355700000,2025-12-10 08:35:00,563.3,563.9,562.6,563.2,2552.1,2025-12-10 08:35:00
1765356000000,2025-12-10 08:40:00,563.1,568.4,562.0,567.1,28534.6,2025-12-10 08:40:00
1765356300000,2025-12-10 08:45:00,567.1,569.2,566.3,566.4,12554.9,2025-12-10 08:45:00
1765356600000,2025-12-10 08:50:00,566.3,566.5,565.2,565.5,6192.5,2025-12-10 08:50:00
1765356900000,2025-12-10 08:55:00,565.5,565.7,564.9,564.9,5810.5,2025-12-10 08:55:00
1765357200000,2025-12-10 09:00:00,564.9,565.4,564.1,564.7,2303.1,2025-12-10 09:00:00
1765357500000,2025-12-10 09:05:00,564.7,566.2,564.7,566.0,3868.9,2025-12-10 09:05:00
1765357800000,2025-12-10 09:10:00,566.1,566.2,565.4,565.4,1974.1,2025-12-10 09:10:00
1765358100000,2025-12-10 09:15:00,565.4,566.0,565.4,565.9,2133.6,2025-12-10 09:15:00
1765358400000,2025-12-10 09:20:00,565.9,566.2,565.2,565.2,2364.7,2025-12-10 09:20:00
1765358700000,2025-12-10 09:25:00,565.2,565.2,564.6,564.9,2521.2,2025-12-10 09:25:00
1765359000000,2025-12-10 09:30:00,564.9,565.6,564.7,565.4,5817.8,2025-12-10 09:30:00
1765359300000,2025-12-10 09:35:00,565.4,565.7,565.1,565.4,1581.7,2025-12-10 09:35:00
1765359600000,2025-12-10 09:40:00,565.4,566.4,565.1,566.3,4207.1,2025-12-10 09:40:00
1765359900000,2025-12-10 09:45:00,566.3,568.0,566.3,567.1,4605.8,2025-12-10 09:45:00
1765360200000,2025-12-10 09:50:00,567.1,569.0,566.4,569.0,11443.5,2025-12-10 09:50:00
1765360500000,2025-12-10 09:55:00,568.9,569.8,568.5,569.0,7490.8,2025-12-10 09:55:00
1765360800000,2025-12-10 10:00:00,569.0,571.0,568.4,570.2,8432.5,2025-12-10 10:00:00
1765361100000,2025-12-10 10:05:00,570.2,570.3,568.7,568.8,3083.4,2025-12-10 10:05:00
1765361400000,2025-12-10 10:10:00,568.8,569.7,568.2,569.5,5229.1,2025-12-10 10:10:00
1765361700000,2025-12-10 10:15:00,569.5,569.6,568.8,569.2,3057.5,2025-12-10 10:15:00
1765362000000,2025-12-10 10:20:00,569.1,569.2,567.9,568.2,5571.9,2025-12-10 10:20:00
1765362300000,2025-12-10 10:25:00,568.2,568.4,567.8,567.8,3268.4,2025-12-10 10:25:00
1765362600000,2025-12-10 10:30:00,567.8,568.6,567.7,568.2,3393.8,2025-12-10 10:30:00
1765362900000,2025-12-10 10:35:00,568.3,568.9,568.2,568.6,1275.5,2025-12-10 10:35:00
1765363200000,2025-12-10 10:40:00,568.6,568.7,567.8,567.9,3621.4,2025-12-10 10:40:00
1765363500000,2025-12-10 10:45:00,567.9,568.5,567.9,568.4,1914.6,2025-12-10 10:45:00
1765363800000,2025-12-10 10:50:00,568.5,568.9,568.0,568.1,1919.5,2025-12-10 10:50:00
1765364100000,2025-12-10 10:55:00,568.1,568.6,568.0,568.0,1295.6,2025-12-10 10:55:00
1765364400000,2025-12-10 11:00:00,568.1,569.1,567.9,568.8,2788.4,2025-12-10 11:00:00
1765364700000,2025-12-10 11:05:00,568.9,569.5,568.8,569.3,1875.5,2025-12-10 11:05:00
1765365000000,2025-12-10 11:10:00,569.2,569.5,568.4,568.4,1765.3,2025-12-10 11:10:00
1765365300000,2025-12-10 11:15:00,568.4,568.5,568.1,568.1,500.0,2025-12-10 11:15:00
1765365600000,2025-12-10 11:20:00,568.2,568.6,567.9,568.2,1716.4,2025-12-10 11:20:00
1765365900000,2025-12-10 11:25:00,568.2,568.8,568.1,568.7,1426.8,2025-12-10 11:25:00
1765366200000,2025-12-10 11:30:00,568.8,568.8,568.4,568.5,782.4,2025-12-10 11:30:00
1765366500000,2025-12-10 11:35:00,568.6,568.6,567.9,567.9,3797.9,2025-12-10 11:35:00
1765366800000,2025-12-10 11:40:00,567.9,568.0,565.3,566.7,26944.2,2025-12-10 11:40:00
1765367100000,2025-12-10 11:45:00,566.7,567.5,566.2,567.0,7933.0,2025-12-10 11:45:00
1765367400000,2025-12-10 11:50:00,567.0,568.2,566.9,567.7,3356.3,2025-12-10 11:50:00
1765367700000,2025-12-10 11:55:00,567.7,568.6,567.7,568.2,1619.7,2025-12-10 11:55:00
1765368000000,2025-12-10 12:00:00,568.3,569.2,567.9,568.7,2471.5,2025-12-10 12:00:00
1765368300000,2025-12-10 12:05:00,568.7,569.0,568.5,568.9,680.8,2025-12-10 12:05:00
1765368600000,2025-12-10 12:10:00,568.9,571.9,568.9,571.7,4988.8,2025-12-10 12:10:00
1765368900000,2025-12-10 12:15:00,571.7,572.3,570.0,570.2,8183.6,2025-12-10 12:15:00
1765369200000,2025-12-10 12:20:00,570.2,570.5,569.7,570.5,1194.9,2025-12-10 12:20:00
1765369500000,2025-12-10 12:25:00,570.6,570.7,570.2,570.5,1331.4,2025-12-10 12:25:00
1765369800000,2025-12-10 12:30:00,570.6,570.6,569.3,569.3,4057.3,2025-12-10 12:30:00
1765370100000,2025-12-10 12:35:00,569.3,569.7,568.8,569.0,2659.0,2025-12-10 12:35:00
1765370400000,2025-12-10 12:40:00,569.0,570.7,568.9,570.1,2582.5,2025-12-10 12:40:00
1765370700000,2025-12-10 12:45:00,570.1,570.6,569.6,569.6,3264.4,2025-12-10 12:45:00
1765371000000,2025-12-10 12:50:00,569.6,570.7,568.9,570.5,5039.8,2025-12-10 12:50:00
1765371300000,2025-12-10 12:55:00,570.5,571.4,570.4,571.1,3764.3,2025-12-10 12:55:00
1765371600000,2025-12-10 13:00:00,571.1,571.7,570.4,571.7,3413.7,2025-12-10 13:00:00
1765371900000,2025-12-10 13:05:00,571.7,572.5,571.5,572.2,4093.7,2025-12-10 13:05:00
1765372200000,2025-12-10 13:10:00,572.3,572.3,571.5,571.8,1208.9,2025-12-10 13:10:00
1765372500000,2025-12-10 13:15:00,571.8,572.1,571.3,571.5,2777.1,2025-12-10 13:15:00
1765372800000,2025-12-10 13:20:00,571.5,572.2,571.2,571.7,1919.2,2025-12-10 13:20:00
1765373100000,2025-12-10 13:25:00,571.7,572.0,571.1,571.3,1507.9,2025-12-10 13:25:00
1765373400000,2025-12-10 13:30:00,571.2,571.5,570.4,570.9,4747.0,2025-12-10 13:30:00
1765373700000,2025-12-10 13:35:00,571.0,572.2,570.7,570.7,2510.0,2025-12-10 13:35:00
1765374000000,2025-12-10 13:40:00,570.8,570.9,569.6,570.0,3680.4,2025-12-10 13:40:00
1765374300000,2025-12-10 13:45:00,570.0,571.2,569.9,570.1,2863.6,2025-12-10 13:45:00
1765374600000,2025-12-10 13:50:00,570.1,570.8,569.8,570.1,1380.9,2025-12-10 13:50:00
1765374900000,2025-12-10 13:55:00,570.1,570.1,569.6,569.7,992.8,2025-12-10 13:55:00
1765375200000,2025-12-10 14:00:00,569.7,570.2,569.2,569.2,1753.9,2025-12-10 14:00:00
1765375500000,2025-12-10 14:05:00,569.3,569.6,568.0,568.8,4584.2,2025-12-10 14:05:00
1765375800000,2025-12-10 14:10:00,568.7,569.1,568.0,568.3,7320.8,2025-12-10 14:10:00
1765376100000,2025-12-10 14:15:00,568.3,568.4,567.4,568.0,4268.7,2025-12-10 14:15:00
1765376400000,2025-12-10 14:20:00,568.0,568.5,567.1,567.1,5054.0,2025-12-10 14:20:00
1765376700000,2025-12-10 14:25:00,567.2,567.5,565.8,567.3,5302.1,2025-12-10 14:25:00
1765377000000,2025-12-10 14:30:00,567.3,568.3,566.1,567.9,7189.7,2025-12-10 14:30:00
1765377300000,2025-12-10 14:35:00,567.9,568.6,567.1,567.7,3298.1,2025-12-10 14:35:00
1765377600000,2025-12-10 14:40:00,567.7,568.5,567.3,567.9,3816.9,2025-12-10 14:40:00
1765377900000,2025-12-10 14:45:00,567.9,568.0,566.9,567.2,1597.1,2025-12-10 14:45:00
1765378200000,2025-12-10 14:50:00,567.2,567.7,566.3,567.7,1871.7,2025-12-10 14:50:00
1765378500000,2025-12-10 14:55:00,567.7,567.7,566.5,567.2,1115.7,2025-12-10 14:55:00
1765378800000,2025-12-10 15:00:00,567.2,568.2,566.6,568.0,3007.4,2025-12-10 15:00:00
1765379100000,2025-12-10 15:05:00,568.0,568.4,567.0,567.4,1217.5,2025-12-10 15:05:00
1765379400000,2025-12-10 15:10:00,567.5,567.5,566.6,567.0,1562.5,2025-12-10 15:10:00
1765379700000,2025-12-10 15:15:00,567.1,567.1,566.3,566.3,3315.0,2025-12-10 15:15:00
1765380000000,2025-12-10 15:20:00,566.3,566.6,564.6,564.9,6783.8,2025-12-10 15:20:00
1765380300000,2025-12-10 15:25:00,565.0,565.3,562.9,564.4,8405.1,2025-12-10 15:25:00
1765380600000,2025-12-10 15:30:00,564.3,564.9,562.3,562.7,8389.0,2025-12-10 15:30:00
1765380900000,2025-12-10 15:35:00,562.7,563.7,562.4,563.1,5452.3,2025-12-10 15:35:00
1765381200000,2025-12-10 15:40:00,563.2,565.3,562.8,564.7,3919.0,2025-12-10 15:40:00
1765381500000,2025-12-10 15:45:00,564.8,565.3,563.9,564.2,4572.3,2025-12-10 15:45:00
1765381800000,2025-12-10 15:50:00,564.2,564.9,562.9,562.9,2499.4,2025-12-10 15:50:00
1765382100000,2025-12-10 15:55:00,562.9,563.7,562.8,563.7,3556.9,2025-12-10 15:55:00
1765382400000,2025-12-10 16:00:00,563.7,564.6,562.9,564.5,8527.1,2025-12-10 16:00:00
1765382700000,2025-12-10 16:05:00,564.5,564.7,563.6,564.1,3370.7,2025-12-10 16:05:00
1765383000000,2025-12-10 16:10:00,564.2,565.8,563.7,565.2,5183.0,2025-12-10 16:10:00
1765383300000,2025-12-10 16:15:00,565.2,566.9,565.1,566.4,9558.0,2025-12-10 16:15:00
1765383600000,2025-12-10 16:20:00,566.5,567.9,564.5,567.8,18968.1,2025-12-10 16:20:00
1765383900000,2025-12-10 16:25:00,567.8,570.4,566.9,569.7,19352.9,2025-12-10 16:25:00
1765384200000,2025-12-10 16:30:00,569.7,569.8,568.0,568.6,4634.7,2025-12-10 16:30:00
1765384500000,2025-12-10 16:35:00,568.6,569.6,568.2,568.5,12598.4,2025-12-10 16:35:00
1765384800000,2025-12-10 16:40:00,568.5,569.0,566.4,568.2,6013.8,2025-12-10 16:40:00
1765385100000,2025-12-10 16:45:00,568.1,568.3,566.5,567.4,5515.7,2025-12-10 16:45:00
1765385400000,2025-12-10 16:50:00,567.4,568.5,567.1,567.2,3931.2,2025-12-10 16:50:00
1765385700000,2025-12-10 16:55:00,567.2,567.5,565.7,566.1,5037.1,2025-12-10 16:55:00
1765386000000,2025-12-10 17:00:00,566.1,567.1,565.6,567.0,5643.4,2025-12-10 17:00:00
1765386300000,2025-12-10 17:05:00,566.9,568.0,565.9,567.1,8261.1,2025-12-10 17:05:00
1765386600000,2025-12-10 17:10:00,567.0,568.9,566.8,568.6,4955.8,2025-12-10 17:10:00
1765386900000,2025-12-10 17:15:00,568.6,570.3,567.6,569.3,6638.6,2025-12-10 17:15:00
1765387200000,2025-12-10 17:20:00,569.2,570.5,567.8,568.5,15117.5,2025-12-10 17:20:00
1765387500000,2025-12-10 17:25:00,568.5,570.3,567.5,569.2,14748.2,2025-12-10 17:25:00
1765387800000,2025-12-10 17:30:00,569.2,569.5,568.5,569.5,3643.7,2025-12-10 17:30:00
1765388100000,2025-12-10 17:35:00,569.5,570.2,569.2,570.1,3420.3,2025-12-10 17:35:00
1765388400000,2025-12-10 17:40:00,570.2,570.6,569.8,570.6,2300.9,2025-12-10 17:40:00
1765388700000,2025-12-10 17:45:00,570.6,570.8,570.2,570.8,1990.8,2025-12-10 17:45:00
1765389000000,2025-12-10 17:50:00,570.8,571.4,570.4,571.2,2981.1,2025-12-10 17:50:00
1765389300000,2025-12-10 17:55:00,571.1,571.4,570.5,570.6,1013.5,2025-12-10 17:55:00
1765389600000,2025-12-10 18:00:00,570.5,570.7,569.1,569.5,2174.0,2025-12-10 18:00:00
1765389900000,2025-12-10 18:05:00,569.5,570.2,569.2,570.2,2440.8,2025-12-10 18:05:00
1765390200000,2025-12-10 18:10:00,570.2,571.5,569.7,571.3,1639.3,2025-12-10 18:10:00
1765390500000,2025-12-10 18:15:00,571.3,572.3,570.5,570.5,3265.7,2025-12-10 18:15:00
1765390800000,2025-12-10 18:20:00,570.4,570.4,568.6,569.8,7539.9,2025-12-10 18:20:00
1765391100000,2025-12-10 18:25:00,569.8,571.0,569.4,570.4,6486.2,2025-12-10 18:25:00
1765391400000,2025-12-10 18:30:00,570.5,572.1,570.1,571.9,3613.8,2025-12-10 18:30:00
1765391700000,2025-12-10 18:35:00,572.0,574.5,571.9,573.9,12882.1,2025-12-10 18:35:00
1765392000000,2025-12-10 18:40:00,574.0,574.4,572.3,573.9,10887.6,2025-12-10 18:40:00
1765392300000,2025-12-10 18:45:00,573.9,575.3,573.8,574.7,9977.0,2025-12-10 18:45:00
1765392600000,2025-12-10 18:50:00,574.7,574.8,572.1,573.1,4373.5,2025-12-10 18:50:00
1765392900000,2025-12-10 18:55:00,573.1,573.6,571.1,573.3,7103.7,2025-12-10 18:55:00
1765393200000,2025-12-10 19:00:00,573.2,577.0,569.2,572.7,36620.2,2025-12-10 19:00:00
1765393500000,2025-12-10 19:05:00,572.7,575.7,572.2,575.3,10200.4,2025-12-10 19:05:00
1765393800000,2025-12-10 19:10:00,575.2,576.4,575.2,575.9,9468.9,2025-12-10 19:10:00
1765394100000,2025-12-10 19:15:00,575.9,577.0,574.6,576.4,14274.1,2025-12-10 19:15:00
1765394400000,2025-12-10 19:20:00,576.4,577.5,575.0,575.3,8869.2,2025-12-10 19:20:00
1765394700000,2025-12-10 19:25:00,575.4,575.6,572.0,573.0,8070.2,2025-12-10 19:25:00
1765395000000,2025-12-10 19:30:00,573.0,577.0,572.6,576.9,7958.2,2025-12-10 19:30:00
1765395300000,2025-12-10 19:35:00,576.9,577.1,574.5,576.9,7093.9,2025-12-10 19:35:00
1765395600000,2025-12-10 19:40:00,576.8,576.9,573.9,575.7,5154.1,2025-12-10 19:40:00
1765395900000,2025-12-10 19:45:00,575.7,576.8,575.5,576.1,2888.9,2025-12-10 19:45:00
1765396200000,2025-12-10 19:50:00,576.0,577.3,575.3,576.4,5429.9,2025-12-10 19:50:00
1765396500000,2025-12-10 19:55:00,576.4,577.0,575.9,576.0,1897.9,2025-12-10 19:55:00
1765396800000,2025-12-10 20:00:00,576.1,576.5,574.7,575.2,4153.9,2025-12-10 20:00:00
1765397100000,2025-12-10 20:05:00,575.1,577.1,575.1,577.0,3747.1,2025-12-10 20:05:00
1765397400000,2025-12-10 20:10:00,577.0,581.4,576.4,581.3,20419.3,2025-12-10 20:10:00
1765397700000,2025-12-10 20:15:00,581.2,583.6,577.6,577.6,27427.9,2025-12-10 20:15:00
1765398000000,2025-12-10 20:20:00,577.6,579.3,575.3,577.3,8347.4,2025-12-10 20:20:00
1765398300000,2025-12-10 20:25:00,577.3,578.0,576.8,577.4,2240.0,2025-12-10 20:25:00
1765398600000,2025-12-10 20:30:00,577.4,578.9,576.4,578.5,5287.3,2025-12-10 20:30:00
1765398900000,2025-12-10 20:35:00,578.5,578.6,576.9,578.3,4145.6,2025-12-10 20:35:00
1765399200000,2025-12-10 20:40:00,578.4,579.4,578.4,578.6,1629.2,2025-12-10 20:40:00
1765399500000,2025-12-10 20:45:00,578.6,579.5,576.8,577.8,7416.0,2025-12-10 20:45:00
1765399800000,2025-12-10 20:50:00,577.9,578.9,574.5,576.0,12412.8,2025-12-10 20:50:00
1765400100000,2025-12-10 20:55:00,576.1,576.7,575.1,575.4,5934.0,2025-12-10 20:55:00
1765400400000,2025-12-10 21:00:00,575.4,575.5,572.4,572.6,7647.8,2025-12-10 21:00:00
1765400700000,2025-12-10 21:05:00,572.5,573.4,571.3,571.7,7764.7,2025-12-10 21:05:00
1765401000000,2025-12-10 21:10:00,571.7,573.8,570.9,573.3,4883.6,2025-12-10 21:10:00
1765401300000,2025-12-10 21:15:00,573.2,574.9,571.9,574.2,7282.2,2025-12-10 21:15:00
1765401600000,2025-12-10 21:20:00,574.1,575.3,573.9,574.3,2441.6,2025-12-10 21:20:00
1765401900000,2025-12-10 21:25:00,574.3,575.1,573.6,573.7,1704.4,2025-12-10 21:25:00
1765402200000,2025-12-10 21:30:00,573.8,574.0,572.7,573.2,1985.6,2025-12-10 21:30:00
1765402500000,2025-12-10 21:35:00,573.2,574.6,573.2,574.6,1748.8,2025-12-10 21:35:00
1765402800000,2025-12-10 21:40:00,574.5,575.4,574.0,575.2,2915.5,2025-12-10 21:40:00
1765403100000,2025-12-10 21:45:00,575.2,576.4,575.0,576.1,3857.2,2025-12-10 21:45:00
1765403400000,2025-12-10 21:50:00,576.0,577.0,575.9,575.9,2874.0,2025-12-10 21:50:00
1765403700000,2025-12-10 21:55:00,575.9,576.0,574.6,575.0,1802.8,2025-12-10 21:55:00
1765404000000,2025-12-10 22:00:00,575.1,577.7,575.1,577.0,5103.9,2025-12-10 22:00:00
1765404300000,2025-12-10 22:05:00,577.1,578.5,576.9,578.2,2930.2,2025-12-10 22:05:00
1765404600000,2025-12-10 22:10:00,578.1,578.3,575.3,575.8,7243.8,2025-12-10 22:10:00
1765404900000,2025-12-10 22:15:00,575.8,575.9,572.8,574.0,11248.8,2025-12-10 22:15:00
1765405200000,2025-12-10 22:20:00,573.9,576.8,573.9,576.8,3818.0,2025-12-10 22:20:00
1765405500000,2025-12-10 22:25:00,576.8,578.0,575.3,576.4,10141.4,2025-12-10 22:25:00
1765405800000,2025-12-10 22:30:00,576.3,576.8,575.2,576.2,5231.1,2025-12-10 22:30:00
1765406100000,2025-12-10 22:35:00,576.1,576.9,574.7,576.0,4243.6,2025-12-10 22:35:00
1765406400000,2025-12-10 22:40:00,575.9,576.9,575.7,576.1,1411.4,2025-12-10 22:40:00
1765406700000,2025-12-10 22:45:00,576.0,577.0,575.7,576.8,2358.0,2025-12-10 22:45:00
1765407000000,2025-12-10 22:50:00,576.8,576.8,575.7,576.3,2717.6,2025-12-10 22:50:00
1765407300000,2025-12-10 22:55:00,576.3,576.8,576.1,576.1,1599.1,2025-12-10 22:55:00
1765407600000,2025-12-10 23:00:00,576.1,576.9,575.7,575.8,3748.4,2025-12-10 23:00:00
1765407900000,2025-12-10 23:05:00,575.9,576.4,575.1,575.2,4776.1,2025-12-10 23:05:00
1765408200000,2025-12-10 23:10:00,575.1,576.3,574.9,574.9,1383.6,2025-12-10 23:10:00
1765408500000,2025-12-10 23:15:00,574.8,575.2,574.2,574.6,2914.3,2025-12-10 23:15:00
1765408800000,2025-12-10 23:20:00,574.5,574.8,573.8,574.0,1263.7,2025-12-10 23:20:00
1765409100000,2025-12-10 23:25:00,574.0,574.3,573.3,573.4,1770.7,2025-12-10 23:25:00
1765409400000,2025-12-10 23:30:00,573.4,573.4,572.2,572.7,2278.8,2025-12-10 23:30:00
1765409700000,2025-12-10 23:35:00,572.7,573.0,572.1,572.5,1800.4,2025-12-10 23:35:00
1765410000000,2025-12-10 23:40:00,572.4,574.0,572.4,574.0,8515.9,2025-12-10 23:40:00
1765410300000,2025-12-10 23:45:00,574.0,574.0,572.7,573.0,1646.5,2025-12-10 23:45:00
1765410600000,2025-12-10 23:50:00,572.9,573.2,572.3,572.4,1619.6,2025-12-10 23:50:00
1765410900000,2025-12-10 23:55:00,572.4,573.6,571.8,572.3,2116.2,2025-12-10 23:55:00
1765411200000,2025-12-11 00:00:00,572.4,572.5,571.8,572.2,2295.7,2025-12-11 00:00:00
1765411500000,2025-12-11 00:05:00,572.2,572.6,572.0,572.2,1440.0,2025-12-11 00:05:00
1765411800000,2025-12-11 00:10:00,572.2,572.2,570.0,570.3,4756.3,2025-12-11 00:10:00
1765412100000,2025-12-11 00:15:00,570.3,570.5,569.3,569.4,1855.6,2025-12-11 00:15:00
1765412400000,2025-12-11 00:20:00,569.3,569.6,568.0,568.2,8895.9,2025-12-11 00:20:00
1765412700000,2025-12-11 00:25:00,568.2,569.3,568.1,568.3,2772.5,2025-12-11 00:25:00
1765413000000,2025-12-11 00:30:00,568.2,568.8,567.8,567.8,4250.5,2025-12-11 00:30:00
1765413300000,2025-12-11 00:35:00,567.8,567.8,565.1,565.3,21939.5,2025-12-11 00:35:00
1765413600000,2025-12-11 00:40:00,565.2,566.3,564.1,565.5,7195.3,2025-12-11 00:40:00
1765413900000,2025-12-11 00:45:00,565.5,567.0,561.2,563.9,31374.8,2025-12-11 00:45:00
1765414200000,2025-12-11 00:50:00,563.8,564.9,558.7,561.2,37340.5,2025-12-11 00:50:00
1765414500000,2025-12-11 00:55:00,561.2,561.9,560.0,560.8,6485.8,2025-12-11 00:55:00
1765414800000,2025-12-11 01:00:00,560.7,561.1,555.4,557.4,45499.9,2025-12-11 01:00:00
1765415100000,2025-12-11 01:05:00,557.4,558.0,555.5,555.9,23409.8,2025-12-11 01:05:00
1765415400000,2025-12-11 01:10:00,555.9,556.0,554.1,554.7,18756.8,2025-12-11 01:10:00
1765415700000,2025-12-11 01:15:00,554.7,555.4,553.0,553.4,31980.5,2025-12-11 01:15:00
1765416000000,2025-12-11 01:20:00,553.3,555.8,552.2,554.6,29128.1,2025-12-11 01:20:00
1765416300000,2025-12-11 01:25:00,554.6,555.4,554.3,554.6,20127.0,2025-12-11 01:25:00
1765416600000,2025-12-11 01:30:00,554.6,558.7,554.6,557.4,23427.2,2025-12-11 01:30:00
1765416900000,2025-12-11 01:35:00,557.4,558.7,557.1,558.6,4283.0,2025-12-11 01:35:00
1765417200000,2025-12-11 01:40:00,558.6,558.7,556.9,557.8,9191.8,2025-12-11 01:40:00
1765417500000,2025-12-11 01:45:00,557.8,557.8,557.1,557.2,1608.6,2025-12-11 01:45:00
1765417800000,2025-12-11 01:50:00,557.1,558.1,556.6,557.4,5308.3,2025-12-11 01:50:00
1765418100000,2025-12-11 01:55:00,557.4,557.6,556.0,556.5,4421.5,2025-12-11 01:55:00
1765418400000,2025-12-11 02:00:00,556.5,557.7,555.8,557.4,8181.6,2025-12-11 02:00:00
1765418700000,2025-12-11 02:05:00,557.3,558.7,557.2,557.7,11602.1,2025-12-11 02:05:00
1765419000000,2025-12-11 02:10:00,557.7,557.9,555.9,556.9,4957.0,2025-12-11 02:10:00
1765419300000,2025-12-11 02:15:00,556.9,557.0,554.6,556.0,6703.0,2025-12-11 02:15:00
1765419600000,2025-12-11 02:20:00,556.1,556.8,555.1,555.2,4361.4,2025-12-11 02:20:00
1765419900000,2025-12-11 02:25:00,555.2,555.8,553.9,554.0,9290.8,2025-12-11 02:25:00
1765420200000,2025-12-11 02:30:00,554.0,554.2,552.7,553.5,11465.2,2025-12-11 02:30:00
1765420500000,2025-12-11 02:35:00,553.5,554.5,552.9,554.5,7233.9,2025-12-11 02:35:00
1765420800000,2025-12-11 02:40:00,554.5,555.7,553.7,555.0,4668.2,2025-12-11 02:40:00
1765421100000,2025-12-11 02:45:00,555.1,555.2,553.1,554.4,3973.7,2025-12-11 02:45:00
1765421400000,2025-12-11 02:50:00,554.5,555.5,554.0,554.6,2951.1,2025-12-11 02:50:00
1765421700000,2025-12-11 02:55:00,554.6,554.9,554.1,554.9,1613.3,2025-12-11 02:55:00
1765422000000,2025-12-11 03:00:00,554.8,554.9,553.1,553.5,7053.5,2025-12-11 03:00:00
1765422300000,2025-12-11 03:05:00,553.5,553.9,551.2,553.1,18662.6,2025-12-11 03:05:00
1765422600000,2025-12-11 03:10:00,553.2,554.6,552.6,554.4,10560.8,2025-12-11 03:10:00
1765422900000,2025-12-11 03:15:00,554.4,554.4,553.1,553.9,2494.6,2025-12-11 03:15:00
1765423200000,2025-12-11 03:20:00,553.9,555.6,553.7,554.7,11501.7,2025-12-11 03:20:00
1765423500000,2025-12-11 03:25:00,554.7,555.0,551.7,552.2,6405.8,2025-12-11 03:25:00
1765423800000,2025-12-11 03:30:00,552.3,552.6,551.3,552.2,6728.1,2025-12-11 03:30:00
1765424100000,2025-12-11 03:35:00,552.2,552.7,551.7,552.0,4740.2,2025-12-11 03:35:00
1765424400000,2025-12-11 03:40:00,552.1,552.7,551.5,552.6,2989.7,2025-12-11 03:40:00
1765424700000,2025-12-11 03:45:00,552.6,554.1,551.8,553.7,4410.8,2025-12-11 03:45:00
1765425000000,2025-12-11 03:50:00,553.7,554.2,553.2,553.8,2597.0,2025-12-11 03:50:00
1765425300000,2025-12-11 03:55:00,553.8,555.5,553.6,554.1,6595.3,2025-12-11 03:55:00
1765425600000,2025-12-11 04:00:00,554.1,554.9,553.2,554.6,4283.4,2025-12-11 04:00:00
1765425900000,2025-12-11 04:05:00,554.6,556.3,554.6,556.2,7648.9,2025-12-11 04:05:00
1765426200000,2025-12-11 04:10:00,556.2,557.3,556.1,556.9,5650.9,2025-12-11 04:10:00
1765426500000,2025-12-11 04:15:00,556.9,557.0,555.5,556.1,3877.0,2025-12-11 04:15:00
1765426800000,2025-12-11 04:20:00,556.2,556.9,555.2,555.2,3018.4,2025-12-11 04:20:00
1765427100000,2025-12-11 04:25:00,555.3,556.3,555.1,555.5,2978.0,2025-12-11 04:25:00
1765427400000,2025-12-11 04:30:00,555.5,559.2,555.2,558.5,11923.9,2025-12-11 04:30:00
1765427700000,2025-12-11 04:35:00,558.5,561.8,558.3,560.8,10031.3,2025-12-11 04:35:00
1765428000000,2025-12-11 04:40:00,560.9,561.1,560.1,560.4,6805.9,2025-12-11 04:40:00
1765428300000,2025-12-11 04:45:00,560.4,560.7,559.9,560.2,4790.4,2025-12-11 04:45:00
1765428600000,2025-12-11 04:50:00,560.3,561.7,560.2,560.7,17478.9,2025-12-11 04:50:00
1765428900000,2025-12-11 04:55:00,560.7,561.8,560.5,561.7,4265.9,2025-12-11 04:55:00
1765429200000,2025-12-11 05:00:00,561.7,561.7,560.8,561.3,4845.6,2025-12-11 05:00:00
1765429500000,2025-12-11 05:05:00,561.3,561.6,559.4,559.5,3631.0,2025-12-11 05:05:00
1765429800000,2025-12-11 05:10:00,559.6,560.9,559.6,560.2,4807.8,2025-12-11 05:10:00
1765430100000,2025-12-11 05:15:00,560.2,561.6,560.2,561.4,4394.0,2025-12-11 05:15:00
1765430400000,2025-12-11 05:20:00,561.4,562.2,561.1,561.7,3771.3,2025-12-11 05:20:00
1765430700000,2025-12-11 05:25:00,561.8,563.4,561.7,561.9,5503.7,2025-12-11 05:25:00
1765431000000,2025-12-11 05:30:00,562.0,562.5,561.7,561.8,3169.6,2025-12-11 05:30:00
1765431300000,2025-12-11 05:35:00,561.9,561.9,560.9,561.1,3225.6,2025-12-11 05:35:00
1765431600000,2025-12-11 05:40:00,561.2,561.9,561.0,561.7,3751.5,2025-12-11 05:40:00
1765431900000,2025-12-11 05:45:00,561.7,562.8,561.6,562.4,4562.8,2025-12-11 05:45:00
1765432200000,2025-12-11 05:50:00,562.3,563.1,562.0,562.9,2900.0,2025-12-11 05:50:00
1765432500000,2025-12-11 05:55:00,562.9,563.1,562.4,562.9,2183.5,2025-12-11 05:55:00
1765432800000,2025-12-11 06:00:00,562.9,563.3,562.7,562.8,2039.6,2025-12-11 06:00:00
1765433100000,2025-12-11 06:05:00,562.8,562.9,561.1,561.3,7474.3,2025-12-11 06:05:00
1765433400000,2025-12-11 06:10:00,561.4,561.9,561.2,561.6,2674.7,2025-12-11 06:10:00
1765433700000,2025-12-11 06:15:00,561.6,562.0,561.0,561.7,2316.3,2025-12-11 06:15:00
1765434000000,2025-12-11 06:20:00,561.7,561.7,560.3,560.3,1826.5,2025-12-11 06:20:00
1765434300000,2025-12-11 06:25:00,560.3,560.4,559.6,559.8,2460.6,2025-12-11 06:25:00
1765434600000,2025-12-11 06:30:00,559.9,561.0,559.9,561.0,2974.7,2025-12-11 06:30:00
1765434900000,2025-12-11 06:35:00,561.0,562.7,560.9,562.5,3506.1,2025-12-11 06:35:00
1765435200000,2025-12-11 06:40:00,562.5,562.5,561.4,561.5,1765.6,2025-12-11 06:40:00
1765435500000,2025-12-11 06:45:00,561.5,562.1,561.3,561.6,2215.1,2025-12-11 06:45:00
1765435800000,2025-12-11 06:50:00,561.7,561.8,561.1,561.3,3635.9,2025-12-11 06:50:00
1765436100000,2025-12-11 06:55:00,561.4,562.2,561.3,562.1,1644.6,2025-12-11 06:55:00
1765436400000,2025-12-11 07:00:00,562.1,562.2,561.5,562.0,1897.8,2025-12-11 07:00:00
1765436700000,2025-12-11 07:05:00,561.9,561.9,560.0,560.2,1467.1,2025-12-11 07:05:00
1765437000000,2025-12-11 07:10:00,560.2,561.2,560.2,561.1,5070.3,2025-12-11 07:10:00
1765437300000,2025-12-11 07:15:00,561.1,561.4,560.4,561.4,1603.9,2025-12-11 07:15:00
1765437600000,2025-12-11 07:20:00,561.3,561.5,560.6,560.7,638.3,2025-12-11 07:20:00
1765437900000,2025-12-11 07:25:00,560.6,560.7,560.2,560.3,2297.5,2025-12-11 07:25:00
1765438200000,2025-12-11 07:30:00,560.3,560.6,559.3,560.0,4592.0,2025-12-11 07:30:00
1765438500000,2025-12-11 07:35:00,560.0,560.2,558.4,559.2,10443.5,2025-12-11 07:35:00
1765438800000,2025-12-11 07:40:00,559.2,559.4,557.5,557.9,4981.6,2025-12-11 07:40:00
1765439100000,2025-12-11 07:45:00,558.0,558.8,557.9,558.5,2874.4,2025-12-11 07:45:00
1765439400000,2025-12-11 07:50:00,558.5,559.0,558.0,558.2,1482.3,2025-12-11 07:50:00
1765439700000,2025-12-11 07:55:00,558.2,558.6,558.0,558.6,1907.1,2025-12-11 07:55:00
1765440000000,2025-12-11 08:00:00,558.6,559.2,557.7,559.1,8357.2,2025-12-11 08:00:00
1765440300000,2025-12-11 08:05:00,559.2,560.0,558.9,559.0,2646.8,2025-12-11 08:05:00
1765440600000,2025-12-11 08:10:00,559.1,559.2,558.7,559.1,1892.8,2025-12-11 08:10:00
1765440900000,2025-12-11 08:15:00,559.2,559.2,558.2,558.2,1717.1,2025-12-11 08:15:00
1765441200000,2025-12-11 08:20:00,558.3,558.7,558.1,558.5,1582.8,2025-12-11 08:20:00
1765441500000,2025-12-11 08:25:00,558.5,561.9,558.2,560.2,13928.1,2025-12-11 08:25:00
1765441800000,2025-12-11 08:30:00,560.2,560.4,559.2,559.2,1881.3,2025-12-11 08:30:00
1765442100000,2025-12-11 08:35:00,559.2,560.3,558.8,559.7,3079.5,2025-12-11 08:35:00
1765442400000,2025-12-11 08:40:00,559.7,561.1,559.7,560.9,5369.6,2025-12-11 08:40:00
1765442700000,2025-12-11 08:45:00,560.9,561.3,560.5,560.7,1756.4,2025-12-11 08:45:00
1765443000000,2025-12-11 08:50:00,560.6,561.5,560.6,561.2,1426.9,2025-12-11 08:50:00
1765443300000,2025-12-11 08:55:00,561.2,561.2,560.6,560.9,1535.9,2025-12-11 08:55:00
1765443600000,2025-12-11 09:00:00,560.8,561.0,560.1,560.6,2866.9,2025-12-11 09:00:00
1765443900000,2025-12-11 09:05:00,560.6,562.0,560.2,561.6,2667.1,2025-12-11 09:05:00
1765444200000,2025-12-11 09:10:00,561.7,562.3,560.9,560.9,2305.5,2025-12-11 09:10:00
1765444500000,2025-12-11 09:15:00,560.9,561.6,560.9,561.4,1141.9,2025-12-11 09:15:00
1765444800000,2025-12-11 09:20:00,561.4,561.7,561.1,561.2,782.9,2025-12-11 09:20:00
1765445100000,2025-12-11 09:25:00,561.2,561.8,561.1,561.6,786.9,2025-12-11 09:25:00
1765445400000,2025-12-11 09:30:00,561.6,562.1,561.1,561.1,1828.6,2025-12-11 09:30:00
1765445700000,2025-12-11 09:35:00,561.1,561.7,561.1,561.3,830.5,2025-12-11 09:35:00
1765446000000,2025-12-11 09:40:00,561.4,561.4,560.4,560.4,2026.0,2025-12-11 09:40:00
1765446300000,2025-12-11 09:45:00,560.4,560.5,560.2,560.2,345.8,2025-12-11 09:45:00
1765446600000,2025-12-11 09:50:00,560.1,560.4,559.8,559.8,859.7,2025-12-11 09:50:00
1765446900000,2025-12-11 09:55:00,559.8,559.9,559.5,559.8,982.2,2025-12-11 09:55:00
1765447200000,2025-12-11 10:00:00,559.8,559.9,559.4,559.5,1236.1,2025-12-11 10:00:00
1765447500000,2025-12-11 10:05:00,559.4,559.6,559.3,559.5,1261.3,2025-12-11 10:05:00
1765447800000,2025-12-11 10:10:00,559.5,559.5,558.7,559.4,3394.5,2025-12-11 10:10:00
1765448100000,2025-12-11 10:15:00,559.3,559.4,558.0,558.3,4888.1,2025-12-11 10:15:00
1765448400000,2025-12-11 10:20:00,558.2,559.1,558.1,559.1,3158.8,2025-12-11 10:20:00
1765448700000,2025-12-11 10:25:00,559.1,559.6,558.4,559.1,5292.4,2025-12-11 10:25:00
1765449000000,2025-12-11 10:30:00,559.2,559.2,558.7,558.8,1022.5,2025-12-11 10:30:00
1765449300000,2025-12-11 10:35:00,558.8,559.1,558.4,558.7,2688.5,2025-12-11 10:35:00
1765449600000,2025-12-11 10:40:00,558.6,558.9,558.6,558.9,260.7,2025-12-11 10:40:00
1765449900000,2025-12-11 10:45:00,558.9,560.2,558.8,559.9,1833.7,2025-12-11 10:45:00
1765450200000,2025-12-11 10:50:00,559.9,560.5,559.8,560.3,1234.4,2025-12-11 10:50:00
1765450500000,2025-12-11 10:55:00,560.2,561.7,560.0,561.2,5659.1,2025-12-11 10:55:00
1765450800000,2025-12-11 11:00:00,561.2,561.2,560.7,561.1,1362.0,2025-12-11 11:00:00
1765451100000,2025-12-11 11:05:00,561.2,561.4,561.0,561.1,1675.4,2025-12-11 11:05:00
1765451400000,2025-12-11 11:10:00,561.2,561.4,560.7,561.1,3229.5,2025-12-11 11:10:00
1765451700000,2025-12-11 11:15:00,561.0,561.2,560.4,560.7,885.9,2025-12-11 11:15:00
1765452000000,2025-12-11 11:20:00,560.6,560.7,560.1,560.5,1972.9,2025-12-11 11:20:00
1765452300000,2025-12-11 11:25:00,560.6,560.6,559.7,559.7,1623.3,2025-12-11 11:25:00
1765452600000,2025-12-11 11:30:00,559.8,559.8,558.8,558.9,2786.2,2025-12-11 11:30:00
1765452900000,2025-12-11 11:35:00,558.9,558.9,558.3,558.3,3924.6,2025-12-11 11:35:00
1765453200000,2025-12-11 11:40:00,558.3,558.6,558.2,558.4,741.1,2025-12-11 11:40:00
1765453500000,2025-12-11 11:45:00,558.4,558.4,557.9,558.2,2779.2,2025-12-11 11:45:00
1765453800000,2025-12-11 11:50:00,558.1,559.0,557.7,558.8,2891.8,2025-12-11 11:50:00
1765454100000,2025-12-11 11:55:00,558.8,559.9,558.2,559.7,9027.4,2025-12-11 11:55:00
1765454400000,2025-12-11 12:00:00,559.7,559.8,559.2,559.3,3605.1,2025-12-11 12:00:00
1765454700000,2025-12-11 12:05:00,559.3,559.5,558.6,559.3,3290.9,2025-12-11 12:05:00
1765455000000,2025-12-11 12:10:00,559.4,560.4,559.1,560.1,4007.5,2025-12-11 12:10:00
1765455300000,2025-12-11 12:15:00,560.1,560.4,559.0,560.1,10439.7,2025-12-11 12:15:00
1765455600000,2025-12-11 12:20:00,560.2,560.2,559.3,559.5,4653.6,2025-12-11 12:20:00
1765455900000,2025-12-11 12:25:00,559.5,560.6,559.0,560.1,7596.5,2025-12-11 12:25:00
1765456200000,2025-12-11 12:30:00,560.1,562.4,560.0,562.1,7804.1,2025-12-11 12:30:00
1765456500000,2025-12-11 12:35:00,562.1,562.8,561.9,562.7,4406.2,2025-12-11 12:35:00
1765456800000,2025-12-11 12:40:00,562.7,562.7,561.5,562.2,2377.7,2025-12-11 12:40:00
1765457100000,2025-12-11 12:45:00,562.1,562.5,561.3,561.4,2628.8,2025-12-11 12:45:00
1765457400000,2025-12-11 12:50:00,561.5,561.5,560.5,560.9,2582.5,2025-12-11 12:50:00
1765457700000,2025-12-11 12:55:00,560.9,562.3,560.7,562.3,3968.7,2025-12-11 12:55:00
1765458000000,2025-12-11 13:00:00,562.3,562.4,560.9,562.0,6296.4,2025-12-11 13:00:00
1765458300000,2025-12-11 13:05:00,562.0,562.8,561.4,562.3,4092.3,2025-12-11 13:05:00
1765458600000,2025-12-11 13:10:00,562.3,563.2,561.5,562.4,5073.6,2025-12-11 13:10:00
1765458900000,2025-12-11 13:15:00,562.4,562.7,561.9,562.2,1875.7,2025-12-11 13:15:00
1765459200000,2025-12-11 13:20:00,562.1,563.0,560.7,560.8,3712.9,2025-12-11 13:20:00
1765459500000,2025-12-11 13:25:00,560.8,564.6,560.4,563.0,18726.6,2025-12-11 13:25:00
1765459800000,2025-12-11 13:30:00,563.0,563.2,561.4,561.8,2793.1,2025-12-11 13:30:00
1765460100000,2025-12-11 13:35:00,561.8,562.8,561.7,562.2,6197.1,2025-12-11 13:35:00
1765460400000,2025-12-11 13:40:00,562.2,563.3,561.9,562.6,5494.9,2025-12-11 13:40:00
1765460700000,2025-12-11 13:45:00,562.6,564.2,562.2,563.8,6747.9,2025-12-11 13:45:00
1765461000000,2025-12-11 13:50:00,563.7,564.0,562.9,563.8,2605.4,2025-12-11 13:50:00
1765461300000,2025-12-11 13:55:00,563.8,563.8,562.9,563.8,1350.8,2025-12-11 13:55:00
1765461600000,2025-12-11 14:00:00,563.7,564.6,563.3,563.7,2799.9,2025-12-11 14:00:00
1765461900000,2025-12-11 14:05:00,563.7,564.0,562.5,562.7,2545.4,2025-12-11 14:05:00
1765462200000,2025-12-11 14:10:00,562.7,563.3,562.0,563.3,2139.2,2025-12-11 14:10:00
1765462500000,2025-12-11 14:15:00,563.3,563.6,563.2,563.3,1225.8,2025-12-11 14:15:00
1765462800000,2025-12-11 14:20:00,563.3,563.4,562.2,562.3,1059.8,2025-12-11 14:20:00
1765463100000,2025-12-11 14:25:00,562.2,563.1,560.9,562.0,6654.5,2025-12-11 14:25:00
1765463400000,2025-12-11 14:30:00,562.0,562.8,559.3,562.3,14981.9,2025-12-11 14:30:00
1765463700000,2025-12-11 14:35:00,562.4,564.3,562.3,564.0,6786.0,2025-12-11 14:35:00
1765464000000,2025-12-11 14:40:00,564.0,564.0,561.3,561.8,3507.1,2025-12-11 14:40:00
1765464300000,2025-12-11 14:45:00,561.8,562.2,558.8,559.2,9437.2,2025-12-11 14:45:00
1765464600000,2025-12-11 14:50:00,559.3,560.1,558.8,559.5,6871.2,2025-12-11 14:50:00
1765464900000,2025-12-11 14:55:00,559.6,560.6,558.6,559.2,6910.3,2025-12-11 14:55:00
1765465200000,2025-12-11 15:00:00,559.2,560.9,558.7,560.3,5179.2,2025-12-11 15:00:00
1765465500000,2025-12-11 15:05:00,560.3,562.1,560.1,561.6,5563.7,2025-12-11 15:05:00
1765465800000,2025-12-11 15:10:00,561.6,562.4,560.8,561.2,3754.5,2025-12-11 15:10:00
1765466100000,2025-12-11 15:15:00,561.2,562.4,560.4,562.2,3359.4,2025-12-11 15:15:00
1765466400000,2025-12-11 15:20:00,562.3,563.7,561.4,563.7,5372.0,2025-12-11 15:20:00
1765466700000,2025-12-11 15:25:00,563.8,564.2,561.1,561.3,6375.6,2025-12-11 15:25:00
1765467000000,2025-12-11 15:30:00,561.4,561.5,560.7,561.0,3028.9,2025-12-11 15:30:00
1765467300000,2025-12-11 15:35:00,560.9,561.9,560.3,560.3,6394.7,2025-12-11 15:35:00
1765467600000,2025-12-11 15:40:00,560.2,561.2,559.6,560.1,6878.0,2025-12-11 15:40:00
1765467900000,2025-12-11 15:45:00,560.2,561.2,558.3,559.1,6053.1,2025-12-11 15:45:00
1765468200000,2025-12-11 15:50:00,559.1,560.0,558.8,559.6,3115.5,2025-12-11 15:50:00
1765468500000,2025-12-11 15:55:00,559.6,560.2,559.4,559.8,3731.8,2025-12-11 15:55:00
1765468800000,2025-12-11 16:00:00,559.7,560.1,558.6,559.0,3573.0,2025-12-11 16:00:00
1765469100000,2025-12-11 16:05:00,558.9,559.1,557.7,557.9,5242.6,2025-12-11 16:05:00
1765469400000,2025-12-11 16:10:00,557.9,558.3,557.6,557.8,2033.0,2025-12-11 16:10:00
1765469700000,2025-12-11 16:15:00,557.8,558.3,556.6,558.0,10951.3,2025-12-11 16:15:00
1765470000000,2025-12-11 16:20:00,558.0,558.9,557.9,558.9,7322.4,2025-12-11 16:20:00
1765470300000,2025-12-11 16:25:00,558.9,558.9,558.0,558.4,2212.8,2025-12-11 16:25:00
1765470600000,2025-12-11 16:30:00,558.4,558.9,557.7,558.4,3245.3,2025-12-11 16:30:00
1765470900000,2025-12-11 16:35:00,558.4,559.1,558.0,559.0,1324.8,2025-12-11 16:35:00
1765471200000,2025-12-11 16:40:00,558.9,560.2,558.6,559.5,6106.4,2025-12-11 16:40:00
1765471500000,2025-12-11 16:45:00,559.5,559.9,558.7,559.1,2145.5,2025-12-11 16:45:00
1765471800000,2025-12-11 16:50:00,559.1,559.1,557.7,558.0,1471.8,2025-12-11 16:50:00
1765472100000,2025-12-11 16:55:00,558.0,558.6,557.6,558.6,2400.5,2025-12-11 16:55:00
1765472400000,2025-12-11 17:00:00,558.6,558.7,557.5,557.9,1398.3,2025-12-11 17:00:00
1765472700000,2025-12-11 17:05:00,557.8,558.3,557.4,557.6,1154.4,2025-12-11 17:05:00
1765473000000,2025-12-11 17:10:00,557.5,558.2,557.5,558.0,856.7,2025-12-11 17:10:00
1765473300000,2025-12-11 17:15:00,558.1,558.1,557.6,558.0,589.0,2025-12-11 17:15:00
1765473600000,2025-12-11 17:20:00,557.9,558.8,557.9,558.6,2189.6,2025-12-11 17:20:00
1765473900000,2025-12-11 17:25:00,558.6,559.5,558.4,558.4,2538.2,2025-12-11 17:25:00
1765474200000,2025-12-11 17:30:00,558.4,558.8,557.9,558.0,2491.3,2025-12-11 17:30:00
1765474500000,2025-12-11 17:35:00,558.0,558.7,557.9,558.1,2082.6,2025-12-11 17:35:00
1765474800000,2025-12-11 17:40:00,558.1,558.2,557.5,557.5,1020.3,2025-12-11 17:40:00
1765475100000,2025-12-11 17:45:00,557.5,557.9,557.5,557.5,939.0,2025-12-11 17:45:00
1765475400000,2025-12-11 17:50:00,557.5,557.8,557.2,557.6,1628.7,2025-12-11 17:50:00
1765475700000,2025-12-11 17:55:00,557.6,557.7,557.2,557.7,712.3,2025-12-11 17:55:00
1765476000000,2025-12-11 18:00:00,557.8,559.2,557.7,559.1,1343.7,2025-12-11 18:00:00
1765476300000,2025-12-11 18:05:00,559.1,559.4,558.6,558.7,2088.5,2025-12-11 18:05:00
1765476600000,2025-12-11 18:10:00,558.7,559.7,558.7,559.1,610.7,2025-12-11 18:10:00
1765476900000,2025-12-11 18:15:00,559.1,560.5,559.0,560.3,4454.1,2025-12-11 18:15:00
1765477200000,2025-12-11 18:20:00,560.4,560.9,560.0,560.4,3021.5,2025-12-11 18:20:00
1765477500000,2025-12-11 18:25:00,560.4,560.7,560.2,560.4,1839.3,2025-12-11 18:25:00
1765477800000,2025-12-11 18:30:00,560.3,560.7,560.2,560.4,610.5,2025-12-11 18:30:00
1765478100000,2025-12-11 18:35:00,560.4,561.4,560.4,560.7,2278.0,2025-12-11 18:35:00
1765478400000,2025-12-11 18:40:00,560.8,563.0,560.3,562.8,4283.2,2025-12-11 18:40:00
1765478700000,2025-12-11 18:45:00,562.8,563.0,561.5,561.8,6928.7,2025-12-11 18:45:00
1765479000000,2025-12-11 18:50:00,561.8,562.0,560.4,560.4,5125.7,2025-12-11 18:50:00
1765479300000,2025-12-11 18:55:00,560.4,560.8,559.7,560.6,1206.5,2025-12-11 18:55:00
1765479600000,2025-12-11 19:00:00,560.6,562.0,560.6,561.7,1471.4,2025-12-11 19:00:00
1765479900000,2025-12-11 19:05:00,561.7,562.0,561.2,561.8,2129.9,2025-12-11 19:05:00
1765480200000,2025-12-11 19:10:00,561.7,562.1,561.0,561.4,1014.4,2025-12-11 19:10:00
1765480500000,2025-12-11 19:15:00,561.5,562.4,561.0,561.9,5374.7,2025-12-11 19:15:00
1765480800000,2025-12-11 19:20:00,561.9,562.4,560.9,562.4,4503.7,2025-12-11 19:20:00
1765481100000,2025-12-11 19:25:00,562.4,562.6,561.7,562.5,1634.4,2025-12-11 19:25:00
1765481400000,2025-12-11 19:30:00,562.5,563.7,562.4,563.5,3044.6,2025-12-11 19:30:00
1765481700000,2025-12-11 19:35:00,563.5,564.1,563.2,563.2,2285.0,2025-12-11 19:35:00
1765482000000,2025-12-11 19:40:00,563.2,563.4,562.2,563.1,4133.0,2025-12-11 19:40:00
1765482300000,2025-12-11 19:45:00,563.1,563.5,562.6,563.5,1042.4,2025-12-11 19:45:00
1765482600000,2025-12-11 19:50:00,563.5,563.8,562.2,562.4,1014.0,2025-12-11 19:50:00
1765482900000,2025-12-11 19:55:00,562.4,562.9,561.6,562.3,1706.5,2025-12-11 19:55:00
1765483200000,2025-12-11 20:00:00,562.4,562.8,562.4,562.7,1339.4,2025-12-11 20:00:00
1765483500000,2025-12-11 20:05:00,562.7,564.1,562.5,564.1,2304.8,2025-12-11 20:05:00
1765483800000,2025-12-11 20:10:00,564.0,565.4,563.8,565.0,6605.8,2025-12-11 20:10:00
1765484100000,2025-12-11 20:15:00,565.0,565.4,563.9,564.2,2737.2,2025-12-11 20:15:00
1765484400000,2025-12-11 20:20:00,564.3,564.9,563.9,564.6,2035.3,2025-12-11 20:20:00
1765484700000,2025-12-11 20:25:00,564.6,564.9,564.0,564.4,4980.4,2025-12-11 20:25:00
1765485000000,2025-12-11 20:30:00,564.5,567.3,564.4,567.1,11803.1,2025-12-11 20:30:00
1765485300000,2025-12-11 20:35:00,567.1,567.3,565.3,566.0,3057.5,2025-12-11 20:35:00
1765485600000,2025-12-11 20:40:00,566.0,566.5,565.6,566.2,1971.4,2025-12-11 20:40:00
1765485900000,2025-12-11 20:45:00,566.2,566.3,565.6,565.9,590.4,2025-12-11 20:45:00
1765486200000,2025-12-11 20:50:00,565.9,566.8,565.9,566.2,1911.2,2025-12-11 20:50:00
1765486500000,2025-12-11 20:55:00,566.2,567.0,566.0,566.1,3599.9,2025-12-11 20:55:00
1765486800000,2025-12-11 21:00:00,566.1,567.8,566.0,567.3,7911.6,2025-12-11 21:00:00
1765487100000,2025-12-11 21:05:00,567.3,569.8,566.8,567.8,20492.7,2025-12-11 21:05:00
1765487400000,2025-12-11 21:10:00,567.7,568.6,566.9,567.7,7328.3,2025-12-11 21:10:00
1765487700000,2025-12-11 21:15:00,567.7,570.7,567.7,570.0,7392.6,2025-12-11 21:15:00
1765488000000,2025-12-11 21:20:00,570.1,571.7,569.3,571.3,8813.2,2025-12-11 21:20:00
1765488300000,2025-12-11 21:25:00,571.3,572.4,570.4,572.2,6181.9,2025-12-11 21:25:00
1765488600000,2025-12-11 21:30:00,572.2,574.1,572.2,572.7,10325.3,2025-12-11 21:30:00
1765488900000,2025-12-11 21:35:00,572.7,573.3,571.2,572.3,3593.3,2025-12-11 21:35:00
1765489200000,2025-12-11 21:40:00,572.4,573.2,572.1,572.8,1879.2,2025-12-11 21:40:00
1765489500000,2025-12-11 21:45:00,572.8,573.7,572.0,572.3,3637.8,2025-12-11 21:45:00
1765489800000,2025-12-11 21:50:00,572.2,572.6,571.3,571.4,2295.0,2025-12-11 21:50:00
1765490100000,2025-12-11 21:55:00,571.5,571.9,570.9,571.3,1758.5,2025-12-11 21:55:00
1765490400000,2025-12-11 22:00:00,571.3,572.8,571.2,572.8,3492.4,2025-12-11 22:00:00
1765490700000,2025-12-11 22:05:00,572.8,573.2,572.4,572.7,2877.0,2025-12-11 22:05:00
1765491000000,2025-12-11 22:10:00,572.7,573.1,572.1,573.0,5002.6,2025-12-11 22:10:00
1765491300000,2025-12-11 22:15:00,572.9,573.6,571.6,572.0,3470.3,2025-12-11 22:15:00
1765491600000,2025-12-11 22:20:00,572.1,572.4,570.8,571.3,4801.5,2025-12-11 22:20:00
1765491900000,2025-12-11 22:25:00,571.5,572.4,570.7,571.5,2146.5,2025-12-11 22:25:00
1765492200000,2025-12-11 22:30:00,571.5,573.2,570.6,573.2,3183.6,2025-12-11 22:30:00
1765492500000,2025-12-11 22:35:00,573.2,573.7,572.6,573.4,3566.3,2025-12-11 22:35:00
1765492800000,2025-12-11 22:40:00,573.5,573.8,572.0,573.0,5930.2,2025-12-11 22:40:00
1765493100000,2025-12-11 22:45:00,573.0,573.4,572.0,572.9,4091.3,2025-12-11 22:45:00
1765493400000,2025-12-11 22:50:00,573.0,574.0,572.9,573.6,2313.0,2025-12-11 22:50:00
1765493700000,2025-12-11 22:55:00,573.5,574.4,573.5,574.2,1355.5,2025-12-11 22:55:00
1765494000000,2025-12-11 23:00:00,574.3,576.5,574.3,575.0,9013.7,2025-12-11 23:00:00
1765494300000,2025-12-11 23:05:00,575.1,575.8,573.0,573.6,4129.0,2025-12-11 23:05:00
1765494600000,2025-12-11 23:10:00,573.6,573.9,572.4,573.1,5752.8,2025-12-11 23:10:00
1765494900000,2025-12-11 23:15:00,573.1,573.9,572.7,573.1,3974.8,2025-12-11 23:15:00
1765495200000,2025-12-11 23:20:00,573.1,573.9,572.9,573.2,4821.3,2025-12-11 23:20:00
1765495500000,2025-12-11 23:25:00,573.2,573.5,573.2,573.3,997.0,2025-12-11 23:25:00
1765495800000,2025-12-11 23:30:00,573.3,574.6,573.2,574.6,3551.4,2025-12-11 23:30:00
1765496100000,2025-12-11 23:35:00,574.6,575.7,574.6,575.7,2478.8,2025-12-11 23:35:00
1765496400000,2025-12-11 23:40:00,575.7,575.8,574.7,574.7,3000.2,2025-12-11 23:40:00
1765496700000,2025-12-11 23:45:00,574.7,575.0,573.5,573.7,2933.6,2025-12-11 23:45:00
1765497000000,2025-12-11 23:50:00,573.8,574.3,573.6,574.1,2950.6,2025-12-11 23:50:00
1765497300000,2025-12-11 23:55:00,574.1,574.9,573.7,573.8,1135.3,2025-12-11 23:55:00
1765497600000,2025-12-12 00:00:00,573.9,574.0,572.5,572.6,3222.0,2025-12-12 00:00:00
1765497900000,2025-12-12 00:05:00,572.6,573.3,571.9,572.2,10380.8,2025-12-12 00:05:00
1765498200000,2025-12-12 00:10:00,572.3,576.0,571.8,575.5,15038.2,2025-12-12 00:10:00
1765498500000,2025-12-12 00:15:00,575.6,577.7,575.2,577.7,18057.9,2025-12-12 00:15:00
1765498800000,2025-12-12 00:20:00,577.7,579.3,574.8,577.8,26252.8,2025-12-12 00:20:00
1765499100000,2025-12-12 00:25:00,577.8,578.0,576.4,577.0,13199.0,2025-12-12 00:25:00
1765499400000,2025-12-12 00:30:00,577.0,577.5,576.4,576.7,4606.8,2025-12-12 00:30:00
1765499700000,2025-12-12 00:35:00,576.7,576.8,574.5,574.5,3671.8,2025-12-12 00:35:00
1765500000000,2025-12-12 00:40:00,574.5,575.6,574.4,574.7,5141.6,2025-12-12 00:40:00
1765500300000,2025-12-12 00:45:00,574.6,574.9,573.1,573.8,1450.9,2025-12-12 00:45:00
1765500600000,2025-12-12 00:50:00,573.8,574.0,568.8,569.8,19137.5,2025-12-12 00:50:00
1765500900000,2025-12-12 00:55:00,569.8,570.8,567.6,568.0,14230.6,2025-12-12 00:55:00
1765501200000,2025-12-12 01:00:00,568.1,570.3,567.6,568.2,12027.4,2025-12-12 01:00:00
1765501500000,2025-12-12 01:05:00,568.2,571.8,568.2,571.5,6449.0,2025-12-12 01:05:00
1765501800000,2025-12-12 01:10:00,571.5,572.7,571.4,571.6,4725.0,2025-12-12 01:10:00
1765502100000,2025-12-12 01:15:00,571.6,573.2,571.5,572.9,3081.0,2025-12-12 01:15:00
1765502400000,2025-12-12 01:20:00,573.0,574.9,572.6,574.5,3894.3,2025-12-12 01:20:00
1765502700000,2025-12-12 01:25:00,574.5,574.7,573.3,574.7,2604.3,2025-12-12 01:25:00
1765503000000,2025-12-12 01:30:00,574.7,576.4,574.5,575.9,8219.9,2025-12-12 01:30:00
1765503300000,2025-12-12 01:35:00,575.9,577.4,575.0,576.8,8769.9,2025-12-12 01:35:00
1765503600000,2025-12-12 01:40:00,576.8,577.9,576.5,576.6,7907.1,2025-12-12 01:40:00
1765503900000,2025-12-12 01:45:00,576.7,577.6,576.3,577.2,8365.2,2025-12-12 01:45:00
1765504200000,2025-12-12 01:50:00,577.2,577.8,575.8,576.5,5694.7,2025-12-12 01:50:00
1765504500000,2025-12-12 01:55:00,576.6,576.6,573.6,573.7,7761.8,2025-12-12 01:55:00
1765504800000,2025-12-12 02:00:00,573.8,573.9,571.4,572.5,6218.7,2025-12-12 02:00:00
1765505100000,2025-12-12 02:05:00,572.5,573.4,572.3,573.3,2853.7,2025-12-12 02:05:00
1765505400000,2025-12-12 02:10:00,573.3,576.4,573.1,576.1,5668.7,2025-12-12 02:10:00
1765505700000,2025-12-12 02:15:00,576.0,581.6,575.5,579.4,37587.7,2025-12-12 02:15:00
1765506000000,2025-12-12 02:20:00,579.5,581.8,579.2,581.8,10543.8,2025-12-12 02:20:00
1765506300000,2025-12-12 02:25:00,581.8,582.1,581.0,581.6,11749.1,2025-12-12 02:25:00
1765506600000,2025-12-12 02:30:00,581.7,583.3,581.5,582.7,9325.9,2025-12-12 02:30:00
1765506900000,2025-12-12 02:35:00,582.7,583.2,580.5,580.7,11194.3,2025-12-12 02:35:00
1765507200000,2025-12-12 02:40:00,580.8,581.3,580.0,580.4,5950.5,2025-12-12 02:40:00
1765507500000,2025-12-12 02:45:00,580.3,583.6,580.3,583.6,8956.6,2025-12-12 02:45:00
1765507800000,2025-12-12 02:50:00,583.5,583.8,582.4,582.5,4828.0,2025-12-12 02:50:00
1765508100000,2025-12-12 02:55:00,582.5,583.3,580.0,580.5,14554.9,2025-12-12 02:55:00
1765508400000,2025-12-12 03:00:00,580.6,581.9,580.5,581.2,2558.0,2025-12-12 03:00:00
1765508700000,2025-12-12 03:05:00,581.1,582.7,580.8,581.9,7121.6,2025-12-12 03:05:00
1765509000000,2025-12-12 03:10:00,581.9,584.3,581.5,582.1,13298.5,2025-12-12 03:10:00
1765509300000,2025-12-12 03:15:00,582.1,583.0,581.3,581.9,7112.4,2025-12-12 03:15:00
1765509600000,2025-12-12 03:20:00,581.9,581.9,580.2,580.7,6531.9,2025-12-12 03:20:00
1765509900000,2025-12-12 03:25:00,580.7,581.2,580.4,581.1,1652.6,2025-12-12 03:25:00
1765510200000,2025-12-12 03:30:00,581.1,581.9,581.1,581.6,2512.6,2025-12-12 03:30:00
1765510500000,2025-12-12 03:35:00,581.6,582.1,581.3,582.0,3312.9,2025-12-12 03:35:00
1765510800000,2025-12-12 03:40:00,582.1,582.1,581.2,581.3,3949.1,2025-12-12 03:40:00
1765511100000,2025-12-12 03:45:00,581.3,581.4,580.7,581.0,1423.0,2025-12-12 03:45:00
1765511400000,2025-12-12 03:50:00,581.0,581.1,580.0,580.2,4526.2,2025-12-12 03:50:00
1765511700000,2025-12-12 03:55:00,580.3,580.3,578.9,579.3,2025.1,2025-12-12 03:55:00
1765512000000,2025-12-12 04:00:00,579.3,579.8,578.3,579.1,3707.4,2025-12-12 04:00:00
1765512300000,2025-12-12 04:05:00,579.1,579.6,579.0,579.4,2370.3,2025-12-12 04:05:00
1765512600000,2025-12-12 04:10:00,579.4,579.9,578.0,578.0,1495.5,2025-12-12 04:10:00
1765512900000,2025-12-12 04:15:00,578.1,578.2,577.1,578.0,6071.8,2025-12-12 04:15:00
1765513200000,2025-12-12 04:20:00,578.0,578.7,577.9,578.4,1954.6,2025-12-12 04:20:00
1765513500000,2025-12-12 04:25:00,578.4,578.9,578.3,578.3,3817.8,2025-12-12 04:25:00
1765513800000,2025-12-12 04:30:00,578.2,579.2,578.2,579.1,2351.7,2025-12-12 04:30:00
1765514100000,2025-12-12 04:35:00,579.0,579.3,578.3,578.7,2527.9,2025-12-12 04:35:00
1765514400000,2025-12-12 04:40:00,578.7,579.4,578.6,579.4,2796.8,2025-12-12 04:40:00
1765514700000,2025-12-12 04:45:00,579.3,579.7,578.9,579.0,2030.8,2025-12-12 04:45:00
1765515000000,2025-12-12 04:50:00,579.1,579.8,578.9,579.5,1719.7,2025-12-12 04:50:00
1765515300000,2025-12-12 04:55:00,579.5,580.4,579.5,579.9,2445.7,2025-12-12 04:55:00
1765515600000,2025-12-12 05:00:00,579.9,581.0,579.9,580.9,5464.5,2025-12-12 05:00:00
1765515900000,2025-12-12 05:05:00,580.9,581.2,580.0,580.0,2350.6,2025-12-12 05:05:00
1765516200000,2025-12-12 05:10:00,580.1,580.1,578.8,578.8,1401.5,2025-12-12 05:10:00
1765516500000,2025-12-12 05:15:00,578.8,579.0,577.9,578.2,2411.6,2025-12-12 05:15:00
1765516800000,2025-12-12 05:20:00,578.2,578.3,577.2,577.8,2072.7,2025-12-12 05:20:00
1765517100000,2025-12-12 05:25:00,577.8,579.5,577.8,579.4,2721.6,2025-12-12 05:25:00
1765517400000,2025-12-12 05:30:00,579.4,579.9,578.1,578.5,5583.7,2025-12-12 05:30:00
1765517700000,2025-12-12 05:35:00,578.5,579.9,578.5,579.8,3002.5,2025-12-12 05:35:00
1765518000000,2025-12-12 05:40:00,579.8,580.4,578.8,578.8,3209.4,2025-12-12 05:40:00
1765518300000,2025-12-12 05:45:00,578.8,580.0,578.8,579.2,5304.6,2025-12-12 05:45:00
1765518600000,2025-12-12 05:50:00,579.3,580.2,579.2,579.5,2762.5,2025-12-12 05:50:00
1765518900000,2025-12-12 05:55:00,579.4,579.6,579.1,579.6,752.2,2025-12-12 05:55:00
1765519200000,2025-12-12 06:00:00,579.5,579.9,578.4,578.9,7988.6,2025-12-12 06:00:00
1765519500000,2025-12-12 06:05:00,578.8,579.1,578.1,578.9,4982.4,2025-12-12 06:05:00
1765519800000,2025-12-12 06:10:00,578.9,581.1,578.8,581.0,5714.4,2025-12-12 06:10:00
1765520100000,2025-12-12 06:15:00,580.9,581.0,580.1,580.5,5654.0,2025-12-12 06:15:00
1765520400000,2025-12-12 06:20:00,580.4,580.7,579.5,579.7,2450.4,2025-12-12 06:20:00
1765520700000,2025-12-12 06:25:00,579.6,580.0,579.4,579.4,1617.8,2025-12-12 06:25:00
1765521000000,2025-12-12 06:30:00,579.4,580.1,578.5,579.0,2298.2,2025-12-12 06:30:00
1765521300000,2025-12-12 06:35:00,579.0,579.6,578.9,579.2,871.1,2025-12-12 06:35:00
1765521600000,2025-12-12 06:40:00,579.1,579.9,579.0,579.2,2108.1,2025-12-12 06:40:00
1765521900000,2025-12-12 06:45:00,579.2,579.7,578.8,579.7,1646.1,2025-12-12 06:45:00
1765522200000,2025-12-12 06:50:00,579.6,580.1,579.6,579.9,1333.2,2025-12-12 06:50:00
1765522500000,2025-12-12 06:55:00,579.9,580.9,579.9,580.9,1411.5,2025-12-12 06:55:00
1765522800000,2025-12-12 07:00:00,581.0,581.1,580.2,580.5,1281.9,2025-12-12 07:00:00
1765523100000,2025-12-12 07:05:00,580.5,581.2,580.2,580.6,3377.6,2025-12-12 07:05:00
1765523400000,2025-12-12 07:10:00,580.7,588.7,580.6,583.7,60994.2,2025-12-12 07:10:00
1765523700000,2025-12-12 07:15:00,583.7,584.8,583.0,583.0,11202.9,2025-12-12 07:15:00
1765524000000,2025-12-12 07:20:00,583.0,583.1,579.3,581.2,19926.1,2025-12-12 07:20:00
1765524300000,2025-12-12 07:25:00,581.2,581.5,579.0,579.4,9002.1,2025-12-12 07:25:00
1765524600000,2025-12-12 07:30:00,579.5,580.7,579.5,580.4,3262.6,2025-12-12 07:30:00
1765524900000,2025-12-12 07:35:00,580.3,580.6,578.8,579.0,4185.2,2025-12-12 07:35:00
1765525200000,2025-12-12 07:40:00,578.9,579.3,577.3,578.1,8366.0,2025-12-12 07:40:00
1765525500000,2025-12-12 07:45:00,578.1,578.3,577.8,578.3,1910.3,2025-12-12 07:45:00
1765525800000,2025-12-12 07:50:00,578.2,578.3,577.7,577.7,1352.8,2025-12-12 07:50:00
1765526100000,2025-12-12 07:55:00,577.7,578.5,577.2,578.2,4262.7,2025-12-12 07:55:00
1765526400000,2025-12-12 08:00:00,578.1,578.3,577.6,578.1,2200.5,2025-12-12 08:00:00
1765526700000,2025-12-12 08:05:00,578.2,578.9,578.2,578.8,1583.7,2025-12-12 08:05:00
1765527000000,2025-12-12 08:10:00,578.8,579.0,578.1,578.3,1216.0,2025-12-12 08:10:00
1765527300000,2025-12-12 08:15:00,578.4,578.6,577.9,578.0,2219.7,2025-12-12 08:15:00
1765527600000,2025-12-12 08:20:00,578.0,578.1,576.0,576.1,7930.2,2025-12-12 08:20:00
1765527900000,2025-12-12 08:25:00,576.0,576.0,574.3,575.3,9323.7,2025-12-12 08:25:00
1765528200000,2025-12-12 08:30:00,575.3,575.5,574.0,574.5,10938.1,2025-12-12 08:30:00
1765528500000,2025-12-12 08:35:00,574.4,574.6,573.1,573.8,5862.6,2025-12-12 08:35:00
1765528800000,2025-12-12 08:40:00,573.9,575.6,573.7,574.7,7391.3,2025-12-12 08:40:00
1765529100000,2025-12-12 08:45:00,574.7,576.3,574.3,576.1,13057.6,2025-12-12 08:45:00
1765529400000,2025-12-12 08:50:00,576.0,576.4,575.8,576.0,2019.2,2025-12-12 08:50:00
1765529700000,2025-12-12 08:55:00,575.9,578.7,575.9,578.0,10877.2,2025-12-12 08:55:00
1765530000000,2025-12-12 09:00:00,578.0,578.8,577.9,578.5,4856.7,2025-12-12 09:00:00
1765530300000,2025-12-12 09:05:00,578.5,579.0,577.5,577.7,4772.5,2025-12-12 09:05:00
1765530600000,2025-12-12 09:10:00,577.7,578.6,577.1,578.4,6716.0,2025-12-12 09:10:00
1765530900000,2025-12-12 09:15:00,578.4,578.7,578.0,578.4,1244.2,2025-12-12 09:15:00
1765531200000,2025-12-12 09:20:00,578.4,578.6,577.4,577.5,1724.4,2025-12-12 09:20:00
1765531500000,2025-12-12 09:25:00,577.5,577.8,576.6,576.7,3669.8,2025-12-12 09:25:00
1765531800000,2025-12-12 09:30:00,576.7,577.3,575.6,576.2,3598.3,2025-12-12 09:30:00
1765532100000,2025-12-12 09:35:00,576.2,576.9,576.1,576.9,1093.4,2025-12-12 09:35:00
1765532400000,2025-12-12 09:40:00,576.9,577.6,576.7,577.5,937.8,2025-12-12 09:40:00
1765532700000,2025-12-12 09:45:00,577.4,577.8,576.9,577.8,1318.8,2025-12-12 09:45:00
1765533000000,2025-12-12 09:50:00,577.8,578.5,577.7,577.9,2892.0,2025-12-12 09:50:00
1765533300000,2025-12-12 09:55:00,577.9,578.4,577.6,578.2,1581.7,2025-12-12 09:55:00
1765533600000,2025-12-12 10:00:00,578.1,579.5,577.8,578.9,8989.8,2025-12-12 10:00:00
1765533900000,2025-12-12 10:05:00,578.9,581.8,578.8,581.8,10655.1,2025-12-12 10:05:00
1765534200000,2025-12-12 10:10:00,581.8,581.8,580.1,580.3,3394.2,2025-12-12 10:10:00
1765534500000,2025-12-12 10:15:00,580.3,580.6,579.8,580.0,1627.2,2025-12-12 10:15:00
1765534800000,2025-12-12 10:20:00,580.0,582.2,579.9,582.2,4352.6,2025-12-12 10:20:00
1765535100000,2025-12-12 10:25:00,582.2,582.5,581.8,582.2,3176.9,2025-12-12 10:25:00
1765535400000,2025-12-12 10:30:00,582.1,582.4,581.8,582.4,3156.2,2025-12-12 10:30:00
1765535700000,2025-12-12 10:35:00,582.4,582.6,581.9,582.1,2998.9,2025-12-12 10:35:00
1765536000000,2025-12-12 10:40:00,582.1,582.6,581.9,582.1,1679.7,2025-12-12 10:40:00
1765536300000,2025-12-12 10:45:00,582.0,583.1,581.9,583.0,2438.8,2025-12-12 10:45:00
1765536600000,2025-12-12 10:50:00,583.0,583.7,582.3,582.4,4767.7,2025-12-12 10:50:00
1765536900000,2025-12-12 10:55:00,582.5,582.8,582.2,582.7,1455.3,2025-12-12 10:55:00
1765537200000,2025-12-12 11:00:00,582.7,583.9,582.3,582.9,4156.4,2025-12-12 11:00:00
1765537500000,2025-12-12 11:05:00,582.9,583.0,582.1,582.2,2001.0,2025-12-12 11:05:00
1765537800000,2025-12-12 11:10:00,582.2,582.4,581.2,581.9,6468.6,2025-12-12 11:10:00
1765538100000,2025-12-12 11:15:00,582.0,582.0,580.4,580.5,4144.0,2025-12-12 11:15:00
1765538400000,2025-12-12 11:20:00,580.6,582.3,580.5,581.4,8760.8,2025-12-12 11:20:00
1765538700000,2025-12-12 11:25:00,581.3,582.0,581.3,582.0,725.2,2025-12-12 11:25:00
1765539000000,2025-12-12 11:30:00,582.0,582.0,581.3,581.9,2078.8,2025-12-12 11:30:00
1765539300000,2025-12-12 11:35:00,582.0,582.1,580.7,581.0,2403.8,2025-12-12 11:35:00
1765539600000,2025-12-12 11:40:00,581.1,581.5,581.0,581.5,1057.3,2025-12-12 11:40:00
1765539900000,2025-12-12 11:45:00,581.5,581.9,581.4,581.7,788.9,2025-12-12 11:45:00
1765540200000,2025-12-12 11:50:00,581.6,581.8,581.3,581.5,849.2,2025-12-12 11:50:00
1765540500000,2025-12-12 11:55:00,581.5,582.7,581.4,582.6,1351.7,2025-12-12 11:55:00
1765540800000,2025-12-12 12:00:00,582.7,582.7,581.2,581.3,3130.5,2025-12-12 12:00:00
1765541100000,2025-12-12 12:05:00,581.4,582.1,581.3,582.0,549.5,2025-12-12 12:05:00
1765541400000,2025-12-12 12:10:00,582.0,582.5,582.0,582.3,833.9,2025-12-12 12:10:00
1765541700000,2025-12-12 12:15:00,582.3,582.4,581.7,582.3,1239.7,2025-12-12 12:15:00
1765542000000,2025-12-12 12:20:00,582.2,582.3,580.9,581.5,1599.4,2025-12-12 12:20:00
1765542300000,2025-12-12 12:25:00,581.5,583.6,581.0,583.0,3899.6,2025-12-12 12:25:00
1765542600000,2025-12-12 12:30:00,583.1,583.6,582.5,582.8,1916.7,2025-12-12 12:30:00
1765542900000,2025-12-12 12:35:00,582.8,583.0,582.4,582.4,1103.5,2025-12-12 12:35:00
1765543200000,2025-12-12 12:40:00,582.5,582.5,581.3,581.6,2683.0,2025-12-12 12:40:00
1765543500000,2025-12-12 12:45:00,581.6,582.1,581.4,581.7,3886.4,2025-12-12 12:45:00
1765543800000,2025-12-12 12:50:00,581.7,582.8,581.6,582.1,10590.0,2025-12-12 12:50:00
1765544100000,2025-12-12 12:55:00,582.1,582.1,581.5,581.8,3027.0,2025-12-12 12:55:00
1765544400000,2025-12-12 13:00:00,581.8,582.8,581.4,582.4,3643.6,2025-12-12 13:00:00
1765544700000,2025-12-12 13:05:00,582.4,582.6,581.7,581.7,1470.3,2025-12-12 13:05:00
1765545000000,2025-12-12 13:10:00,581.6,582.6,581.4,582.6,1538.8,2025-12-12 13:10:00
1765545300000,2025-12-12 13:15:00,582.6,584.5,582.3,584.2,7485.9,2025-12-12 13:15:00
1765545600000,2025-12-12 13:20:00,584.2,584.4,583.4,583.4,3284.5,2025-12-12 13:20:00
1765545900000,2025-12-12 13:25:00,583.5,583.9,583.2,583.2,1049.7,2025-12-12 13:25:00
1765546200000,2025-12-12 13:30:00,583.3,584.0,582.7,583.2,2004.2,2025-12-12 13:30:00
1765546500000,2025-12-12 13:35:00,583.2,584.7,583.1,584.7,3642.0,2025-12-12 13:35:00
1765546800000,2025-12-12 13:40:00,584.7,585.4,584.3,584.6,5515.3,2025-12-12 13:40:00
1765547100000,2025-12-12 13:45:00,584.7,585.1,584.3,585.0,6562.5,2025-12-12 13:45:00
1765547400000,2025-12-12 13:50:00,585.0,585.0,583.2,583.6,6834.1,2025-12-12 13:50:00
1765547700000,2025-12-12 13:55:00,583.6,583.9,582.2,582.4,2163.7,2025-12-12 13:55:00
1765548000000,2025-12-12 14:00:00,582.5,583.2,582.3,583.1,1766.8,2025-12-12 14:00:00
1765548300000,2025-12-12 14:05:00,583.0,583.2,581.9,582.0,1561.1,2025-12-12 14:05:00
1765548600000,2025-12-12 14:10:00,582.0,582.4,581.8,582.1,1799.2,2025-12-12 14:10:00
1765548900000,2025-12-12 14:15:00,582.1,582.7,581.5,582.7,2260.2,2025-12-12 14:15:00
1765549200000,2025-12-12 14:20:00,582.7,583.7,581.8,581.8,1794.2,2025-12-12 14:20:00
1765549500000,2025-12-12 14:25:00,581.7,581.7,580.2,580.7,4827.0,2025-12-12 14:25:00
1765549800000,2025-12-12 14:30:00,580.7,583.2,580.1,582.5,5740.4,2025-12-12 14:30:00
1765550100000,2025-12-12 14:35:00,582.4,583.8,582.1,583.1,3144.0,2025-12-12 14:35:00
1765550400000,2025-12-12 14:40:00,583.1,583.3,582.3,583.3,3781.9,2025-12-12 14:40:00
1765550700000,2025-12-12 14:45:00,583.3,583.8,582.5,582.6,1170.6,2025-12-12 14:45:00
1765551000000,2025-12-12 14:50:00,582.6,583.6,582.1,583.5,4727.3,2025-12-12 14:50:00
1765551300000,2025-12-12 14:55:00,583.6,584.0,582.1,583.6,9713.0,2025-12-12 14:55:00
1765551600000,2025-12-12 15:00:00,583.6,583.8,581.3,581.4,6037.0,2025-12-12 15:00:00
1765551900000,2025-12-12 15:05:00,581.4,582.3,580.4,580.9,10512.7,2025-12-12 15:05:00
1765552200000,2025-12-12 15:10:00,581.0,584.1,580.9,582.7,15355.1,2025-12-12 15:10:00
1765552500000,2025-12-12 15:15:00,582.7,582.7,581.0,582.2,8041.7,2025-12-12 15:15:00
1765552800000,2025-12-12 15:20:00,582.3,582.3,581.1,581.2,5590.5,2025-12-12 15:20:00
1765553100000,2025-12-12 15:25:00,581.2,581.5,578.0,578.4,19485.7,2025-12-12 15:25:00
1765553400000,2025-12-12 15:30:00,578.5,579.5,576.8,578.2,25066.1,2025-12-12 15:30:00
1765553700000,2025-12-12 15:35:00,578.2,581.2,577.7,580.4,29746.2,2025-12-12 15:35:00
1765554000000,2025-12-12 15:40:00,580.4,580.6,577.4,580.4,22448.8,2025-12-12 15:40:00
1765554300000,2025-12-12 15:45:00,580.4,585.0,579.8,584.7,24044.5,2025-12-12 15:45:00
1765554600000,2025-12-12 15:50:00,584.6,584.9,579.2,580.5,23249.0,2025-12-12 15:50:00
1765554900000,2025-12-12 15:55:00,580.5,580.8,577.3,580.3,23365.1,2025-12-12 15:55:00
1765555200000,2025-12-12 16:00:00,580.4,581.0,574.2,575.2,32017.1,2025-12-12 16:00:00
1765555500000,2025-12-12 16:05:00,575.2,578.2,571.3,577.5,48139.2,2025-12-12 16:05:00
1765555800000,2025-12-12 16:10:00,577.5,577.6,574.0,575.3,24663.4,2025-12-12 16:10:00
1765556100000,2025-12-12 16:15:00,575.2,576.7,574.6,576.1,16078.9,2025-12-12 16:15:00
1765556400000,2025-12-12 16:20:00,576.0,578.6,574.6,578.5,10798.0,2025-12-12 16:20:00
1765556700000,2025-12-12 16:25:00,578.6,579.9,577.4,579.9,8631.4,2025-12-12 16:25:00
1765557000000,2025-12-12 16:30:00,579.8,579.8,575.6,576.5,7804.8,2025-12-12 16:30:00
1765557300000,2025-12-12 16:35:00,576.4,577.6,574.8,576.5,8341.2,2025-12-12 16:35:00
1765557600000,2025-12-12 16:40:00,576.6,577.5,576.2,576.5,4782.0,2025-12-12 16:40:00
1765557900000,2025-12-12 16:45:00,576.5,577.8,575.9,577.6,2890.5,2025-12-12 16:45:00
1765558200000,2025-12-12 16:50:00,577.5,578.8,577.2,577.6,4333.0,2025-12-12 16:50:00
1765558500000,2025-12-12 16:55:00,577.6,578.8,577.0,577.6,3495.9,2025-12-12 16:55:00
1765558800000,2025-12-12 17:00:00,577.6,578.4,577.0,577.1,5840.3,2025-12-12 17:00:00
1765559100000,2025-12-12 17:05:00,577.1,578.9,576.9,577.4,7076.8,2025-12-12 17:05:00
1765559400000,2025-12-12 17:10:00,577.4,578.4,577.0,578.2,2856.1,2025-12-12 17:10:00
1765559700000,2025-12-12 17:15:00,578.2,582.7,578.1,581.3,19859.3,2025-12-12 17:15:00
1765560000000,2025-12-12 17:20:00,581.4,581.5,578.5,578.8,7415.6,2025-12-12 17:20:00
1765560300000,2025-12-12 17:25:00,578.8,579.6,577.5,577.5,3281.6,2025-12-12 17:25:00
1765560600000,2025-12-12 17:30:00,577.5,579.5,577.4,579.1,3474.2,2025-12-12 17:30:00
1765560900000,2025-12-12 17:35:00,579.1,579.4,578.3,579.0,4391.4,2025-12-12 17:35:00
1765561200000,2025-12-12 17:40:00,578.9,579.0,578.0,578.1,2671.0,2025-12-12 17:40:00
1765561500000,2025-12-12 17:45:00,578.0,579.3,577.8,578.2,1962.4,2025-12-12 17:45:00
1765561800000,2025-12-12 17:50:00,578.2,578.4,576.3,576.4,1987.8,2025-12-12 17:50:00
1765562100000,2025-12-12 17:55:00,576.4,576.8,575.1,575.4,2310.2,2025-12-12 17:55:00
1765562400000,2025-12-12 18:00:00,575.4,576.9,575.2,576.9,3183.4,2025-12-12 18:00:00
1765562700000,2025-12-12 18:05:00,576.9,577.5,576.3,576.9,2696.9,2025-12-12 18:05:00
1765563000000,2025-12-12 18:10:00,576.8,579.6,576.8,578.9,2763.5,2025-12-12 18:10:00
1765563300000,2025-12-12 18:15:00,578.9,579.5,577.5,578.3,1752.6,2025-12-12 18:15:00
1765563600000,2025-12-12 18:20:00,578.2,578.2,576.8,577.5,2305.6,2025-12-12 18:20:00
1765563900000,2025-12-12 18:25:00,577.5,579.2,577.5,579.1,2425.0,2025-12-12 18:25:00
1765564200000,2025-12-12 18:30:00,579.1,580.7,578.8,580.5,2441.3,2025-12-12 18:30:00
1765564500000,2025-12-12 18:35:00,580.5,581.8,580.3,581.2,3154.3,2025-12-12 18:35:00
1765564800000,2025-12-12 18:40:00,581.3,581.6,579.8,580.0,2502.1,2025-12-12 18:40:00
1765565100000,2025-12-12 18:45:00,579.9,581.7,579.6,581.7,1528.6,2025-12-12 18:45:00
1765565400000,2025-12-12 18:50:00,581.6,581.9,581.1,581.6,1604.1,2025-12-12 18:50:00
1765565700000,2025-12-12 18:55:00,581.5,581.8,579.4,580.3,2913.1,2025-12-12 18:55:00
1765566000000,2025-12-12 19:00:00,580.2,580.6,579.5,580.6,2027.1,2025-12-12 19:00:00
1765566300000,2025-12-12 19:05:00,580.6,580.6,578.9,579.3,1636.6,2025-12-12 19:05:00
1765566600000,2025-12-12 19:10:00,579.3,579.9,578.1,578.3,1049.0,2025-12-12 19:10:00
1765566900000,2025-12-12 19:15:00,578.3,578.6,578.0,578.5,782.3,2025-12-12 19:15:00
1765567200000,2025-12-12 19:20:00,578.4,579.5,577.9,578.3,7839.6,2025-12-12 19:20:00
1765567500000,2025-12-12 19:25:00,578.3,578.3,576.4,577.3,4124.8,2025-12-12 19:25:00
1765567800000,2025-12-12 19:30:00,577.3,577.9,577.1,577.3,1059.7,2025-12-12 19:30:00
1765568100000,2025-12-12 19:35:00,577.2,577.2,575.2,575.2,1704.9,2025-12-12 19:35:00
1765568400000,2025-12-12 19:40:00,575.1,576.1,575.1,575.3,2813.9,2025-12-12 19:40:00
1765568700000,2025-12-12 19:45:00,575.2,575.7,574.8,575.4,2175.4,2025-12-12 19:45:00
1765569000000,2025-12-12 19:50:00,575.3,576.7,575.3,576.3,2136.4,2025-12-12 19:50:00
1765569300000,2025-12-12 19:55:00,576.4,576.7,575.7,576.7,1416.3,2025-12-12 19:55:00
1765569600000,2025-12-12 20:00:00,576.7,576.8,575.2,575.7,941.7,2025-12-12 20:00:00
1765569900000,2025-12-12 20:05:00,575.7,576.1,575.4,575.7,566.9,2025-12-12 20:05:00
1765570200000,2025-12-12 20:10:00,575.8,576.4,575.3,575.4,804.6,2025-12-12 20:10:00
1765570500000,2025-12-12 20:15:00,575.3,577.1,575.3,576.6,1330.6,2025-12-12 20:15:00
1765570800000,2025-12-12 20:20:00,576.5,576.7,576.0,576.5,3193.4,2025-12-12 20:20:00
1765571100000,2025-12-12 20:25:00,576.5,576.9,575.7,575.7,1461.6,2025-12-12 20:25:00
1765571400000,2025-12-12 20:30:00,575.7,576.1,575.4,575.8,627.3,2025-12-12 20:30:00
1765571700000,2025-12-12 20:35:00,575.8,575.8,575.4,575.5,513.6,2025-12-12 20:35:00
1765572000000,2025-12-12 20:40:00,575.4,576.8,575.4,576.8,687.8,2025-12-12 20:40:00
1765572300000,2025-12-12 20:45:00,576.8,578.4,576.7,577.8,2207.2,2025-12-12 20:45:00
1765572600000,2025-12-12 20:50:00,577.9,578.4,577.7,578.3,569.1,2025-12-12 20:50:00
1765572900000,2025-12-12 20:55:00,578.3,578.4,577.7,577.8,1824.9,2025-12-12 20:55:00
1765573200000,2025-12-12 21:00:00,577.9,578.0,576.9,577.7,1235.4,2025-12-12 21:00:00
1765573500000,2025-12-12 21:05:00,577.7,578.4,577.7,578.3,1824.1,2025-12-12 21:05:00
1765573800000,2025-12-12 21:10:00,578.4,578.7,578.0,578.7,2073.4,2025-12-12 21:10:00
1765574100000,2025-12-12 21:15:00,578.6,579.5,578.1,578.2,5031.7,2025-12-12 21:15:00
1765574400000,2025-12-12 21:20:00,578.3,578.5,577.9,578.2,1740.0,2025-12-12 21:20:00
1765574700000,2025-12-12 21:25:00,578.1,579.0,578.1,579.0,1982.6,2025-12-12 21:25:00
1765575000000,2025-12-12 21:30:00,579.0,580.0,578.9,580.0,1472.5,2025-12-12 21:30:00
1765575300000,2025-12-12 21:35:00,580.1,580.2,578.5,578.5,2218.3,2025-12-12 21:35:00
1765575600000,2025-12-12 21:40:00,578.5,578.7,578.4,578.6,403.9,2025-12-12 21:40:00
1765575900000,2025-12-12 21:45:00,578.5,578.8,578.4,578.5,729.7,2025-12-12 21:45:00
1765576200000,2025-12-12 21:50:00,578.6,578.7,578.0,578.1,636.7,2025-12-12 21:50:00
1765576500000,2025-12-12 21:55:00,578.1,578.5,578.0,578.3,465.2,2025-12-12 21:55:00
1765576800000,2025-12-12 22:00:00,578.3,578.9,578.0,578.8,643.7,2025-12-12 22:00:00
1765577100000,2025-12-12 22:05:00,578.9,579.0,578.8,578.8,351.5,2025-12-12 22:05:00
1765577400000,2025-12-12 22:10:00,578.9,579.7,578.8,579.1,6851.9,2025-12-12 22:10:00
1765577700000,2025-12-12 22:15:00,579.2,580.1,579.0,579.9,1106.3,2025-12-12 22:15:00
1765578000000,2025-12-12 22:20:00,580.1,580.2,579.5,579.9,796.6,2025-12-12 22:20:00
1765578300000,2025-12-12 22:25:00,580.0,580.0,579.1,579.5,1032.8,2025-12-12 22:25:00
1765578600000,2025-12-12 22:30:00,579.6,579.8,579.0,579.1,854.6,2025-12-12 22:30:00
1765578900000,2025-12-12 22:35:00,579.1,579.2,578.5,578.9,963.3,2025-12-12 22:35:00
1765579200000,2025-12-12 22:40:00,578.9,579.1,578.6,578.8,585.2,2025-12-12 22:40:00
1765579500000,2025-12-12 22:45:00,578.8,579.3,578.5,578.6,309.8,2025-12-12 22:45:00
1765579800000,2025-12-12 22:50:00,578.6,578.7,578.2,578.6,1694.6,2025-12-12 22:50:00
1765580100000,2025-12-12 22:55:00,578.6,579.6,578.6,579.5,1403.9,2025-12-12 22:55:00
1765580400000,2025-12-12 23:00:00,579.4,580.9,579.4,580.7,2103.3,2025-12-12 23:00:00
1765580700000,2025-12-12 23:05:00,580.7,581.6,580.7,581.3,1828.7,2025-12-12 23:05:00
1765581000000,2025-12-12 23:10:00,581.2,581.2,580.8,581.1,1104.7,2025-12-12 23:10:00
1765581300000,2025-12-12 23:15:00,581.2,581.3,580.7,581.0,692.2,2025-12-12 23:15:00
1765581600000,2025-12-12 23:20:00,581.1,581.1,580.4,580.5,1582.6,2025-12-12 23:20:00
1765581900000,2025-12-12 23:25:00,580.5,580.5,580.0,580.3,2193.4,2025-12-12 23:25:00
1765582200000,2025-12-12 23:30:00,580.3,581.5,580.3,580.9,1631.3,2025-12-12 23:30:00
1765582500000,2025-12-12 23:35:00,580.9,581.5,580.7,581.4,546.0,2025-12-12 23:35:00
1765582800000,2025-12-12 23:40:00,581.5,581.5,580.9,580.9,933.7,2025-12-12 23:40:00
1765583100000,2025-12-12 23:45:00,580.9,581.0,579.7,579.8,1086.6,2025-12-12 23:45:00
1765583400000,2025-12-12 23:50:00,579.9,580.3,579.8,580.2,1581.5,2025-12-12 23:50:00
1765583700000,2025-12-12 23:55:00,580.2,581.8,580.1,581.5,3472.1,2025-12-12 23:55:00
1765584000000,2025-12-13 00:00:00,581.4,581.4,580.7,580.8,1899.1,2025-12-13 00:00:00
1765584300000,2025-12-13 00:05:00,580.9,581.1,580.2,580.8,3833.7,2025-12-13 00:05:00
1765584600000,2025-12-13 00:10:00,580.8,581.1,579.6,580.7,3204.9,2025-12-13 00:10:00
1765584900000,2025-12-13 00:15:00,580.8,582.4,580.8,582.2,3211.2,2025-12-13 00:15:00
1765585200000,2025-12-13 00:20:00,582.2,582.2,580.3,580.4,6963.3,2025-12-13 00:20:00
1765585500000,2025-12-13 00:25:00,580.4,580.5,578.8,579.2,3519.1,2025-12-13 00:25:00
1765585800000,2025-12-13 00:30:00,579.3,579.5,578.9,579.3,2032.3,2025-12-13 00:30:00
1765586100000,2025-12-13 00:35:00,579.3,579.7,578.4,579.0,2470.2,2025-12-13 00:35:00
1765586400000,2025-12-13 00:40:00,579.0,580.0,579.0,579.9,1675.8,2025-12-13 00:40:00
1765586700000,2025-12-13 00:45:00,580.0,580.6,579.9,580.2,1032.0,2025-12-13 00:45:00
1765587000000,2025-12-13 00:50:00,580.2,580.9,580.2,580.9,617.2,2025-12-13 00:50:00
1765587300000,2025-12-13 00:55:00,580.8,582.6,580.8,582.6,3632.3,2025-12-13 00:55:00
1765587600000,2025-12-13 01:00:00,582.6,584.8,582.6,584.2,10002.6,2025-12-13 01:00:00
1765587900000,2025-12-13 01:05:00,584.3,584.7,584.1,584.4,2535.4,2025-12-13 01:05:00
1765588200000,2025-12-13 01:10:00,584.4,584.8,583.9,584.2,4937.2,2025-12-13 01:10:00
1765588500000,2025-12-13 01:15:00,584.2,584.9,584.0,584.8,1726.3,2025-12-13 01:15:00
1765588800000,2025-12-13 01:20:00,584.9,584.9,584.3,584.8,3070.8,2025-12-13 01:20:00
1765589100000,2025-12-13 01:25:00,584.9,586.3,584.7,586.0,10220.8,2025-12-13 01:25:00
1765589400000,2025-12-13 01:30:00,586.0,586.3,585.4,585.4,2922.0,2025-12-13 01:30:00
1765589700000,2025-12-13 01:35:00,585.4,585.5,583.4,583.5,5117.7,2025-12-13 01:35:00
1765590000000,2025-12-13 01:40:00,583.5,583.9,582.4,583.1,4567.7,2025-12-13 01:40:00
1765590300000,2025-12-13 01:45:00,583.0,583.2,582.2,583.1,3633.4,2025-12-13 01:45:00
1765590600000,2025-12-13 01:50:00,583.1,583.1,580.2,580.3,3235.2,2025-12-13 01:50:00
1765590900000,2025-12-13 01:55:00,580.3,582.4,580.1,582.3,1775.1,2025-12-13 01:55:00
1765591200000,2025-12-13 02:00:00,582.3,583.3,582.3,583.0,1534.0,2025-12-13 02:00:00
1765591500000,2025-12-13 02:05:00,583.0,583.7,582.6,583.5,1605.9,2025-12-13 02:05:00
1765591800000,2025-12-13 02:10:00,583.5,583.8,583.1,583.1,1341.3,2025-12-13 02:10:00
1765592100000,2025-12-13 02:15:00,583.1,583.6,582.8,583.6,1694.8,2025-12-13 02:15:00
1765592400000,2025-12-13 02:20:00,583.6,583.8,582.5,582.5,1439.8,2025-12-13 02:20:00
1765592700000,2025-12-13 02:25:00,582.5,582.6,581.9,582.3,2379.7,2025-12-13 02:25:00
1765593000000,2025-12-13 02:30:00,582.3,582.4,581.2,582.2,3017.2,2025-12-13 02:30:00
1765593300000,2025-12-13 02:35:00,582.2,582.5,581.6,581.9,1867.8,2025-12-13 02:35:00
1765593600000,2025-12-13 02:40:00,581.8,582.9,581.8,582.6,1716.8,2025-12-13 02:40:00
1765593900000,2025-12-13 02:45:00,582.6,582.9,582.3,582.9,839.9,2025-12-13 02:45:00
1765594200000,2025-12-13 02:50:00,582.8,583.0,582.4,582.8,1179.5,2025-12-13 02:50:00
1765594500000,2025-12-13 02:55:00,582.9,583.7,582.8,583.7,1423.4,2025-12-13 02:55:00
1765594800000,2025-12-13 03:00:00,583.7,583.7,582.7,583.1,4826.8,2025-12-13 03:00:00
1765595100000,2025-12-13 03:05:00,583.1,583.4,582.8,582.9,1973.1,2025-12-13 03:05:00
1765595400000,2025-12-13 03:10:00,582.9,583.2,582.8,583.2,857.0,2025-12-13 03:10:00
1765595700000,2025-12-13 03:15:00,583.2,583.4,582.1,582.2,2036.1,2025-12-13 03:15:00
1765596000000,2025-12-13 03:20:00,582.2,582.5,580.2,581.0,11345.8,2025-12-13 03:20:00
1765596300000,2025-12-13 03:25:00,581.0,581.2,580.6,580.7,2195.7,2025-12-13 03:25:00
1765596600000,2025-12-13 03:30:00,580.7,581.7,580.6,581.0,2164.0,2025-12-13 03:30:00
1765596900000,2025-12-13 03:35:00,581.0,581.7,580.9,581.7,1444.9,2025-12-13 03:35:00
1765597200000,2025-12-13 03:40:00,581.7,581.7,581.3,581.6,2267.6,2025-12-13 03:40:00
1765597500000,2025-12-13 03:45:00,581.6,581.7,581.0,581.0,2388.5,2025-12-13 03:45:00
1765597800000,2025-12-13 03:50:00,581.1,581.2,580.8,581.1,1492.0,2025-12-13 03:50:00
1765598100000,2025-12-13 03:55:00,581.1,581.4,580.9,581.4,805.9,2025-12-13 03:55:00
1765598400000,2025-12-13 04:00:00,581.4,581.8,581.0,581.5,5883.2,2025-12-13 04:00:00
1765598700000,2025-12-13 04:05:00,581.5,581.8,580.9,581.0,1048.5,2025-12-13 04:05:00
1765599000000,2025-12-13 04:10:00,580.9,581.0,580.3,580.3,1202.6,2025-12-13 04:10:00
1765599300000,2025-12-13 04:15:00,580.3,580.3,578.3,578.6,8245.9,2025-12-13 04:15:00
1765599600000,2025-12-13 04:20:00,578.5,579.3,578.2,579.3,2421.5,2025-12-13 04:20:00
1765599900000,2025-12-13 04:25:00,579.3,579.7,579.2,579.4,1611.4,2025-12-13 04:25:00
1765600200000,2025-12-13 04:30:00,579.4,579.4,576.2,577.6,13436.7,2025-12-13 04:30:00
1765600500000,2025-12-13 04:35:00,577.5,578.0,577.3,577.8,1209.7,2025-12-13 04:35:00
1765600800000,2025-12-13 04:40:00,577.8,578.2,577.7,578.1,1610.2,2025-12-13 04:40:00
1765601100000,2025-12-13 04:45:00,578.0,578.3,577.8,577.9,1159.9,2025-12-13 04:45:00
1765601400000,2025-12-13 04:50:00,577.8,577.9,577.3,577.9,972.3,2025-12-13 04:50:00
1765601700000,2025-12-13 04:55:00,577.8,578.6,577.7,578.3,1012.0,2025-12-13 04:55:00
1765602000000,2025-12-13 05:00:00,578.3,578.7,577.7,578.0,1109.0,2025-12-13 05:00:00
1765602300000,2025-12-13 05:05:00,578.0,578.2,577.3,577.3,1541.9,2025-12-13 05:05:00
1765602600000,2025-12-13 05:10:00,577.3,577.3,576.8,577.3,2406.5,2025-12-13 05:10:00
1765602900000,2025-12-13 05:15:00,577.3,577.7,577.1,577.3,3801.3,2025-12-13 05:15:00
1765603200000,2025-12-13 05:20:00,577.3,577.3,574.6,575.3,20487.5,2025-12-13 05:20:00
1765603500000,2025-12-13 05:25:00,575.3,576.2,575.1,575.2,4292.4,2025-12-13 05:25:00
1765603800000,2025-12-13 05:30:00,575.2,575.8,574.9,575.1,3237.4,2025-12-13 05:30:00
1765604100000,2025-12-13 05:35:00,575.1,575.9,574.8,575.9,2659.5,2025-12-13 05:35:00
1765604400000,2025-12-13 05:40:00,575.8,576.0,575.7,575.8,818.0,2025-12-13 05:40:00
1765604700000,2025-12-13 05:45:00,575.8,575.8,575.1,575.4,2673.1,2025-12-13 05:45:00
1765605000000,2025-12-13 05:50:00,575.5,575.8,575.3,575.7,1082.9,2025-12-13 05:50:00
1765605300000,2025-12-13 05:55:00,575.8,577.5,575.7,577.2,2260.0,2025-12-13 05:55:00
1765605600000,2025-12-13 06:00:00,577.2,577.7,576.2,576.5,3432.2,2025-12-13 06:00:00
1765605900000,2025-12-13 06:05:00,576.5,576.6,575.7,575.7,2042.5,2025-12-13 06:05:00
1765606200000,2025-12-13 06:10:00,575.8,575.9,574.8,574.9,2433.0,2025-12-13 06:10:00
1765606500000,2025-12-13 06:15:00,574.9,574.9,573.6,574.6,7502.4,2025-12-13 06:15:00
1765606800000,2025-12-13 06:20:00,574.5,575.5,574.3,575.4,1566.0,2025-12-13 06:20:00
1765607100000,2025-12-13 06:25:00,575.4,575.6,575.0,575.1,1479.2,2025-12-13 06:25:00
1765607400000,2025-12-13 06:30:00,575.1,575.3,574.6,574.7,1187.0,2025-12-13 06:30:00
1765607700000,2025-12-13 06:35:00,574.7,575.2,574.6,575.2,1679.8,2025-12-13 06:35:00
1765608000000,2025-12-13 06:40:00,575.2,575.9,575.2,575.2,2302.0,2025-12-13 06:40:00
1765608300000,2025-12-13 06:45:00,575.2,576.5,575.1,576.2,3277.7,2025-12-13 06:45:00
1765608600000,2025-12-13 06:50:00,576.1,576.2,574.8,574.8,2337.6,2025-12-13 06:50:00
1765608900000,2025-12-13 06:55:00,574.8,574.9,574.3,574.3,924.2,2025-12-13 06:55:00
1765609200000,2025-12-13 07:00:00,574.3,575.3,574.3,575.3,1401.8,2025-12-13 07:00:00
1765609500000,2025-12-13 07:05:00,575.3,575.8,575.2,575.3,2919.5,2025-12-13 07:05:00
1765609800000,2025-12-13 07:10:00,575.2,575.3,572.4,572.7,22608.5,2025-12-13 07:10:00
1765610100000,2025-12-13 07:15:00,572.8,573.5,571.6,573.2,6052.0,2025-12-13 07:15:00
1765610400000,2025-12-13 07:20:00,573.1,573.5,572.5,572.9,4482.4,2025-12-13 07:20:00
1765610700000,2025-12-13 07:25:00,572.9,573.7,572.6,573.3,4152.1,2025-12-13 07:25:00
1765611000000,2025-12-13 07:30:00,573.2,573.4,572.8,573.1,1998.3,2025-12-13 07:30:00
1765611300000,2025-12-13 07:35:00,573.0,573.1,571.9,572.2,2040.8,2025-12-13 07:35:00
1765611600000,2025-12-13 07:40:00,572.2,573.7,572.1,573.4,8337.6,2025-12-13 07:40:00
1765611900000,2025-12-13 07:45:00,573.4,573.5,572.6,572.7,4415.9,2025-12-13 07:45:00
1765612200000,2025-12-13 07:50:00,572.6,572.9,572.5,572.7,678.9,2025-12-13 07:50:00
1765612500000,2025-12-13 07:55:00,572.7,573.7,572.7,573.7,1478.8,2025-12-13 07:55:00
1765612800000,2025-12-13 08:00:00,573.6,575.4,573.6,575.0,6147.2,2025-12-13 08:00:00
1765613100000,2025-12-13 08:05:00,574.9,575.5,574.9,575.4,3666.8,2025-12-13 08:05:00
1765613400000,2025-12-13 08:10:00,575.4,575.6,575.0,575.4,4275.3,2025-12-13 08:10:00
1765613700000,2025-12-13 08:15:00,575.4,576.2,574.6,574.6,5693.4,2025-12-13 08:15:00
1765614000000,2025-12-13 08:20:00,574.6,575.6,574.5,574.7,4957.5,2025-12-13 08:20:00
1765614300000,2025-12-13 08:25:00,574.7,577.6,574.7,577.5,10581.4,2025-12-13 08:25:00
1765614600000,2025-12-13 08:30:00,577.4,577.5,575.6,576.0,3174.1,2025-12-13 08:30:00
1765614900000,2025-12-13 08:35:00,576.0,576.1,574.9,575.1,2858.4,2025-12-13 08:35:00
1765615200000,2025-12-13 08:40:00,575.1,578.7,574.7,577.9,11191.3,2025-12-13 08:40:00
1765615500000,2025-12-13 08:45:00,577.9,577.9,576.4,576.6,2068.2,2025-12-13 08:45:00
1765615800000,2025-12-13 08:50:00,576.6,576.6,575.8,576.0,994.1,2025-12-13 08:50:00
1765616100000,2025-12-13 08:55:00,576.0,576.0,575.5,575.8,730.3,2025-12-13 08:55:00
1765616400000,2025-12-13 09:00:00,575.7,576.2,575.5,576.2,771.8,2025-12-13 09:00:00
1765616700000,2025-12-13 09:05:00,576.1,576.5,576.1,576.3,389.8,2025-12-13 09:05:00
1765617000000,2025-12-13 09:10:00,576.2,576.6,575.9,576.5,607.9,2025-12-13 09:10:00
1765617300000,2025-12-13 09:15:00,576.6,576.6,575.8,576.2,723.9,2025-12-13 09:15:00
1765617600000,2025-12-13 09:20:00,576.2,576.3,575.5,575.5,803.1,2025-12-13 09:20:00
1765617900000,2025-12-13 09:25:00,575.5,575.8,575.1,575.1,543.2,2025-12-13 09:25:00
1765618200000,2025-12-13 09:30:00,575.1,575.3,574.5,574.9,1596.2,2025-12-13 09:30:00
1765618500000,2025-12-13 09:35:00,575.0,576.0,574.9,575.9,1588.6,2025-12-13 09:35:00
1765618800000,2025-12-13 09:40:00,575.8,576.0,575.6,575.8,810.4,2025-12-13 09:40:00
1765619100000,2025-12-13 09:45:00,575.7,575.9,575.3,575.8,836.2,2025-12-13 09:45:00
1765619400000,2025-12-13 09:50:00,575.8,575.8,575.3,575.5,434.0,2025-12-13 09:50:00
1765619700000,2025-12-13 09:55:00,575.5,575.8,575.4,575.4,505.4,2025-12-13 09:55:00
1765620000000,2025-12-13 10:00:00,575.4,575.6,575.1,575.5,1102.8,2025-12-13 10:00:00
1765620300000,2025-12-13 10:05:00,575.5,577.2,575.5,577.2,3850.6,2025-12-13 10:05:00
1765620600000,2025-12-13 10:10:00,577.1,577.5,577.1,577.4,1806.3,2025-12-13 10:10:00
1765620900000,2025-12-13 10:15:00,577.4,578.9,577.4,578.2,1474.0,2025-12-13 10:15:00
1765621200000,2025-12-13 10:20:00,578.2,578.3,577.1,577.4,1914.9,2025-12-13 10:20:00
1765621500000,2025-12-13 10:25:00,577.4,577.6,577.1,577.5,526.1,2025-12-13 10:25:00
1765621800000,2025-12-13 10:30:00,577.5,578.3,577.5,578.2,399.5,2025-12-13 10:30:00
1765622100000,2025-12-13 10:35:00,578.1,578.3,577.6,577.8,2116.9,2025-12-13 10:35:00
1765622400000,2025-12-13 10:40:00,577.7,578.2,577.7,577.7,2328.9,2025-12-13 10:40:00
1765622700000,2025-12-13 10:45:00,577.7,577.8,577.1,577.4,1059.8,2025-12-13 10:45:00
1765623000000,2025-12-13 10:50:00,577.4,577.4,577.1,577.2,909.2,2025-12-13 10:50:00
1765623300000,2025-12-13 10:55:00,577.2,577.7,576.9,577.7,570.0,2025-12-13 10:55:00
1765623600000,2025-12-13 11:00:00,577.6,577.8,576.9,576.9,645.6,2025-12-13 11:00:00
1765623900000,2025-12-13 11:05:00,576.9,577.1,576.7,577.1,883.6,2025-12-13 11:05:00
1765624200000,2025-12-13 11:10:00,577.2,577.3,576.4,576.4,968.2,2025-12-13 11:10:00
1765624500000,2025-12-13 11:15:00,576.4,577.3,576.3,577.2,686.0,2025-12-13 11:15:00
1765624800000,2025-12-13 11:20:00,577.1,577.2,576.0,576.0,1436.0,2025-12-13 11:20:00
1765625100000,2025-12-13 11:25:00,576.0,576.0,575.5,575.6,464.7,2025-12-13 11:25:00
1765625400000,2025-12-13 11:30:00,575.5,576.2,575.2,576.0,1810.6,2025-12-13 11:30:00
1765625700000,2025-12-13 11:35:00,576.0,576.3,575.9,576.3,472.7,2025-12-13 11:35:00
1765626000000,2025-12-13 11:40:00,576.2,576.4,576.2,576.4,838.1,2025-12-13 11:40:00
1765626300000,2025-12-13 11:45:00,576.4,576.5,575.6,576.0,1929.1,2025-12-13 11:45:00
1765626600000,2025-12-13 11:50:00,576.0,576.5,575.9,576.1,324.6,2025-12-13 11:50:00
1765626900000,2025-12-13 11:55:00,576.0,576.2,575.7,575.8,345.9,2025-12-13 11:55:00
1765627200000,2025-12-13 12:00:00,575.8,576.4,575.3,576.0,2601.3,2025-12-13 12:00:00
1765627500000,2025-12-13 12:05:00,576.1,577.4,576.0,577.3,2991.0,2025-12-13 12:05:00
1765627800000,2025-12-13 12:10:00,577.3,577.8,576.9,577.2,1078.1,2025-12-13 12:10:00
1765628100000,2025-12-13 12:15:00,577.2,577.7,576.9,577.7,881.3,2025-12-13 12:15:00
1765628400000,2025-12-13 12:20:00,577.7,577.9,577.3,577.5,1167.5,2025-12-13 12:20:00
1765628700000,2025-12-13 12:25:00,577.5,577.6,577.2,577.2,765.7,2025-12-13 12:25:00
1765629000000,2025-12-13 12:30:00,577.2,578.0,577.2,577.7,1446.1,2025-12-13 12:30:00
1765629300000,2025-12-13 12:35:00,577.7,578.2,576.8,576.9,1670.8,2025-12-13 12:35:00
1765629600000,2025-12-13 12:40:00,576.8,577.1,574.6,575.1,5066.2,2025-12-13 12:40:00
1765629900000,2025-12-13 12:45:00,575.1,575.5,574.4,574.9,3268.5,2025-12-13 12:45:00
1765630200000,2025-12-13 12:50:00,574.8,576.1,574.5,575.7,3887.9,2025-12-13 12:50:00
1765630500000,2025-12-13 12:55:00,575.7,575.8,575.3,575.8,1250.7,2025-12-13 12:55:00
1765630800000,2025-12-13 13:00:00,575.8,575.8,574.8,575.0,1089.6,2025-12-13 13:00:00
1765631100000,2025-12-13 13:05:00,574.9,575.6,574.9,575.0,817.9,2025-12-13 13:05:00
1765631400000,2025-12-13 13:10:00,574.9,576.3,574.6,576.1,5893.6,2025-12-13 13:10:00
1765631700000,2025-12-13 13:15:00,576.0,576.7,576.0,576.6,1347.2,2025-12-13 13:15:00
1765632000000,2025-12-13 13:20:00,576.5,577.2,575.4,575.6,3061.1,2025-12-13 13:20:00
1765632300000,2025-12-13 13:25:00,575.6,576.2,575.0,575.0,2514.6,2025-12-13 13:25:00
1765632600000,2025-12-13 13:30:00,575.0,577.1,575.0,577.1,2156.4,2025-12-13 13:30:00
1765632900000,2025-12-13 13:35:00,577.0,577.4,576.6,576.9,769.3,2025-12-13 13:35:00
1765633200000,2025-12-13 13:40:00,576.8,576.8,576.0,576.2,1437.1,2025-12-13 13:40:00
1765633500000,2025-12-13 13:45:00,576.3,576.4,576.1,576.3,759.1,2025-12-13 13:45:00
1765633800000,2025-12-13 13:50:00,576.3,576.8,576.3,576.7,434.5,2025-12-13 13:50:00
1765634100000,2025-12-13 13:55:00,576.8,577.3,576.7,577.2,413.4,2025-12-13 13:55:00
1765634400000,2025-12-13 14:00:00,577.1,577.2,575.5,575.5,1305.4,2025-12-13 14:00:00
1765634700000,2025-12-13 14:05:00,575.4,575.5,575.1,575.4,1950.3,2025-12-13 14:05:00
1765635000000,2025-12-13 14:10:00,575.3,576.0,575.3,576.0,595.8,2025-12-13 14:10:00
1765635300000,2025-12-13 14:15:00,575.9,576.7,575.8,576.6,1149.6,2025-12-13 14:15:00
1765635600000,2025-12-13 14:20:00,576.5,576.7,575.3,575.3,2257.3,2025-12-13 14:20:00
1765635900000,2025-12-13 14:25:00,575.3,575.4,574.0,574.0,4084.3,2025-12-13 14:25:00
1765636200000,2025-12-13 14:30:00,574.0,574.6,573.7,574.4,2084.3,2025-12-13 14:30:00
1765636500000,2025-12-13 14:35:00,574.4,575.1,574.1,575.1,1564.8,2025-12-13 14:35:00
1765636800000,2025-12-13 14:40:00,575.1,575.6,574.7,574.8,1716.8,2025-12-13 14:40:00
1765637100000,2025-12-13 14:45:00,574.7,575.0,574.4,574.4,291.6,2025-12-13 14:45:00
1765637400000,2025-12-13 14:50:00,574.3,574.6,574.0,574.4,898.9,2025-12-13 14:50:00
1765637700000,2025-12-13 14:55:00,574.3,574.9,574.3,574.9,273.8,2025-12-13 14:55:00
1765638000000,2025-12-13 15:00:00,574.8,576.2,574.3,576.1,3164.7,2025-12-13 15:00:00
1765638300000,2025-12-13 15:05:00,576.0,576.6,575.3,576.1,3148.9,2025-12-13 15:05:00
1765638600000,2025-12-13 15:10:00,576.1,576.2,575.3,575.4,708.4,2025-12-13 15:10:00
1765638900000,2025-12-13 15:15:00,575.4,575.8,575.3,575.3,1023.9,2025-12-13 15:15:00
1765639200000,2025-12-13 15:20:00,575.4,576.1,575.1,575.7,939.3,2025-12-13 15:20:00
1765639500000,2025-12-13 15:25:00,575.6,576.2,575.1,576.2,2894.1,2025-12-13 15:25:00
1765639800000,2025-12-13 15:30:00,576.2,576.6,575.8,576.3,2811.9,2025-12-13 15:30:00
1765640100000,2025-12-13 15:35:00,576.3,576.7,576.0,576.5,1172.0,2025-12-13 15:35:00
1765640400000,2025-12-13 15:40:00,576.5,576.7,576.0,576.2,2173.0,2025-12-13 15:40:00
1765640700000,2025-12-13 15:45:00,576.2,576.5,575.5,576.4,2118.1,2025-12-13 15:45:00
1765641000000,2025-12-13 15:50:00,576.5,577.4,576.4,577.1,3789.2,2025-12-13 15:50:00
1765641300000,2025-12-13 15:55:00,577.1,577.6,577.0,577.3,2073.4,2025-12-13 15:55:00
1765641600000,2025-12-13 16:00:00,577.3,578.8,577.3,578.5,8894.8,2025-12-13 16:00:00
1765641900000,2025-12-13 16:05:00,578.5,579.6,578.2,578.6,7741.0,2025-12-13 16:05:00
1765642200000,2025-12-13 16:10:00,578.5,579.0,578.3,578.8,1599.5,2025-12-13 16:10:00
1765642500000,2025-12-13 16:15:00,578.8,578.9,577.9,578.3,3121.8,2025-12-13 16:15:00
1765642800000,2025-12-13 16:20:00,578.2,578.5,577.7,577.8,3306.9,2025-12-13 16:20:00
1765643100000,2025-12-13 16:25:00,577.8,578.1,576.2,576.6,4280.4,2025-12-13 16:25:00
1765643400000,2025-12-13 16:30:00,576.5,577.1,576.2,576.5,1987.4,2025-12-13 16:30:00
1765643700000,2025-12-13 16:35:00,576.4,576.8,576.3,576.7,576.5,2025-12-13 16:35:00
1765644000000,2025-12-13 16:40:00,576.7,576.8,575.0,575.4,7093.6,2025-12-13 16:40:00
1765644300000,2025-12-13 16:45:00,575.4,576.1,574.9,576.0,2700.7,2025-12-13 16:45:00
1765644600000,2025-12-13 16:50:00,575.9,576.6,575.8,576.4,516.5,2025-12-13 16:50:00
1765644900000,2025-12-13 16:55:00,576.4,576.4,576.0,576.1,1023.6,2025-12-13 16:55:00
1765645200000,2025-12-13 17:00:00,576.1,576.1,574.6,574.8,2557.6,2025-12-13 17:00:00
1765645500000,2025-12-13 17:05:00,574.8,575.1,573.7,574.0,4334.1,2025-12-13 17:05:00
1765645800000,2025-12-13 17:10:00,573.9,574.0,573.4,573.6,3005.5,2025-12-13 17:10:00
1765646100000,2025-12-13 17:15:00,573.6,573.9,572.9,573.0,4579.6,2025-12-13 17:15:00
1765646400000,2025-12-13 17:20:00,572.9,572.9,568.2,570.1,25589.8,2025-12-13 17:20:00
1765646700000,2025-12-13 17:25:00,570.1,570.7,569.9,570.4,2848.7,2025-12-13 17:25:00
1765647000000,2025-12-13 17:30:00,570.3,570.9,569.5,570.0,4702.5,2025-12-13 17:30:00
1765647300000,2025-12-13 17:35:00,570.1,570.6,569.3,569.4,3669.3,2025-12-13 17:35:00
1765647600000,2025-12-13 17:40:00,569.4,570.1,568.7,568.7,3739.6,2025-12-13 17:40:00
1765647900000,2025-12-13 17:45:00,568.8,569.4,568.7,569.3,2387.6,2025-12-13 17:45:00
1765648200000,2025-12-13 17:50:00,569.2,569.8,569.1,569.4,2157.5,2025-12-13 17:50:00
1765648500000,2025-12-13 17:55:00,569.3,569.9,569.3,569.8,934.6,2025-12-13 17:55:00
1765648800000,2025-12-13 18:00:00,569.7,570.3,569.2,569.8,2444.5,2025-12-13 18:00:00
1765649100000,2025-12-13 18:05:00,569.8,571.5,569.8,571.0,5521.1,2025-12-13 18:05:00
1765649400000,2025-12-13 18:10:00,571.0,571.3,570.3,571.1,1859.6,2025-12-13 18:10:00
1765649700000,2025-12-13 18:15:00,571.1,571.5,570.3,570.3,463.1,2025-12-13 18:15:00
1765650000000,2025-12-13 18:20:00,570.3,571.9,570.3,571.8,1156.0,2025-12-13 18:20:00
1765650300000,2025-12-13 18:25:00,571.7,572.4,571.7,572.3,1424.8,2025-12-13 18:25:00
1765650600000,2025-12-13 18:30:00,572.2,572.3,571.9,572.1,1407.8,2025-12-13 18:30:00
1765650900000,2025-12-13 18:35:00,572.2,572.9,571.8,572.0,4892.4,2025-12-13 18:35:00
1765651200000,2025-12-13 18:40:00,572.1,572.2,571.8,572.1,2049.9,2025-12-13 18:40:00
1765651500000,2025-12-13 18:45:00,572.1,572.4,571.3,571.3,1575.8,2025-12-13 18:45:00
1765651800000,2025-12-13 18:50:00,571.3,571.5,571.1,571.2,294.5,2025-12-13 18:50:00
1765652100000,2025-12-13 18:55:00,571.3,571.8,570.8,571.7,538.3,2025-12-13 18:55:00
1765652400000,2025-12-13 19:00:00,571.7,572.3,571.7,572.3,647.4,2025-12-13 19:00:00
1765652700000,2025-12-13 19:05:00,572.3,573.2,572.3,572.8,3152.5,2025-12-13 19:05:00
1765653000000,2025-12-13 19:10:00,572.8,573.2,572.8,572.9,367.4,2025-12-13 19:10:00
1765653300000,2025-12-13 19:15:00,572.9,573.2,572.8,572.8,397.7,2025-12-13 19:15:00
1765653600000,2025-12-13 19:20:00,572.8,573.4,572.8,573.3,456.7,2025-12-13 19:20:00
1765653900000,2025-12-13 19:25:00,573.2,573.4,571.2,571.4,2156.7,2025-12-13 19:25:00
1765654200000,2025-12-13 19:30:00,571.4,572.4,571.4,572.3,382.4,2025-12-13 19:30:00
1765654500000,2025-12-13 19:35:00,572.3,572.4,572.1,572.2,369.3,2025-12-13 19:35:00
1765654800000,2025-12-13 19:40:00,572.1,572.8,572.0,572.6,721.0,2025-12-13 19:40:00
1765655100000,2025-12-13 19:45:00,572.7,573.7,572.2,573.3,3309.3,2025-12-13 19:45:00
1765655400000,2025-12-13 19:50:00,573.3,573.5,572.7,573.0,503.7,2025-12-13 19:50:00
1765655700000,2025-12-13 19:55:00,572.9,573.5,572.9,573.5,272.0,2025-12-13 19:55:00
1765656000000,2025-12-13 20:00:00,573.6,573.9,573.2,573.2,350.6,2025-12-13 20:00:00
1765656300000,2025-12-13 20:05:00,573.2,573.7,573.2,573.6,401.8,2025-12-13 20:05:00
1765656600000,2025-12-13 20:10:00,573.5,573.5,573.2,573.4,211.8,2025-12-13 20:10:00
1765656900000,2025-12-13 20:15:00,573.3,573.4,572.9,573.4,2337.8,2025-12-13 20:15:00
1765657200000,2025-12-13 20:20:00,573.5,573.9,572.9,573.5,2313.6,2025-12-13 20:20:00
1765657500000,2025-12-13 20:25:00,573.6,573.6,573.4,573.6,427.2,2025-12-13 20:25:00
1765657800000,2025-12-13 20:30:00,573.6,573.7,573.2,573.3,451.9,2025-12-13 20:30:00
1765658100000,2025-12-13 20:35:00,573.2,574.1,573.2,574.1,1465.9,2025-12-13 20:35:00
1765658400000,2025-12-13 20:40:00,574.1,574.3,574.1,574.2,253.4,2025-12-13 20:40:00
1765658700000,2025-12-13 20:45:00,574.2,574.8,573.9,574.5,737.2,2025-12-13 20:45:00
1765659000000,2025-12-13 20:50:00,574.5,577.1,574.5,577.0,4914.9,2025-12-13 20:50:00
1765659300000,2025-12-13 20:55:00,577.0,577.5,576.2,576.6,3753.8,2025-12-13 20:55:00
1765659600000,2025-12-13 21:00:00,576.6,576.8,574.3,574.5,1772.8,2025-12-13 21:00:00
1765659900000,2025-12-13 21:05:00,574.5,574.7,574.2,574.6,713.5,2025-12-13 21:05:00
1765660200000,2025-12-13 21:10:00,574.6,575.4,574.6,574.8,696.2,2025-12-13 21:10:00
1765660500000,2025-12-13 21:15:00,574.9,574.9,574.2,574.6,400.8,2025-12-13 21:15:00
1765660800000,2025-12-13 21:20:00,574.7,575.4,574.6,575.4,554.5,2025-12-13 21:20:00
1765661100000,2025-12-13 21:25:00,575.4,575.5,574.8,574.9,716.8,2025-12-13 21:25:00
1765661400000,2025-12-13 21:30:00,574.8,574.9,572.4,573.6,2703.9,2025-12-13 21:30:00
1765661700000,2025-12-13 21:35:00,573.6,574.2,573.6,574.2,470.2,2025-12-13 21:35:00
1765662000000,2025-12-13 21:40:00,574.3,574.4,573.7,573.7,969.1,2025-12-13 21:40:00
1765662300000,2025-12-13 21:45:00,573.8,573.9,573.4,573.5,393.0,2025-12-13 21:45:00
1765662600000,2025-12-13 21:50:00,573.5,574.1,573.5,574.0,236.7,2025-12-13 21:50:00
1765662900000,2025-12-13 21:55:00,574.0,575.3,573.9,575.3,2049.7,2025-12-13 21:55:00
1765663200000,2025-12-13 22:00:00,575.3,575.5,574.6,575.2,1941.1,2025-12-13 22:00:00
1765663500000,2025-12-13 22:05:00,575.2,575.3,574.8,574.8,825.7,2025-12-13 22:05:00
1765663800000,2025-12-13 22:10:00,574.8,575.1,572.6,573.4,5297.1,2025-12-13 22:10:00
1765664100000,2025-12-13 22:15:00,573.4,574.8,573.4,574.6,515.4,2025-12-13 22:15:00
1765664400000,2025-12-13 22:20:00,574.5,575.0,574.5,574.6,579.2,2025-12-13 22:20:00
1765664700000,2025-12-13 22:25:00,574.6,574.9,574.1,574.5,455.0,2025-12-13 22:25:00
1765665000000,2025-12-13 22:30:00,574.6,575.7,574.6,575.7,496.0,2025-12-13 22:30:00
1765665300000,2025-12-13 22:35:00,575.6,576.8,575.6,576.4,1859.0,2025-12-13 22:35:00
1765665600000,2025-12-13 22:40:00,576.5,576.7,575.8,576.0,878.5,2025-12-13 22:40:00
1765665900000,2025-12-13 22:45:00,576.0,576.6,576.0,576.4,891.6,2025-12-13 22:45:00
1765666200000,2025-12-13 22:50:00,576.4,576.5,576.3,576.3,170.0,2025-12-13 22:50:00
1765666500000,2025-12-13 22:55:00,576.3,576.4,575.2,575.7,702.9,2025-12-13 22:55:00
1765666800000,2025-12-13 23:00:00,575.8,576.1,575.0,575.5,2761.5,2025-12-13 23:00:00
1765667100000,2025-12-13 23:05:00,575.5,576.7,575.5,576.3,2048.2,2025-12-13 23:05:00
1765667400000,2025-12-13 23:10:00,576.3,576.8,576.1,576.1,1236.4,2025-12-13 23:10:00
1765667700000,2025-12-13 23:15:00,576.1,576.5,575.9,576.3,1739.2,2025-12-13 23:15:00
1765668000000,2025-12-13 23:20:00,576.3,578.1,576.3,577.9,6188.4,2025-12-13 23:20:00
1765668300000,2025-12-13 23:25:00,577.9,578.0,577.4,577.8,818.2,2025-12-13 23:25:00
1765668600000,2025-12-13 23:30:00,577.8,578.0,577.2,577.4,3346.8,2025-12-13 23:30:00
1765668900000,2025-12-13 23:35:00,577.4,578.7,577.3,578.6,2137.5,2025-12-13 23:35:00
1765669200000,2025-12-13 23:40:00,578.6,581.2,578.6,581.2,10308.1,2025-12-13 23:40:00
1765669500000,2025-12-13 23:45:00,581.2,581.6,579.1,580.4,10164.7,2025-12-13 23:45:00
1765669800000,2025-12-13 23:50:00,580.5,580.9,579.7,579.7,1765.4,2025-12-13 23:50:00
1765670100000,2025-12-13 23:55:00,579.7,579.8,579.1,579.4,800.5,2025-12-13 23:55:00
1765670400000,2025-12-14 00:00:00,579.4,579.5,578.3,578.9,5779.7,2025-12-14 00:00:00
1765670700000,2025-12-14 00:05:00,578.9,579.7,578.8,579.4,3080.7,2025-12-14 00:05:00
1765671000000,2025-12-14 00:10:00,579.3,581.0,579.1,581.0,1932.4,2025-12-14 00:10:00
1765671300000,2025-12-14 00:15:00,581.0,581.0,579.7,580.5,1764.1,2025-12-14 00:15:00
1765671600000,2025-12-14 00:20:00,580.4,580.5,578.0,578.0,1725.5,2025-12-14 00:20:00
1765671900000,2025-12-14 00:25:00,578.0,578.7,577.8,578.4,1963.6,2025-12-14 00:25:00
1765672200000,2025-12-14 00:30:00,578.4,579.4,578.4,579.0,2553.6,2025-12-14 00:30:00
1765672500000,2025-12-14 00:35:00,579.1,579.8,579.0,579.8,1978.3,2025-12-14 00:35:00
1765672800000,2025-12-14 00:40:00,579.7,581.9,579.4,581.1,18489.6,2025-12-14 00:40:00
1765673100000,2025-12-14 00:45:00,581.1,581.2,580.2,580.3,4334.4,2025-12-14 00:45:00
1765673400000,2025-12-14 00:50:00,580.4,581.6,580.3,580.9,3400.9,2025-12-14 00:50:00
1765673700000,2025-12-14 00:55:00,580.9,581.5,580.6,581.0,4391.1,2025-12-14 00:55:00
1765674000000,2025-12-14 01:00:00,581.0,581.2,580.0,580.1,2886.3,2025-12-14 01:00:00
1765674300000,2025-12-14 01:05:00,580.1,580.7,580.0,580.3,1933.4,2025-12-14 01:05:00
1765674600000,2025-12-14 01:10:00,580.3,580.4,579.4,579.7,1147.1,2025-12-14 01:10:00
1765674900000,2025-12-14 01:15:00,579.8,580.3,579.5,579.7,1901.7,2025-12-14 01:15:00
1765675200000,2025-12-14 01:20:00,579.7,579.8,578.8,579.5,2333.5,2025-12-14 01:20:00
1765675500000,2025-12-14 01:25:00,579.5,579.6,579.0,579.3,513.3,2025-12-14 01:25:00
1765675800000,2025-12-14 01:30:00,579.3,579.5,577.2,577.4,17710.9,2025-12-14 01:30:00
1765676100000,2025-12-14 01:35:00,577.4,578.2,577.2,577.5,3630.2,2025-12-14 01:35:00
1765676400000,2025-12-14 01:40:00,577.5,577.7,577.4,577.5,1668.5,2025-12-14 01:40:00
1765676700000,2025-12-14 01:45:00,577.4,578.1,577.4,577.9,2036.0,2025-12-14 01:45:00
1765677000000,2025-12-14 01:50:00,577.8,578.0,576.8,577.6,4002.8,2025-12-14 01:50:00
1765677300000,2025-12-14 01:55:00,577.6,578.1,577.4,577.4,4696.2,2025-12-14 01:55:00
1765677600000,2025-12-14 02:00:00,577.4,578.8,577.4,578.6,2956.9,2025-12-14 02:00:00
1765677900000,2025-12-14 02:05:00,578.6,579.7,578.5,579.3,3468.6,2025-12-14 02:05:00
1765678200000,2025-12-14 02:10:00,579.2,579.2,578.0,578.5,2896.8,2025-12-14 02:10:00
1765678500000,2025-12-14 02:15:00,578.4,581.3,577.7,580.0,9611.8,2025-12-14 02:15:00
1765678800000,2025-12-14 02:20:00,580.0,582.2,579.7,580.5,13015.1,2025-12-14 02:20:00
1765679100000,2025-12-14 02:25:00,580.5,580.9,578.9,578.9,5990.4,2025-12-14 02:25:00
1765679400000,2025-12-14 02:30:00,579.0,580.0,578.8,579.5,4259.4,2025-12-14 02:30:00
1765679700000,2025-12-14 02:35:00,579.4,579.8,579.0,579.6,2811.0,2025-12-14 02:35:00
1765680000000,2025-12-14 02:40:00,579.5,579.5,579.1,579.2,410.6,2025-12-14 02:40:00
1765680300000,2025-12-14 02:45:00,579.2,580.4,579.2,580.3,3188.1,2025-12-14 02:45:00
1765680600000,2025-12-14 02:50:00,580.4,580.4,579.7,579.9,1073.0,2025-12-14 02:50:00
1765680900000,2025-12-14 02:55:00,579.9,580.9,579.9,580.6,2659.7,2025-12-14 02:55:00
1765681200000,2025-12-14 03:00:00,580.7,581.2,579.9,581.0,6072.5,2025-12-14 03:00:00
1765681500000,2025-12-14 03:05:00,581.0,581.3,580.2,580.2,1489.2,2025-12-14 03:05:00
1765681800000,2025-12-14 03:10:00,580.3,581.1,580.2,580.7,397.3,2025-12-14 03:10:00
1765682100000,2025-12-14 03:15:00,580.8,580.9,580.2,580.4,1705.2,2025-12-14 03:15:00
1765682400000,2025-12-14 03:20:00,580.4,580.8,580.3,580.7,588.3,2025-12-14 03:20:00
1765682700000,2025-12-14 03:25:00,580.7,581.5,580.7,581.3,3223.5,2025-12-14 03:25:00
1765683000000,2025-12-14 03:30:00,581.4,581.6,580.1,581.0,3644.6,2025-12-14 03:30:00
1765683300000,2025-12-14 03:35:00,581.0,581.4,580.8,581.3,889.5,2025-12-14 03:35:00
1765683600000,2025-12-14 03:40:00,581.4,581.7,581.3,581.5,1121.4,2025-12-14 03:40:00
1765683900000,2025-12-14 03:45:00,581.6,582.5,581.5,582.3,1885.2,2025-12-14 03:45:00
1765684200000,2025-12-14 03:50:00,582.3,583.3,582.2,582.9,5896.0,2025-12-14 03:50:00
1765684500000,2025-12-14 03:55:00,582.9,583.5,582.7,583.2,6595.3,2025-12-14 03:55:00
1765684800000,2025-12-14 04:00:00,583.2,584.2,583.2,583.9,5565.6,2025-12-14 04:00:00
1765685100000,2025-12-14 04:05:00,583.9,584.4,583.6,584.2,4905.3,2025-12-14 04:05:00
1765685400000,2025-12-14 04:10:00,584.3,584.7,583.4,584.2,7408.8,2025-12-14 04:10:00
1765685700000,2025-12-14 04:15:00,584.3,584.3,581.8,582.8,8055.7,2025-12-14 04:15:00
1765686000000,2025-12-14 04:20:00,582.9,583.5,581.8,581.9,3588.7,2025-12-14 04:20:00
1765686300000,2025-12-14 04:25:00,581.9,582.9,581.8,582.4,4601.9,2025-12-14 04:25:00
1765686600000,2025-12-14 04:30:00,582.3,582.5,579.4,579.5,13854.6,2025-12-14 04:30:00
1765686900000,2025-12-14 04:35:00,579.5,579.9,577.3,577.9,15439.7,2025-12-14 04:35:00
1765687200000,2025-12-14 04:40:00,578.0,579.3,578.0,578.5,9799.2,2025-12-14 04:40:00
1765687500000,2025-12-14 04:45:00,578.5,579.3,577.4,578.3,7612.3,2025-12-14 04:45:00
1765687800000,2025-12-14 04:50:00,578.3,578.8,577.7,578.3,5268.2,2025-12-14 04:50:00
1765688100000,2025-12-14 04:55:00,578.3,578.3,577.7,577.9,2494.1,2025-12-14 04:55:00
1765688400000,2025-12-14 05:00:00,578.0,578.2,577.0,578.2,3602.7,2025-12-14 05:00:00
1765688700000,2025-12-14 05:05:00,578.1,578.7,577.7,578.0,3377.3,2025-12-14 05:05:00
1765689000000,2025-12-14 05:10:00,577.9,578.1,577.6,577.6,1680.0,2025-12-14 05:10:00
1765689300000,2025-12-14 05:15:00,577.6,578.0,577.1,577.2,5560.8,2025-12-14 05:15:00
1765689600000,2025-12-14 05:20:00,577.3,577.4,576.9,577.1,5416.2,2025-12-14 05:20:00
1765689900000,2025-12-14 05:25:00,577.1,577.1,575.8,576.1,6058.7,2025-12-14 05:25:00
1765690200000,2025-12-14 05:30:00,576.2,576.8,575.5,576.5,2536.2,2025-12-14 05:30:00
1765690500000,2025-12-14 05:35:00,576.5,576.5,575.7,576.3,1079.3,2025-12-14 05:35:00
1765690800000,2025-12-14 05:40:00,576.3,577.4,576.2,577.0,2599.9,2025-12-14 05:40:00
1765691100000,2025-12-14 05:45:00,577.0,577.1,576.3,576.9,2257.0,2025-12-14 05:45:00
1765691400000,2025-12-14 05:50:00,576.8,577.1,576.0,577.0,2536.9,2025-12-14 05:50:00
1765691700000,2025-12-14 05:55:00,577.0,579.0,576.9,577.9,6873.4,2025-12-14 05:55:00
1765692000000,2025-12-14 06:00:00,577.9,577.9,577.2,577.8,1303.9,2025-12-14 06:00:00
1765692300000,2025-12-14 06:05:00,577.8,577.9,576.6,576.7,1761.3,2025-12-14 06:05:00
1765692600000,2025-12-14 06:10:00,576.7,577.1,576.5,576.9,1647.2,2025-12-14 06:10:00
1765692900000,2025-12-14 06:15:00,576.9,577.1,575.8,576.1,2216.6,2025-12-14 06:15:00
1765693200000,2025-12-14 06:20:00,576.0,576.3,575.5,576.3,5551.9,2025-12-14 06:20:00
1765693500000,2025-12-14 06:25:00,576.3,576.3,575.8,575.9,853.5,2025-12-14 06:25:00
1765693800000,2025-12-14 06:30:00,575.8,575.9,575.5,575.9,2380.0,2025-12-14 06:30:00
1765694100000,2025-12-14 06:35:00,575.8,576.1,575.7,576.1,984.1,2025-12-14 06:35:00
1765694400000,2025-12-14 06:40:00,576.1,576.8,576.1,576.4,1158.2,2025-12-14 06:40:00
1765694700000,2025-12-14 06:45:00,576.3,576.4,574.4,574.9,5223.7,2025-12-14 06:45:00
1765695000000,2025-12-14 06:50:00,574.8,575.5,574.0,574.5,4495.4,2025-12-14 06:50:00
1765695300000,2025-12-14 06:55:00,574.5,574.8,574.4,574.8,1305.0,2025-12-14 06:55:00
1765695600000,2025-12-14 07:00:00,574.7,575.2,574.3,575.2,2401.9,2025-12-14 07:00:00
1765695900000,2025-12-14 07:05:00,575.2,575.2,574.4,574.6,1144.8,2025-12-14 07:05:00
1765696200000,2025-12-14 07:10:00,574.5,574.9,574.5,574.9,577.8,2025-12-14 07:10:00
1765696500000,2025-12-14 07:15:00,574.8,575.2,574.5,574.7,896.8,2025-12-14 07:15:00
1765696800000,2025-12-14 07:20:00,574.6,575.3,574.5,575.3,1175.3,2025-12-14 07:20:00
1765697100000,2025-12-14 07:25:00,575.2,575.3,575.0,575.1,576.8,2025-12-14 07:25:00
1765697400000,2025-12-14 07:30:00,575.0,575.1,574.7,574.7,761.9,2025-12-14 07:30:00
1765697700000,2025-12-14 07:35:00,574.7,574.9,574.3,574.8,965.6,2025-12-14 07:35:00
1765698000000,2025-12-14 07:40:00,574.8,575.4,574.7,575.4,1832.2,2025-12-14 07:40:00
1765698300000,2025-12-14 07:45:00,575.4,578.3,575.2,577.8,10988.7,2025-12-14 07:45:00
1765698600000,2025-12-14 07:50:00,577.9,577.9,576.8,576.8,1792.9,2025-12-14 07:50:00
1765698900000,2025-12-14 07:55:00,576.8,577.8,576.7,576.7,1771.3,2025-12-14 07:55:00
1765699200000,2025-12-14 08:00:00,576.8,576.8,576.6,576.7,142.9,2025-12-14 08:00:00
